sep=;
time;model_id;model_name;port_name;data
0;1;(19,19);;<0, 0, 0, 0, 0>
0;2;(18,19);;<0, 0, 0, 0, 0>
0;3;(17,19);;<0, 0, 0, 0, 0>
0;4;(15,19);;<0, 0, 0, 0, 0>
0;5;(14,19);;<0, 0, 0, 0, 0>
0;6;(6,19);;<0, 0, 0, 0, 0>
0;7;(5,19);;<0, 0, 0, 0, 0>
0;8;(2,19);;<0, 0, 0, 0, 0>
0;9;(0,19);;<0, 0, 0, 0, 0>
0;10;(19,18);;<0, 0, 0, 0, 0>
0;11;(14,18);;<0, 0, 0, 0, 0>
0;12;(12,18);;<0, 0, 0, 0, 0>
0;13;(11,18);;<0, 0, 0, 0, 0>
0;14;(8,18);;<0, 0, 0, 0, 0>
0;15;(6,18);;<0, 0, 0, 0, 0>
0;16;(4,18);;<0, 0, 0, 0, 0>
0;17;(3,18);;<0, 0, 0, 0, 0>
0;18;(2,18);;<0, 0, 0, 0, 0>
0;19;(18,17);;<0, 0, 0, 0, 0>
0;20;(17,17);;<0, 0, 0, 0, 0>
0;21;(15,17);;<0, 0, 0, 0, 0>
0;22;(14,17);;<0, 0, 0, 0, 0>
0;23;(11,17);;<0, 0, 0, 0, 0>
0;24;(10,17);;<0, 0, 0, 0, 0>
0;25;(7,17);;<0, 0, 0, 0, 0>
0;26;(5,17);;<0, 0, 0, 0, 0>
0;27;(3,17);;<0, 0, 0, 0, 0>
0;28;(2,17);;<0, 0, 0, 0, 0>
0;29;(0,17);;<0, 0, 0, 0, 0>
0;30;(19,16);;<0, 0, 0, 0, 0>
0;31;(18,16);;<0, 0, 0, 0, 0>
0;32;(17,16);;<0, 0, 0, 0, 0>
0;33;(12,16);;<0, 0, 0, 0, 0>
0;34;(7,18);;<0, 0, 0, 0, 0>
0;35;(9,16);;<0, 0, 0, 0, 0>
0;36;(7,16);;<0, 0, 0, 0, 0>
0;37;(5,16);;<0, 0, 0, 0, 0>
0;38;(4,16);;<0, 0, 0, 0, 0>
0;39;(1,16);;<0, 0, 0, 0, 0>
0;40;(0,16);;<0, 0, 0, 0, 0>
0;41;(19,15);;<0, 0, 0, 0, 0>
0;42;(16,15);;<0, 0, 0, 0, 0>
0;43;(14,15);;<0, 0, 0, 0, 0>
0;44;(13,15);;<0, 0, 0, 0, 0>
0;45;(9,15);;<0, 0, 0, 0, 0>
0;46;(6,15);;<0, 0, 0, 0, 0>
0;47;(5,15);;<0, 0, 0, 0, 0>
0;48;(4,15);;<0, 0, 0, 0, 0>
0;49;(2,15);;<0, 0, 0, 0, 0>
0;50;(1,15);;<0, 0, 0, 0, 0>
0;51;(7,15);;<0, 0, 0, 0, 0>
0;52;(14,14);;<0, 0, 0, 0, 0>
0;53;(12,14);;<0, 0, 0, 0, 0>
0;54;(11,14);;<0, 0, 0, 0, 0>
0;55;(10,14);;<0, 0, 0, 0, 0>
0;56;(9,14);;<0, 0, 0, 0, 0>
0;57;(6,14);;<0, 0, 0, 0, 0>
0;58;(5,14);;<0, 0, 0, 0, 0>
0;59;(4,14);;<0, 0, 0, 0, 0>
0;60;(3,14);;<0, 0, 0, 0, 0>
0;61;(8,15);;<0, 0, 0, 0, 0>
0;62;(2,14);;<0, 0, 0, 0, 0>
0;63;(8,17);;<0, 0, 0, 0, 0>
0;64;(18,13);;<0, 0, 0, 0, 0>
0;65;(16,13);;<0, 0, 0, 0, 0>
0;66;(15,13);;<0, 0, 0, 0, 0>
0;67;(14,13);;<0, 0, 0, 0, 0>
0;68;(13,13);;<0, 0, 0, 0, 0>
0;69;(12,13);;<0, 0, 0, 0, 0>
0;70;(11,13);;<0, 0, 0, 0, 0>
0;71;(9,13);;<0, 0, 0, 0, 0>
0;72;(8,13);;<0, 0, 0, 0, 0>
0;73;(7,13);;<0, 0, 0, 0, 0>
0;74;(5,13);;<0, 0, 0, 0, 0>
0;75;(0,15);;<0, 0, 0, 0, 0>
0;76;(4,13);;<0, 0, 0, 0, 0>
0;77;(3,13);;<0, 0, 0, 0, 0>
0;78;(2,13);;<0, 0, 0, 0, 0>
0;79;(1,13);;<0, 0, 0, 0, 0>
0;80;(19,12);;<0, 0, 0, 0, 0>
0;81;(18,12);;<0, 0, 0, 0, 0>
0;82;(17,12);;<0, 0, 0, 0, 0>
0;83;(10,19);;<0, 0, 0, 0, 0>
0;84;(6,6);;<0, 0, 0, 0, 0>
0;85;(12,0);;<0, 0, 0, 0, 0>
0;86;(18,5);;<0, 0, 0, 0, 0>
0;87;(17,5);;<0, 0, 0, 0, 0>
0;88;(19,13);;<0, 0, 0, 0, 0>
0;89;(15,5);;<0, 0, 0, 0, 0>
0;90;(13,12);;<0, 0, 0, 0, 0>
0;91;(10,5);;<0, 0, 0, 0, 0>
0;92;(7,5);;<0, 0, 0, 0, 0>
0;93;(8,16);;<0, 0, 0, 0, 0>
0;94;(5,4);;<0, 0, 0, 0, 0>
0;95;(4,12);;<0, 0, 0, 0, 0>
0;96;(18,14);;<0, 0, 0, 0, 0>
0;97;(1,12);;<0, 0, 0, 0, 0>
0;98;(18,3);;<0, 0, 0, 0, 0>
0;99;(9,10);;<0, 0, 0, 0, 0>
0;100;(2,8);;<0, 0, 0, 0, 0>
0;101;(19,4);;<0, 0, 0, 0, 0>
0;102;(6,4);;<0, 0, 0, 0, 0>
0;103;(18,4);;<0, 0, 0, 0, 0>
0;104;(9,18);;<0, 0, 0, 0, 0>
0;105;(1,18);;<0, 0, 0, 0, 0>
0;106;(10,9);;<0, 0, 0, 0, 0>
0;107;(16,4);;<0, 0, 0, 0, 0>
0;108;(8,2);;<0, 0, 0, 0, 0>
0;109;(16,19);;<0, 0, 0, 0, 0>
0;110;(13,2);;<0, 0, 0, 0, 0>
0;111;(7,4);;<0, 0, 0, 0, 0>
0;112;(6,0);;<0, 0, 0, 0, 0>
0;113;(18,2);;<0, 0, 0, 0, 0>
0;114;(4,4);;<0, 0, 0, 0, 0>
0;115;(0,5);;<0, 0, 0, 0, 0>
0;116;(11,19);;<0, 0, 0, 0, 0>
0;117;(14,7);;<0, 0, 0, 0, 0>
0;118;(3,4);;<0, 0, 0, 0, 0>
0;119;(1,4);;<0, 0, 0, 0, 0>
0;120;(3,12);;<0, 0, 0, 0, 0>
0;121;(16,17);;<0, 0, 0, 0, 0>
0;122;(19,3);;<0, 0, 0, 0, 0>
0;123;(13,6);;<0, 0, 0, 0, 0>
0;124;(1,1);;<0, 0, 0, 0, 0>
0;125;(4,19);;<0, 0, 0, 0, 0>
0;126;(13,3);;<0, 0, 0, 0, 0>
0;127;(17,10);;<0, 0, 0, 0, 0>
0;128;(15,3);;<0, 0, 0, 0, 0>
0;129;(9,3);;<0, 0, 0, 0, 0>
0;130;(6,3);;<0, 0, 0, 0, 0>
0;131;(5,3);;<0, 0, 0, 0, 0>
0;132;(6,5);;<0, 0, 0, 0, 0>
0;133;(16,9);;<0, 0, 0, 0, 0>
0;134;(17,3);;<0, 0, 0, 0, 0>
0;135;(0,10);;<0, 0, 0, 0, 0>
0;136;(16,14);;<0, 0, 0, 0, 0>
0;137;(2,3);;<0, 0, 0, 0, 0>
0;138;(4,5);;<0, 0, 0, 0, 0>
0;139;(13,5);;<0, 0, 0, 0, 0>
0;140;(7,1);;<0, 0, 0, 0, 0>
0;141;(11,3);;<0, 0, 0, 0, 0>
0;142;(1,3);;<0, 0, 0, 0, 0>
0;143;(6,13);;<0, 0, 0, 0, 0>
0;144;(0,3);;<0, 0, 0, 0, 0>
0;145;(0,1);;<0, 0, 0, 0, 0>
0;146;(3,7);;<0, 0, 0, 0, 0>
0;147;(3,3);;<0, 0, 0, 0, 0>
0;148;(0,11);;<0, 0, 0, 0, 0>
0;149;(2,5);;<0, 0, 0, 0, 0>
0;150;(18,9);;<0, 0, 0, 0, 0>
0;151;(19,17);;<0, 0, 0, 0, 0>
0;152;(2,2);;<0, 0, 0, 0, 0>
0;153;(3,8);;<0, 0, 0, 0, 0>
0;154;(15,16);;<0, 0, 0, 0, 0>
0;155;(6,1);;<0, 0, 0, 0, 0>
0;156;(9,9);;<0, 0, 0, 0, 0>
0;157;(12,17);;<0, 0, 0, 0, 0>
0;158;(8,1);;<0, 0, 0, 0, 0>
0;159;(7,2);;<0, 0, 0, 0, 0>
0;160;(11,16);;<0, 0, 0, 0, 0>
0;161;(4,3);;<0, 0, 0, 0, 0>
0;162;(5,1);;<0, 0, 0, 0, 0>
0;163;(15,18);;<0, 0, 0, 0, 0>
0;164;(7,7);;<0, 0, 0, 0, 0>
0;165;(11,7);;<0, 0, 0, 0, 0>
0;166;(12,6);;<0, 0, 0, 0, 0>
0;167;(8,5);;<0, 0, 0, 0, 0>
0;168;(14,16);;<0, 0, 0, 0, 0>
0;169;(6,7);;<0, 0, 0, 0, 0>
0;170;(9,0);;<0, 0, 0, 0, 0>
0;171;(14,3);;<0, 0, 0, 0, 0>
0;172;(17,6);;<0, 0, 0, 0, 0>
0;173;(17,4);;<0, 0, 0, 0, 0>
0;174;(1,17);;<0, 0, 0, 0, 0>
0;175;(2,4);;<0, 0, 0, 0, 0>
0;176;(13,4);;<0, 0, 0, 0, 0>
0;177;(1,6);;<0, 0, 0, 0, 0>
0;178;(16,2);;<0, 0, 0, 0, 0>
0;179;(18,8);;<0, 0, 0, 0, 0>
0;180;(15,4);;<0, 0, 0, 0, 0>
0;181;(1,19);;<0, 0, 0, 0, 0>
0;182;(15,15);;<0, 0, 0, 0, 0>
0;183;(4,1);;<0, 0, 0, 0, 0>
0;184;(10,18);;<0, 0, 0, 0, 0>
0;185;(4,2);;<0, 0, 0, 0, 0>
0;186;(2,1);;<0, 0, 0, 0, 0>
0;187;(1,0);;<0, 0, 0, 0, 0>
0;188;(8,7);;<0, 0, 0, 0, 0>
0;189;(17,0);;<0, 0, 0, 0, 0>
0;190;(16,5);;<0, 0, 0, 0, 0>
0;191;(18,7);;<0, 0, 0, 0, 0>
0;192;(15,0);;<0, 0, 0, 0, 0>
0;193;(16,16);;<0, 0, 0, 0, 0>
0;194;(2,11);;<0, 0, 0, 0, 0>
0;195;(10,13);;<0, 0, 0, 0, 0>
0;196;(9,4);;<0, 0, 0, 0, 0>
0;197;(1,11);;<0, 0, 0, 0, 0>
0;198;(7,11);;<0, 0, 0, 0, 0>
0;199;(3,1);;<0, 0, 0, 0, 0>
0;200;(3,15);;<0, 0, 0, 0, 0>
0;201;(5,2);;<0, 0, 0, 0, 0>
0;202;(17,11);;<0, 0, 0, 0, 0>
0;203;(7,8);;<0, 0, 0, 0, 0>
0;204;(7,0);;<0, 0, 0, 0, 0>
0;205;(19,7);;<0, 0, 0, 0, 0>
0;206;(2,16);;<0, 0, 0, 0, 0>
0;207;(12,3);;<0, 0, 0, 0, 0>
0;208;(9,19);;<0, 0, 0, 0, 0>
0;209;(8,19);;<0, 0, 0, 0, 0>
0;210;(14,8);;<0, 0, 0, 0, 0>
0;211;(12,5);;<0, 0, 0, 0, 0>
0;212;(7,3);;<0, 0, 0, 0, 0>
0;213;(11,15);;<0, 0, 0, 0, 0>
0;214;(13,14);;<0, 0, 0, 0, 0>
0;215;(5,12);;<0, 0, 0, 0, 0>
0;216;(5,0);;<0, 0, 0, 0, 0>
0;217;(1,9);;<0, 0, 0, 0, 0>
0;218;(13,19);;<0, 0, 0, 0, 0>
0;219;(3,16);;<0, 0, 0, 0, 0>
0;220;(0,13);;<0, 0, 0, 0, 0>
0;221;(19,2);;<0, 0, 0, 0, 0>
0;222;(10,0);;<0, 0, 0, 0, 0>
0;223;(18,0);;<0, 0, 0, 0, 0>
0;224;(3,11);;<0, 0, 0, 0, 0>
0;225;(8,0);;<0, 0, 0, 0, 0>
0;226;(14,9);;<0, 0, 0, 0, 0>
0;227;(11,4);;<0, 0, 0, 0, 0>
0;228;(12,9);;<0, 0, 0, 0, 0>
0;229;(9,17);;<0, 0, 0, 0, 0>
0;230;(10,3);;<0, 0, 0, 0, 0>
0;231;(19,1);;<0, 0, 0, 0, 0>
0;232;(18,15);;<0, 0, 0, 0, 0>
0;233;(12,11);;<0, 0, 0, 0, 0>
0;234;(17,13);;<0, 0, 0, 0, 0>
0;235;(14,12);;<0, 0, 0, 0, 0>
0;236;(4,0);;<0, 0, 0, 0, 0>
0;237;(9,5);;<0, 0, 0, 0, 0>
0;238;(3,6);;<0, 0, 0, 0, 0>
0;239;(12,2);;<0, 0, 0, 0, 0>
0;240;(13,0);;<0, 0, 0, 0, 0>
0;241;(11,1);;<0, 0, 0, 0, 0>
0;242;(10,1);;<0, 0, 0, 0, 0>
0;243;(15,6);;<0, 0, 0, 0, 0>
0;244;(11,6);;<0, 0, 0, 0, 0>
0;245;(2,6);;<0, 0, 0, 0, 0>
0;246;(11,11);;<0, 0, 0, 0, 0>
0;247;(15,11);;<0, 0, 0, 0, 0>
0;248;(16,0);;<0, 0, 0, 0, 0>
0;249;(14,0);;<0, 0, 0, 0, 0>
0;250;(12,1);;<0, 0, 0, 0, 0>
0;251;(6,16);;<0, 0, 0, 0, 0>
0;252;(17,1);;<0, 0, 0, 0, 0>
0;253;(16,1);;<0, 0, 0, 0, 0>
0;254;(15,1);;<0, 0, 0, 0, 0>
0;255;(18,1);;<0, 0, 0, 0, 0>
0;256;(2,7);;<0, 0, 0, 0, 0>
0;257;(9,2);;<0, 0, 0, 0, 0>
0;258;(11,0);;<0, 0, 0, 0, 0>
0;259;(0,0);;<0, 0, 0, 0, 0>
0;260;(1,2);;<0, 0, 0, 0, 0>
0;261;(0,14);;<0, 0, 0, 0, 0>
0;262;(13,9);;<0, 0, 0, 0, 0>
0;263;(14,10);;<0, 0, 0, 0, 0>
0;264;(3,0);;<0, 0, 0, 0, 0>
0;265;(3,5);;<0, 0, 0, 0, 0>
0;266;(0,2);;<0, 0, 0, 0, 0>
0;267;(3,2);;<0, 0, 0, 0, 0>
0;268;(4,17);;<0, 0, 0, 0, 0>
0;269;(12,15);;<0, 0, 0, 0, 0>
0;270;(6,2);;<0, 0, 0, 0, 0>
0;271;(10,16);;<0, 0, 0, 0, 0>
0;272;(14,5);;<0, 0, 0, 0, 0>
0;273;(2,0);;<0, 0, 0, 0, 0>
0;274;(19,5);;<0, 0, 0, 0, 0>
0;275;(14,1);;<0, 0, 0, 0, 0>
0;276;(13,18);;<0, 0, 0, 0, 0>
0;277;(7,14);;<0, 0, 0, 0, 0>
0;278;(16,7);;<0, 0, 0, 0, 0>
0;279;(8,8);;<0, 0, 0, 0, 0>
0;280;(10,2);;<0, 0, 0, 0, 0>
0;281;(11,2);;<0, 0, 0, 0, 0>
0;282;(6,17);;<0, 0, 0, 0, 0>
0;283;(19,14);;<0, 0, 0, 0, 0>
0;284;(14,4);;<0, 0, 0, 0, 0>
0;285;(14,2);;<0, 0, 0, 0, 0>
0;286;(13,8);;<0, 0, 0, 0, 0>
0;287;(0,18);;<0, 0, 0, 0, 0>
0;288;(9,1);;<0, 0, 0, 0, 0>
0;289;(0,12);;<0, 0, 0, 0, 0>
0;290;(19,10);;<0, 0, 0, 0, 0>
0;291;(7,19);;<0, 0, 0, 0, 0>
0;292;(7,6);;<0, 0, 0, 0, 0>
0;293;(8,9);;<0, 0, 0, 0, 0>
0;294;(10,11);;<0, 0, 0, 0, 0>
0;295;(8,6);;<0, 0, 0, 0, 0>
0;296;(10,15);;<0, 0, 0, 0, 0>
0;297;(9,6);;<0, 0, 0, 0, 0>
0;298;(17,18);;<0, 0, 0, 0, 0>
0;299;(19,0);;<0, 0, 0, 0, 0>
0;300;(10,6);;<0, 0, 0, 0, 0>
0;301;(14,6);;<0, 0, 0, 0, 0>
0;302;(8,12);;<0, 0, 0, 0, 0>
0;303;(16,6);;<0, 0, 0, 0, 0>
0;304;(18,6);;<0, 0, 0, 0, 0>
0;305;(17,2);;<0, 0, 0, 0, 0>
0;306;(0,7);;<0, 0, 0, 0, 0>
0;307;(15,8);;<0, 0, 0, 0, 0>
0;308;(1,7);;<0, 0, 0, 0, 0>
0;309;(4,7);;<0, 0, 0, 0, 0>
0;310;(8,14);;<0, 0, 0, 0, 0>
0;311;(5,7);;<0, 0, 0, 0, 0>
0;312;(12,4);;<0, 0, 0, 0, 0>
0;313;(9,7);;<0, 0, 0, 0, 0>
0;314;(10,7);;<0, 0, 0, 0, 0>
0;315;(12,7);;<0, 0, 0, 0, 0>
0;316;(13,7);;<0, 0, 0, 0, 0>
0;317;(13,16);;<0, 0, 0, 0, 0>
0;318;(15,7);;<0, 0, 0, 0, 0>
0;319;(17,14);;<0, 0, 0, 0, 0>
0;320;(17,7);;<0, 0, 0, 0, 0>
0;321;(1,8);;<0, 0, 0, 0, 0>
0;322;(9,8);;<0, 0, 0, 0, 0>
0;323;(10,4);;<0, 0, 0, 0, 0>
0;324;(0,8);;<0, 0, 0, 0, 0>
0;325;(3,19);;<0, 0, 0, 0, 0>
0;326;(4,8);;<0, 0, 0, 0, 0>
0;327;(5,8);;<0, 0, 0, 0, 0>
0;328;(5,5);;<0, 0, 0, 0, 0>
0;329;(8,3);;<0, 0, 0, 0, 0>
0;330;(6,8);;<0, 0, 0, 0, 0>
0;331;(0,6);;<0, 0, 0, 0, 0>
0;332;(19,6);;<0, 0, 0, 0, 0>
0;333;(10,8);;<0, 0, 0, 0, 0>
0;334;(16,18);;<0, 0, 0, 0, 0>
0;335;(6,9);;<0, 0, 0, 0, 0>
0;336;(11,8);;<0, 0, 0, 0, 0>
0;337;(12,8);;<0, 0, 0, 0, 0>
0;338;(17,15);;<0, 0, 0, 0, 0>
0;339;(17,8);;<0, 0, 0, 0, 0>
0;340;(11,10);;<0, 0, 0, 0, 0>
0;341;(16,3);;<0, 0, 0, 0, 0>
0;342;(11,9);;<0, 0, 0, 0, 0>
0;343;(19,8);;<0, 0, 0, 0, 0>
0;344;(6,12);;<0, 0, 0, 0, 0>
0;345;(15,2);;<0, 0, 0, 0, 0>
0;346;(4,11);;<0, 0, 0, 0, 0>
0;347;(0,9);;<0, 0, 0, 0, 0>
0;348;(8,11);;<0, 0, 0, 0, 0>
0;349;(2,9);;<0, 0, 0, 0, 0>
0;350;(3,9);;<0, 0, 0, 0, 0>
0;351;(4,9);;<0, 0, 0, 0, 0>
0;352;(5,9);;<0, 0, 0, 0, 0>
0;353;(4,10);;<0, 0, 0, 0, 0>
0;354;(8,4);;<0, 0, 0, 0, 0>
0;355;(7,9);;<0, 0, 0, 0, 0>
0;356;(5,18);;<0, 0, 0, 0, 0>
0;357;(15,9);;<0, 0, 0, 0, 0>
0;358;(17,9);;<0, 0, 0, 0, 0>
0;359;(19,9);;<0, 0, 0, 0, 0>
0;360;(1,10);;<0, 0, 0, 0, 0>
0;361;(13,17);;<0, 0, 0, 0, 0>
0;362;(1,14);;<0, 0, 0, 0, 0>
0;363;(2,10);;<0, 0, 0, 0, 0>
0;364;(3,10);;<0, 0, 0, 0, 0>
0;365;(5,10);;<0, 0, 0, 0, 0>
0;366;(6,10);;<0, 0, 0, 0, 0>
0;367;(19,11);;<0, 0, 0, 0, 0>
0;368;(15,14);;<0, 0, 0, 0, 0>
0;369;(7,10);;<0, 0, 0, 0, 0>
0;370;(8,10);;<0, 0, 0, 0, 0>
0;371;(9,11);;<0, 0, 0, 0, 0>
0;372;(10,10);;<0, 0, 0, 0, 0>
0;373;(12,10);;<0, 0, 0, 0, 0>
0;374;(16,12);;<0, 0, 0, 0, 0>
0;375;(13,10);;<0, 0, 0, 0, 0>
0;376;(7,12);;<0, 0, 0, 0, 0>
0;377;(18,18);;<0, 0, 0, 0, 0>
0;378;(15,10);;<0, 0, 0, 0, 0>
0;379;(16,10);;<0, 0, 0, 0, 0>
0;380;(0,4);;<0, 0, 0, 0, 0>
0;381;(2,12);;<0, 0, 0, 0, 0>
0;382;(12,19);;<0, 0, 0, 0, 0>
0;383;(18,10);;<0, 0, 0, 0, 0>
0;384;(9,12);;<0, 0, 0, 0, 0>
0;385;(5,11);;<0, 0, 0, 0, 0>
0;386;(16,11);;<0, 0, 0, 0, 0>
0;387;(11,5);;<0, 0, 0, 0, 0>
0;388;(4,6);;<0, 0, 0, 0, 0>
0;389;(6,11);;<0, 0, 0, 0, 0>
0;390;(1,5);;<0, 0, 0, 0, 0>
0;391;(5,6);;<0, 0, 0, 0, 0>
0;392;(14,11);;<0, 0, 0, 0, 0>
0;393;(18,11);;<0, 0, 0, 0, 0>
0;394;(13,1);;<0, 0, 0, 0, 0>
0;395;(16,8);;<0, 0, 0, 0, 0>
0;396;(10,12);;<0, 0, 0, 0, 0>
0;397;(13,11);;<0, 0, 0, 0, 0>
0;398;(11,12);;<0, 0, 0, 0, 0>
0;399;(12,12);;<0, 0, 0, 0, 0>
0;400;(15,12);;<0, 0, 0, 0, 0>
0;1;(19,19);outputNeighborhood;<0, 0, 0, 0, 0>
0;1;(19,19);;<0, 0, 0, 0, 0>
0;2;(18,19);outputNeighborhood;<0, 0, 0, 0, 0>
0;2;(18,19);;<0, 0, 0, 0, 0>
0;3;(17,19);outputNeighborhood;<0, 0, 0, 0, 0>
0;3;(17,19);;<0, 0, 0, 0, 0>
0;4;(15,19);outputNeighborhood;<0, 0, 0, 0, 0>
0;4;(15,19);;<0, 0, 0, 0, 0>
0;5;(14,19);outputNeighborhood;<0, 0, 0, 0, 0>
0;5;(14,19);;<0, 0, 0, 0, 0>
0;6;(6,19);outputNeighborhood;<0, 0, 0, 0, 0>
0;6;(6,19);;<0, 0, 0, 0, 0>
0;7;(5,19);outputNeighborhood;<0, 0, 0, 0, 0>
0;7;(5,19);;<0, 0, 0, 0, 0>
0;8;(2,19);outputNeighborhood;<0, 0, 0, 0, 0>
0;8;(2,19);;<0, 0, 0, 0, 0>
0;9;(0,19);outputNeighborhood;<0, 0, 0, 0, 0>
0;9;(0,19);;<0, 0, 0, 0, 0>
0;10;(19,18);outputNeighborhood;<0, 0, 0, 0, 0>
0;10;(19,18);;<0, 0, 0, 0, 0>
0;11;(14,18);outputNeighborhood;<0, 0, 0, 0, 0>
0;11;(14,18);;<0, 0, 0, 0, 0>
0;12;(12,18);outputNeighborhood;<0, 0, 0, 0, 0>
0;12;(12,18);;<1, 0, 0, 0, 1>
0;13;(11,18);outputNeighborhood;<0, 0, 0, 0, 0>
0;13;(11,18);;<0, 0, 0, 0, 0>
0;14;(8,18);outputNeighborhood;<0, 0, 0, 0, 0>
0;14;(8,18);;<0, 0, 0, 0, 0>
0;15;(6,18);outputNeighborhood;<0, 0, 0, 0, 0>
0;15;(6,18);;<0, 0, 0, 0, 0>
0;16;(4,18);outputNeighborhood;<0, 0, 0, 0, 0>
0;16;(4,18);;<0, 0, 0, 0, 0>
0;17;(3,18);outputNeighborhood;<0, 0, 0, 0, 0>
0;17;(3,18);;<0, 0, 0, 0, 0>
0;18;(2,18);outputNeighborhood;<0, 0, 0, 0, 0>
0;18;(2,18);;<0, 0, 0, 0, 0>
0;19;(18,17);outputNeighborhood;<0, 0, 0, 0, 0>
0;19;(18,17);;<0, 0, 0, 0, 0>
0;20;(17,17);outputNeighborhood;<0, 0, 0, 0, 0>
0;20;(17,17);;<0, 0, 0, 0, 0>
0;21;(15,17);outputNeighborhood;<0, 0, 0, 0, 0>
0;21;(15,17);;<0, 0, 0, 0, 0>
0;22;(14,17);outputNeighborhood;<0, 0, 0, 0, 0>
0;22;(14,17);;<0, 0, 0, 0, 0>
0;23;(11,17);outputNeighborhood;<0, 0, 0, 0, 0>
0;23;(11,17);;<0, 0, 0, 0, 0>
0;24;(10,17);outputNeighborhood;<0, 0, 0, 0, 0>
0;24;(10,17);;<1, 0, 0, 0, 1>
0;25;(7,17);outputNeighborhood;<0, 0, 0, 0, 0>
0;25;(7,17);;<0, 0, 0, 0, 0>
0;26;(5,17);outputNeighborhood;<0, 0, 0, 0, 0>
0;26;(5,17);;<0, 0, 0, 0, 0>
0;27;(3,17);outputNeighborhood;<0, 0, 0, 0, 0>
0;27;(3,17);;<1, 0, 0, 0, 1>
0;28;(2,17);outputNeighborhood;<0, 0, 0, 0, 0>
0;28;(2,17);;<0, 0, 0, 0, 0>
0;29;(0,17);outputNeighborhood;<0, 0, 0, 0, 0>
0;29;(0,17);;<0, 0, 0, 0, 0>
0;30;(19,16);outputNeighborhood;<0, 0, 0, 0, 0>
0;30;(19,16);;<0, 0, 0, 0, 0>
0;31;(18,16);outputNeighborhood;<0, 0, 0, 0, 0>
0;31;(18,16);;<0, 0, 0, 0, 0>
0;32;(17,16);outputNeighborhood;<0, 0, 0, 0, 0>
0;32;(17,16);;<0, 0, 0, 0, 0>
0;33;(12,16);outputNeighborhood;<0, 0, 0, 0, 0>
0;33;(12,16);;<0, 0, 0, 0, 0>
0;34;(7,18);outputNeighborhood;<0, 0, 0, 0, 0>
0;34;(7,18);;<0, 0, 0, 0, 0>
0;35;(9,16);outputNeighborhood;<0, 0, 0, 0, 0>
0;35;(9,16);;<0, 0, 0, 0, 0>
0;36;(7,16);outputNeighborhood;<0, 0, 0, 0, 0>
0;36;(7,16);;<0, 0, 0, 0, 0>
0;37;(5,16);outputNeighborhood;<0, 0, 0, 0, 0>
0;37;(5,16);;<0, 0, 0, 0, 0>
0;38;(4,16);outputNeighborhood;<0, 0, 0, 0, 0>
0;38;(4,16);;<0, 0, 0, 0, 0>
0;39;(1,16);outputNeighborhood;<0, 0, 0, 0, 0>
0;39;(1,16);;<0, 0, 0, 0, 0>
0;40;(0,16);outputNeighborhood;<0, 0, 0, 0, 0>
0;40;(0,16);;<0, 0, 0, 0, 0>
0;41;(19,15);outputNeighborhood;<0, 0, 0, 0, 0>
0;41;(19,15);;<0, 0, 0, 0, 0>
0;42;(16,15);outputNeighborhood;<0, 0, 0, 0, 0>
0;42;(16,15);;<0, 0, 0, 0, 0>
0;43;(14,15);outputNeighborhood;<0, 0, 0, 0, 0>
0;43;(14,15);;<0, 0, 0, 0, 0>
0;44;(13,15);outputNeighborhood;<0, 0, 0, 0, 0>
0;44;(13,15);;<0, 0, 0, 0, 0>
0;45;(9,15);outputNeighborhood;<0, 0, 0, 0, 0>
0;45;(9,15);;<0, 0, 0, 0, 0>
0;46;(6,15);outputNeighborhood;<0, 0, 0, 0, 0>
0;46;(6,15);;<0, 0, 0, 0, 0>
0;47;(5,15);outputNeighborhood;<0, 0, 0, 0, 0>
0;47;(5,15);;<0, 0, 0, 0, 0>
0;48;(4,15);outputNeighborhood;<0, 0, 0, 0, 0>
0;48;(4,15);;<0, 0, 0, 0, 0>
0;49;(2,15);outputNeighborhood;<0, 0, 0, 0, 0>
0;49;(2,15);;<0, 0, 0, 0, 0>
0;50;(1,15);outputNeighborhood;<0, 0, 0, 0, 0>
0;50;(1,15);;<0, 0, 0, 0, 0>
0;51;(7,15);outputNeighborhood;<0, 0, 0, 0, 0>
0;51;(7,15);;<0, 0, 0, 0, 0>
0;52;(14,14);outputNeighborhood;<0, 0, 0, 0, 0>
0;52;(14,14);;<0, 0, 0, 0, 0>
0;53;(12,14);outputNeighborhood;<0, 0, 0, 0, 0>
0;53;(12,14);;<0, 0, 0, 0, 0>
0;54;(11,14);outputNeighborhood;<0, 0, 0, 0, 0>
0;54;(11,14);;<0, 0, 0, 0, 0>
0;55;(10,14);outputNeighborhood;<0, 0, 0, 0, 0>
0;55;(10,14);;<0, 0, 0, 0, 0>
0;56;(9,14);outputNeighborhood;<0, 0, 0, 0, 0>
0;56;(9,14);;<0, 0, 0, 0, 0>
0;57;(6,14);outputNeighborhood;<0, 0, 0, 0, 0>
0;57;(6,14);;<0, 0, 0, 0, 0>
0;58;(5,14);outputNeighborhood;<0, 0, 0, 0, 0>
0;58;(5,14);;<0, 0, 0, 0, 0>
0;59;(4,14);outputNeighborhood;<0, 0, 0, 0, 0>
0;59;(4,14);;<0, 0, 0, 0, 0>
0;60;(3,14);outputNeighborhood;<0, 0, 0, 0, 0>
0;60;(3,14);;<0, 0, 0, 0, 0>
0;61;(8,15);outputNeighborhood;<0, 0, 0, 0, 0>
0;61;(8,15);;<0, 0, 0, 0, 0>
0;62;(2,14);outputNeighborhood;<0, 0, 0, 0, 0>
0;62;(2,14);;<0, 0, 0, 0, 0>
0;63;(8,17);outputNeighborhood;<0, 0, 0, 0, 0>
0;63;(8,17);;<0, 0, 0, 0, 0>
0;64;(18,13);outputNeighborhood;<0, 0, 0, 0, 0>
0;64;(18,13);;<0, 0, 0, 0, 0>
0;65;(16,13);outputNeighborhood;<0, 0, 0, 0, 0>
0;65;(16,13);;<0, 0, 0, 0, 0>
0;66;(15,13);outputNeighborhood;<0, 0, 0, 0, 0>
0;66;(15,13);;<0, 0, 0, 0, 0>
0;67;(14,13);outputNeighborhood;<0, 0, 0, 0, 0>
0;67;(14,13);;<1, 0, 0, 0, 1>
0;68;(13,13);outputNeighborhood;<0, 0, 0, 0, 0>
0;68;(13,13);;<0, 0, 0, 0, 0>
0;69;(12,13);outputNeighborhood;<0, 0, 0, 0, 0>
0;69;(12,13);;<0, 0, 0, 0, 0>
0;70;(11,13);outputNeighborhood;<0, 0, 0, 0, 0>
0;70;(11,13);;<0, 0, 0, 0, 0>
0;71;(9,13);outputNeighborhood;<0, 0, 0, 0, 0>
0;71;(9,13);;<0, 0, 0, 0, 0>
0;72;(8,13);outputNeighborhood;<0, 0, 0, 0, 0>
0;72;(8,13);;<0, 0, 0, 0, 0>
0;73;(7,13);outputNeighborhood;<0, 0, 0, 0, 0>
0;73;(7,13);;<0, 0, 0, 0, 0>
0;74;(5,13);outputNeighborhood;<0, 0, 0, 0, 0>
0;74;(5,13);;<0, 0, 0, 0, 0>
0;75;(0,15);outputNeighborhood;<0, 0, 0, 0, 0>
0;75;(0,15);;<0, 0, 0, 0, 0>
0;76;(4,13);outputNeighborhood;<0, 0, 0, 0, 0>
0;76;(4,13);;<0, 0, 0, 0, 0>
0;77;(3,13);outputNeighborhood;<0, 0, 0, 0, 0>
0;77;(3,13);;<0, 0, 0, 0, 0>
0;78;(2,13);outputNeighborhood;<0, 0, 0, 0, 0>
0;78;(2,13);;<0, 0, 0, 0, 0>
0;79;(1,13);outputNeighborhood;<0, 0, 0, 0, 0>
0;79;(1,13);;<0, 0, 0, 0, 0>
0;80;(19,12);outputNeighborhood;<0, 0, 0, 0, 0>
0;80;(19,12);;<0, 0, 0, 0, 0>
0;81;(18,12);outputNeighborhood;<0, 0, 0, 0, 0>
0;81;(18,12);;<1, 0, 0, 0, 1>
0;82;(17,12);outputNeighborhood;<0, 0, 0, 0, 0>
0;82;(17,12);;<0, 0, 0, 0, 0>
0;83;(10,19);outputNeighborhood;<0, 0, 0, 0, 0>
0;83;(10,19);;<0, 0, 0, 0, 0>
0;84;(6,6);outputNeighborhood;<0, 0, 0, 0, 0>
0;84;(6,6);;<0, 0, 0, 0, 0>
0;85;(12,0);outputNeighborhood;<0, 0, 0, 0, 0>
0;85;(12,0);;<0, 0, 0, 0, 0>
0;86;(18,5);outputNeighborhood;<0, 0, 0, 0, 0>
0;86;(18,5);;<0, 0, 0, 0, 0>
0;87;(17,5);outputNeighborhood;<0, 0, 0, 0, 0>
0;87;(17,5);;<0, 0, 0, 0, 0>
0;88;(19,13);outputNeighborhood;<0, 0, 0, 0, 0>
0;88;(19,13);;<0, 0, 0, 0, 0>
0;89;(15,5);outputNeighborhood;<0, 0, 0, 0, 0>
0;89;(15,5);;<0, 0, 0, 0, 0>
0;90;(13,12);outputNeighborhood;<0, 0, 0, 0, 0>
0;90;(13,12);;<0, 0, 0, 0, 0>
0;91;(10,5);outputNeighborhood;<0, 0, 0, 0, 0>
0;91;(10,5);;<0, 0, 0, 0, 0>
0;92;(7,5);outputNeighborhood;<0, 0, 0, 0, 0>
0;92;(7,5);;<0, 0, 0, 0, 0>
0;93;(8,16);outputNeighborhood;<0, 0, 0, 0, 0>
0;93;(8,16);;<0, 0, 0, 0, 0>
0;94;(5,4);outputNeighborhood;<0, 0, 0, 0, 0>
0;94;(5,4);;<0, 0, 0, 0, 0>
0;95;(4,12);outputNeighborhood;<0, 0, 0, 0, 0>
0;95;(4,12);;<0, 0, 0, 0, 0>
0;96;(18,14);outputNeighborhood;<0, 0, 0, 0, 0>
0;96;(18,14);;<0, 0, 0, 0, 0>
0;97;(1,12);outputNeighborhood;<0, 0, 0, 0, 0>
0;97;(1,12);;<0, 0, 0, 0, 0>
0;98;(18,3);outputNeighborhood;<0, 0, 0, 0, 0>
0;98;(18,3);;<0, 0, 0, 0, 0>
0;99;(9,10);outputNeighborhood;<0, 0, 0, 0, 0>
0;99;(9,10);;<0, 0, 0, 0, 0>
0;100;(2,8);outputNeighborhood;<0, 0, 0, 0, 0>
0;100;(2,8);;<0, 0, 0, 0, 0>
0;101;(19,4);outputNeighborhood;<0, 0, 0, 0, 0>
0;101;(19,4);;<1, 0, 0, 0, 1>
0;102;(6,4);outputNeighborhood;<0, 0, 0, 0, 0>
0;102;(6,4);;<0, 0, 0, 0, 0>
0;103;(18,4);outputNeighborhood;<0, 0, 0, 0, 0>
0;103;(18,4);;<0, 0, 0, 0, 0>
0;104;(9,18);outputNeighborhood;<0, 0, 0, 0, 0>
0;104;(9,18);;<0, 0, 0, 0, 0>
0;105;(1,18);outputNeighborhood;<0, 0, 0, 0, 0>
0;105;(1,18);;<0, 0, 0, 0, 0>
0;106;(10,9);outputNeighborhood;<0, 0, 0, 0, 0>
0;106;(10,9);;<0, 0, 0, 0, 0>
0;107;(16,4);outputNeighborhood;<0, 0, 0, 0, 0>
0;107;(16,4);;<0, 0, 0, 0, 0>
0;108;(8,2);outputNeighborhood;<0, 0, 0, 0, 0>
0;108;(8,2);;<0, 0, 0, 0, 0>
0;109;(16,19);outputNeighborhood;<0, 0, 0, 0, 0>
0;109;(16,19);;<0, 0, 0, 0, 0>
0;110;(13,2);outputNeighborhood;<0, 0, 0, 0, 0>
0;110;(13,2);;<0, 0, 0, 0, 0>
0;111;(7,4);outputNeighborhood;<0, 0, 0, 0, 0>
0;111;(7,4);;<0, 0, 0, 0, 0>
0;112;(6,0);outputNeighborhood;<0, 0, 0, 0, 0>
0;112;(6,0);;<0, 0, 0, 0, 0>
0;113;(18,2);outputNeighborhood;<0, 0, 0, 0, 0>
0;113;(18,2);;<0, 0, 0, 0, 0>
0;114;(4,4);outputNeighborhood;<0, 0, 0, 0, 0>
0;114;(4,4);;<0, 0, 0, 0, 0>
0;115;(0,5);outputNeighborhood;<0, 0, 0, 0, 0>
0;115;(0,5);;<0, 0, 0, 0, 0>
0;116;(11,19);outputNeighborhood;<0, 0, 0, 0, 0>
0;116;(11,19);;<0, 0, 0, 0, 0>
0;117;(14,7);outputNeighborhood;<0, 0, 0, 0, 0>
0;117;(14,7);;<0, 0, 0, 0, 0>
0;118;(3,4);outputNeighborhood;<0, 0, 0, 0, 0>
0;118;(3,4);;<0, 0, 0, 0, 0>
0;119;(1,4);outputNeighborhood;<0, 0, 0, 0, 0>
0;119;(1,4);;<0, 0, 0, 0, 0>
0;120;(3,12);outputNeighborhood;<0, 0, 0, 0, 0>
0;120;(3,12);;<0, 0, 0, 0, 0>
0;121;(16,17);outputNeighborhood;<0, 0, 0, 0, 0>
0;121;(16,17);;<0, 0, 0, 0, 0>
0;122;(19,3);outputNeighborhood;<0, 0, 0, 0, 0>
0;122;(19,3);;<0, 0, 0, 0, 0>
0;123;(13,6);outputNeighborhood;<0, 0, 0, 0, 0>
0;123;(13,6);;<0, 0, 0, 0, 0>
0;124;(1,1);outputNeighborhood;<0, 0, 0, 0, 0>
0;124;(1,1);;<0, 0, 0, 0, 0>
0;125;(4,19);outputNeighborhood;<0, 0, 0, 0, 0>
0;125;(4,19);;<0, 0, 0, 0, 0>
0;126;(13,3);outputNeighborhood;<0, 0, 0, 0, 0>
0;126;(13,3);;<0, 0, 0, 0, 0>
0;127;(17,10);outputNeighborhood;<0, 0, 0, 0, 0>
0;127;(17,10);;<0, 0, 0, 0, 0>
0;128;(15,3);outputNeighborhood;<0, 0, 0, 0, 0>
0;128;(15,3);;<0, 0, 0, 0, 0>
0;129;(9,3);outputNeighborhood;<0, 0, 0, 0, 0>
0;129;(9,3);;<0, 0, 0, 0, 0>
0;130;(6,3);outputNeighborhood;<0, 0, 0, 0, 0>
0;130;(6,3);;<0, 0, 0, 0, 0>
0;131;(5,3);outputNeighborhood;<0, 0, 0, 0, 0>
0;131;(5,3);;<0, 0, 0, 0, 0>
0;132;(6,5);outputNeighborhood;<0, 0, 0, 0, 0>
0;132;(6,5);;<0, 0, 0, 0, 0>
0;133;(16,9);outputNeighborhood;<0, 0, 0, 0, 0>
0;133;(16,9);;<1, 0, 0, 0, 1>
0;134;(17,3);outputNeighborhood;<0, 0, 0, 0, 0>
0;134;(17,3);;<0, 0, 0, 0, 0>
0;135;(0,10);outputNeighborhood;<0, 0, 0, 0, 0>
0;135;(0,10);;<0, 0, 0, 0, 0>
0;136;(16,14);outputNeighborhood;<0, 0, 0, 0, 0>
0;136;(16,14);;<0, 0, 0, 0, 0>
0;137;(2,3);outputNeighborhood;<0, 0, 0, 0, 0>
0;137;(2,3);;<0, 0, 0, 0, 0>
0;138;(4,5);outputNeighborhood;<0, 0, 0, 0, 0>
0;138;(4,5);;<0, 0, 0, 0, 0>
0;139;(13,5);outputNeighborhood;<0, 0, 0, 0, 0>
0;139;(13,5);;<0, 0, 0, 0, 0>
0;140;(7,1);outputNeighborhood;<0, 0, 0, 0, 0>
0;140;(7,1);;<0, 0, 0, 0, 0>
0;141;(11,3);outputNeighborhood;<0, 0, 0, 0, 0>
0;141;(11,3);;<0, 0, 0, 0, 0>
0;142;(1,3);outputNeighborhood;<0, 0, 0, 0, 0>
0;142;(1,3);;<0, 0, 0, 0, 0>
0;143;(6,13);outputNeighborhood;<0, 0, 0, 0, 0>
0;143;(6,13);;<0, 0, 0, 0, 0>
0;144;(0,3);outputNeighborhood;<0, 0, 0, 0, 0>
0;144;(0,3);;<0, 0, 0, 0, 0>
0;145;(0,1);outputNeighborhood;<0, 0, 0, 0, 0>
0;145;(0,1);;<0, 0, 0, 0, 0>
0;146;(3,7);outputNeighborhood;<0, 0, 0, 0, 0>
0;146;(3,7);;<0, 0, 0, 0, 0>
0;147;(3,3);outputNeighborhood;<0, 0, 0, 0, 0>
0;147;(3,3);;<0, 0, 0, 0, 0>
0;148;(0,11);outputNeighborhood;<0, 0, 0, 0, 0>
0;148;(0,11);;<0, 0, 0, 0, 0>
0;149;(2,5);outputNeighborhood;<0, 0, 0, 0, 0>
0;149;(2,5);;<0, 0, 0, 0, 0>
0;150;(18,9);outputNeighborhood;<0, 0, 0, 0, 0>
0;150;(18,9);;<0, 0, 0, 0, 0>
0;151;(19,17);outputNeighborhood;<0, 0, 0, 0, 0>
0;151;(19,17);;<0, 0, 0, 0, 0>
0;152;(2,2);outputNeighborhood;<0, 0, 0, 0, 0>
0;152;(2,2);;<0, 0, 0, 0, 0>
0;153;(3,8);outputNeighborhood;<0, 0, 0, 0, 0>
0;153;(3,8);;<0, 0, 0, 0, 0>
0;154;(15,16);outputNeighborhood;<0, 0, 0, 0, 0>
0;154;(15,16);;<0, 0, 0, 0, 0>
0;155;(6,1);outputNeighborhood;<0, 0, 0, 0, 0>
0;155;(6,1);;<0, 0, 0, 0, 0>
0;156;(9,9);outputNeighborhood;<0, 0, 0, 0, 0>
0;156;(9,9);;<0, 0, 0, 0, 0>
0;157;(12,17);outputNeighborhood;<0, 0, 0, 0, 0>
0;157;(12,17);;<0, 0, 0, 0, 0>
0;158;(8,1);outputNeighborhood;<0, 0, 0, 0, 0>
0;158;(8,1);;<0, 0, 0, 0, 0>
0;159;(7,2);outputNeighborhood;<0, 0, 0, 0, 0>
0;159;(7,2);;<0, 0, 0, 0, 0>
0;160;(11,16);outputNeighborhood;<0, 0, 0, 0, 0>
0;160;(11,16);;<0, 0, 0, 0, 0>
0;161;(4,3);outputNeighborhood;<0, 0, 0, 0, 0>
0;161;(4,3);;<0, 0, 0, 0, 0>
0;162;(5,1);outputNeighborhood;<0, 0, 0, 0, 0>
0;162;(5,1);;<0, 0, 0, 0, 0>
0;163;(15,18);outputNeighborhood;<0, 0, 0, 0, 0>
0;163;(15,18);;<0, 0, 0, 0, 0>
0;164;(7,7);outputNeighborhood;<0, 0, 0, 0, 0>
0;164;(7,7);;<0, 0, 0, 0, 0>
0;165;(11,7);outputNeighborhood;<0, 0, 0, 0, 0>
0;165;(11,7);;<0, 0, 0, 0, 0>
0;166;(12,6);outputNeighborhood;<0, 0, 0, 0, 0>
0;166;(12,6);;<0, 0, 0, 0, 0>
0;167;(8,5);outputNeighborhood;<0, 0, 0, 0, 0>
0;167;(8,5);;<0, 0, 0, 0, 0>
0;168;(14,16);outputNeighborhood;<0, 0, 0, 0, 0>
0;168;(14,16);;<0, 0, 0, 0, 0>
0;169;(6,7);outputNeighborhood;<0, 0, 0, 0, 0>
0;169;(6,7);;<0, 0, 0, 0, 0>
0;170;(9,0);outputNeighborhood;<0, 0, 0, 0, 0>
0;170;(9,0);;<0, 0, 0, 0, 0>
0;171;(14,3);outputNeighborhood;<0, 0, 0, 0, 0>
0;171;(14,3);;<0, 0, 0, 0, 0>
0;172;(17,6);outputNeighborhood;<0, 0, 0, 0, 0>
0;172;(17,6);;<0, 0, 0, 0, 0>
0;173;(17,4);outputNeighborhood;<0, 0, 0, 0, 0>
0;173;(17,4);;<0, 0, 0, 0, 0>
0;174;(1,17);outputNeighborhood;<0, 0, 0, 0, 0>
0;174;(1,17);;<0, 0, 0, 0, 0>
0;175;(2,4);outputNeighborhood;<0, 0, 0, 0, 0>
0;175;(2,4);;<0, 0, 0, 0, 0>
0;176;(13,4);outputNeighborhood;<0, 0, 0, 0, 0>
0;176;(13,4);;<0, 0, 0, 0, 0>
0;177;(1,6);outputNeighborhood;<0, 0, 0, 0, 0>
0;177;(1,6);;<0, 0, 0, 0, 0>
0;178;(16,2);outputNeighborhood;<0, 0, 0, 0, 0>
0;178;(16,2);;<0, 0, 0, 0, 0>
0;179;(18,8);outputNeighborhood;<0, 0, 0, 0, 0>
0;179;(18,8);;<0, 0, 0, 0, 0>
0;180;(15,4);outputNeighborhood;<0, 0, 0, 0, 0>
0;180;(15,4);;<0, 0, 0, 0, 0>
0;181;(1,19);outputNeighborhood;<0, 0, 0, 0, 0>
0;181;(1,19);;<0, 0, 0, 0, 0>
0;182;(15,15);outputNeighborhood;<0, 0, 0, 0, 0>
0;182;(15,15);;<0, 0, 0, 0, 0>
0;183;(4,1);outputNeighborhood;<0, 0, 0, 0, 0>
0;183;(4,1);;<0, 0, 0, 0, 0>
0;184;(10,18);outputNeighborhood;<0, 0, 0, 0, 0>
0;184;(10,18);;<0, 0, 0, 0, 0>
0;185;(4,2);outputNeighborhood;<0, 0, 0, 0, 0>
0;185;(4,2);;<0, 0, 0, 0, 0>
0;186;(2,1);outputNeighborhood;<0, 0, 0, 0, 0>
0;186;(2,1);;<0, 0, 0, 0, 0>
0;187;(1,0);outputNeighborhood;<0, 0, 0, 0, 0>
0;187;(1,0);;<0, 0, 0, 0, 0>
0;188;(8,7);outputNeighborhood;<0, 0, 0, 0, 0>
0;188;(8,7);;<0, 0, 0, 0, 0>
0;189;(17,0);outputNeighborhood;<0, 0, 0, 0, 0>
0;189;(17,0);;<0, 0, 0, 0, 0>
0;190;(16,5);outputNeighborhood;<0, 0, 0, 0, 0>
0;190;(16,5);;<0, 0, 0, 0, 0>
0;191;(18,7);outputNeighborhood;<0, 0, 0, 0, 0>
0;191;(18,7);;<0, 0, 0, 0, 0>
0;192;(15,0);outputNeighborhood;<0, 0, 0, 0, 0>
0;192;(15,0);;<0, 0, 0, 0, 0>
0;193;(16,16);outputNeighborhood;<0, 0, 0, 0, 0>
0;193;(16,16);;<0, 0, 0, 0, 0>
0;194;(2,11);outputNeighborhood;<0, 0, 0, 0, 0>
0;194;(2,11);;<0, 0, 0, 0, 0>
0;195;(10,13);outputNeighborhood;<0, 0, 0, 0, 0>
0;195;(10,13);;<0, 0, 0, 0, 0>
0;196;(9,4);outputNeighborhood;<0, 0, 0, 0, 0>
0;196;(9,4);;<0, 0, 0, 0, 0>
0;197;(1,11);outputNeighborhood;<0, 0, 0, 0, 0>
0;197;(1,11);;<0, 0, 0, 0, 0>
0;198;(7,11);outputNeighborhood;<0, 0, 0, 0, 0>
0;198;(7,11);;<0, 0, 0, 0, 0>
0;199;(3,1);outputNeighborhood;<0, 0, 0, 0, 0>
0;199;(3,1);;<0, 0, 0, 0, 0>
0;200;(3,15);outputNeighborhood;<0, 0, 0, 0, 0>
0;200;(3,15);;<0, 0, 0, 0, 0>
0;201;(5,2);outputNeighborhood;<0, 0, 0, 0, 0>
0;201;(5,2);;<0, 0, 0, 0, 0>
0;202;(17,11);outputNeighborhood;<0, 0, 0, 0, 0>
0;202;(17,11);;<0, 0, 0, 0, 0>
0;203;(7,8);outputNeighborhood;<0, 0, 0, 0, 0>
0;203;(7,8);;<0, 0, 0, 0, 0>
0;204;(7,0);outputNeighborhood;<0, 0, 0, 0, 0>
0;204;(7,0);;<0, 0, 0, 0, 0>
0;205;(19,7);outputNeighborhood;<0, 0, 0, 0, 0>
0;205;(19,7);;<0, 0, 0, 0, 0>
0;206;(2,16);outputNeighborhood;<0, 0, 0, 0, 0>
0;206;(2,16);;<0, 0, 0, 0, 0>
0;207;(12,3);outputNeighborhood;<0, 0, 0, 0, 0>
0;207;(12,3);;<0, 0, 0, 0, 0>
0;208;(9,19);outputNeighborhood;<0, 0, 0, 0, 0>
0;208;(9,19);;<0, 0, 0, 0, 0>
0;209;(8,19);outputNeighborhood;<0, 0, 0, 0, 0>
0;209;(8,19);;<0, 0, 0, 0, 0>
0;210;(14,8);outputNeighborhood;<0, 0, 0, 0, 0>
0;210;(14,8);;<0, 0, 0, 0, 0>
0;211;(12,5);outputNeighborhood;<0, 0, 0, 0, 0>
0;211;(12,5);;<0, 0, 0, 0, 0>
0;212;(7,3);outputNeighborhood;<0, 0, 0, 0, 0>
0;212;(7,3);;<0, 0, 0, 0, 0>
0;213;(11,15);outputNeighborhood;<0, 0, 0, 0, 0>
0;213;(11,15);;<0, 0, 0, 0, 0>
0;214;(13,14);outputNeighborhood;<0, 0, 0, 0, 0>
0;214;(13,14);;<0, 0, 0, 0, 0>
0;215;(5,12);outputNeighborhood;<0, 0, 0, 0, 0>
0;215;(5,12);;<0, 0, 0, 0, 0>
0;216;(5,0);outputNeighborhood;<0, 0, 0, 0, 0>
0;216;(5,0);;<0, 0, 0, 0, 0>
0;217;(1,9);outputNeighborhood;<0, 0, 0, 0, 0>
0;217;(1,9);;<0, 0, 0, 0, 0>
0;218;(13,19);outputNeighborhood;<0, 0, 0, 0, 0>
0;218;(13,19);;<0, 0, 0, 0, 0>
0;219;(3,16);outputNeighborhood;<0, 0, 0, 0, 0>
0;219;(3,16);;<0, 0, 0, 0, 0>
0;220;(0,13);outputNeighborhood;<0, 0, 0, 0, 0>
0;220;(0,13);;<0, 0, 0, 0, 0>
0;221;(19,2);outputNeighborhood;<0, 0, 0, 0, 0>
0;221;(19,2);;<0, 0, 0, 0, 0>
0;222;(10,0);outputNeighborhood;<0, 0, 0, 0, 0>
0;222;(10,0);;<0, 0, 0, 0, 0>
0;223;(18,0);outputNeighborhood;<0, 0, 0, 0, 0>
0;223;(18,0);;<0, 0, 0, 0, 0>
0;224;(3,11);outputNeighborhood;<0, 0, 0, 0, 0>
0;224;(3,11);;<0, 0, 0, 0, 0>
0;225;(8,0);outputNeighborhood;<0, 0, 0, 0, 0>
0;225;(8,0);;<0, 0, 0, 0, 0>
0;226;(14,9);outputNeighborhood;<0, 0, 0, 0, 0>
0;226;(14,9);;<0, 0, 0, 0, 0>
0;227;(11,4);outputNeighborhood;<0, 0, 0, 0, 0>
0;227;(11,4);;<0, 0, 0, 0, 0>
0;228;(12,9);outputNeighborhood;<0, 0, 0, 0, 0>
0;228;(12,9);;<0, 0, 0, 0, 0>
0;229;(9,17);outputNeighborhood;<0, 0, 0, 0, 0>
0;229;(9,17);;<0, 0, 0, 0, 0>
0;230;(10,3);outputNeighborhood;<0, 0, 0, 0, 0>
0;230;(10,3);;<0, 0, 0, 0, 0>
0;231;(19,1);outputNeighborhood;<0, 0, 0, 0, 0>
0;231;(19,1);;<0, 0, 0, 0, 0>
0;232;(18,15);outputNeighborhood;<0, 0, 0, 0, 0>
0;232;(18,15);;<0, 0, 0, 0, 0>
0;233;(12,11);outputNeighborhood;<0, 0, 0, 0, 0>
0;233;(12,11);;<0, 0, 0, 0, 0>
0;234;(17,13);outputNeighborhood;<0, 0, 0, 0, 0>
0;234;(17,13);;<0, 0, 0, 0, 0>
0;235;(14,12);outputNeighborhood;<0, 0, 0, 0, 0>
0;235;(14,12);;<0, 0, 0, 0, 0>
0;236;(4,0);outputNeighborhood;<0, 0, 0, 0, 0>
0;236;(4,0);;<0, 0, 0, 0, 0>
0;237;(9,5);outputNeighborhood;<0, 0, 0, 0, 0>
0;237;(9,5);;<0, 0, 0, 0, 0>
0;238;(3,6);outputNeighborhood;<0, 0, 0, 0, 0>
0;238;(3,6);;<1, 0, 0, 0, 1>
0;239;(12,2);outputNeighborhood;<0, 0, 0, 0, 0>
0;239;(12,2);;<0, 0, 0, 0, 0>
0;240;(13,0);outputNeighborhood;<0, 0, 0, 0, 0>
0;240;(13,0);;<0, 0, 0, 0, 0>
0;241;(11,1);outputNeighborhood;<0, 0, 0, 0, 0>
0;241;(11,1);;<0, 0, 0, 0, 0>
0;242;(10,1);outputNeighborhood;<0, 0, 0, 0, 0>
0;242;(10,1);;<0, 0, 0, 0, 0>
0;243;(15,6);outputNeighborhood;<0, 0, 0, 0, 0>
0;243;(15,6);;<0, 0, 0, 0, 0>
0;244;(11,6);outputNeighborhood;<0, 0, 0, 0, 0>
0;244;(11,6);;<0, 0, 0, 0, 0>
0;245;(2,6);outputNeighborhood;<0, 0, 0, 0, 0>
0;245;(2,6);;<0, 0, 0, 0, 0>
0;246;(11,11);outputNeighborhood;<0, 0, 0, 0, 0>
0;246;(11,11);;<0, 0, 0, 0, 0>
0;247;(15,11);outputNeighborhood;<0, 0, 0, 0, 0>
0;247;(15,11);;<0, 0, 0, 0, 0>
0;248;(16,0);outputNeighborhood;<0, 0, 0, 0, 0>
0;248;(16,0);;<0, 0, 0, 0, 0>
0;249;(14,0);outputNeighborhood;<0, 0, 0, 0, 0>
0;249;(14,0);;<0, 0, 0, 0, 0>
0;250;(12,1);outputNeighborhood;<0, 0, 0, 0, 0>
0;250;(12,1);;<0, 0, 0, 0, 0>
0;251;(6,16);outputNeighborhood;<0, 0, 0, 0, 0>
0;251;(6,16);;<0, 0, 0, 0, 0>
0;252;(17,1);outputNeighborhood;<0, 0, 0, 0, 0>
0;252;(17,1);;<0, 0, 0, 0, 0>
0;253;(16,1);outputNeighborhood;<0, 0, 0, 0, 0>
0;253;(16,1);;<0, 0, 0, 0, 0>
0;254;(15,1);outputNeighborhood;<0, 0, 0, 0, 0>
0;254;(15,1);;<0, 0, 0, 0, 0>
0;255;(18,1);outputNeighborhood;<0, 0, 0, 0, 0>
0;255;(18,1);;<0, 0, 0, 0, 0>
0;256;(2,7);outputNeighborhood;<0, 0, 0, 0, 0>
0;256;(2,7);;<0, 0, 0, 0, 0>
0;257;(9,2);outputNeighborhood;<0, 0, 0, 0, 0>
0;257;(9,2);;<0, 0, 0, 0, 0>
0;258;(11,0);outputNeighborhood;<0, 0, 0, 0, 0>
0;258;(11,0);;<0, 0, 0, 0, 0>
0;259;(0,0);outputNeighborhood;<0, 0, 0, 0, 0>
0;259;(0,0);;<0, 0, 0, 0, 0>
0;260;(1,2);outputNeighborhood;<0, 0, 0, 0, 0>
0;260;(1,2);;<0, 0, 0, 0, 0>
0;261;(0,14);outputNeighborhood;<0, 0, 0, 0, 0>
0;261;(0,14);;<0, 0, 0, 0, 0>
0;262;(13,9);outputNeighborhood;<0, 0, 0, 0, 0>
0;262;(13,9);;<0, 0, 0, 0, 0>
0;263;(14,10);outputNeighborhood;<0, 0, 0, 0, 0>
0;263;(14,10);;<0, 0, 0, 0, 0>
0;264;(3,0);outputNeighborhood;<0, 0, 0, 0, 0>
0;264;(3,0);;<0, 0, 0, 0, 0>
0;265;(3,5);outputNeighborhood;<0, 0, 0, 0, 0>
0;265;(3,5);;<0, 0, 0, 0, 0>
0;266;(0,2);outputNeighborhood;<0, 0, 0, 0, 0>
0;266;(0,2);;<0, 0, 0, 0, 0>
0;267;(3,2);outputNeighborhood;<0, 0, 0, 0, 0>
0;267;(3,2);;<0, 0, 0, 0, 0>
0;268;(4,17);outputNeighborhood;<0, 0, 0, 0, 0>
0;268;(4,17);;<0, 0, 0, 0, 0>
0;269;(12,15);outputNeighborhood;<0, 0, 0, 0, 0>
0;269;(12,15);;<0, 0, 0, 0, 0>
0;270;(6,2);outputNeighborhood;<0, 0, 0, 0, 0>
0;270;(6,2);;<0, 0, 0, 0, 0>
0;271;(10,16);outputNeighborhood;<0, 0, 0, 0, 0>
0;271;(10,16);;<0, 0, 0, 0, 0>
0;272;(14,5);outputNeighborhood;<0, 0, 0, 0, 0>
0;272;(14,5);;<0, 0, 0, 0, 0>
0;273;(2,0);outputNeighborhood;<0, 0, 0, 0, 0>
0;273;(2,0);;<0, 0, 0, 0, 0>
0;274;(19,5);outputNeighborhood;<0, 0, 0, 0, 0>
0;274;(19,5);;<0, 0, 0, 0, 0>
0;275;(14,1);outputNeighborhood;<0, 0, 0, 0, 0>
0;275;(14,1);;<0, 0, 0, 0, 0>
0;276;(13,18);outputNeighborhood;<0, 0, 0, 0, 0>
0;276;(13,18);;<0, 0, 0, 0, 0>
0;277;(7,14);outputNeighborhood;<0, 0, 0, 0, 0>
0;277;(7,14);;<1, 0, 0, 0, 1>
0;278;(16,7);outputNeighborhood;<0, 0, 0, 0, 0>
0;278;(16,7);;<0, 0, 0, 0, 0>
0;279;(8,8);outputNeighborhood;<0, 0, 0, 0, 0>
0;279;(8,8);;<0, 0, 0, 0, 0>
0;280;(10,2);outputNeighborhood;<0, 0, 0, 0, 0>
0;280;(10,2);;<0, 0, 0, 0, 0>
0;281;(11,2);outputNeighborhood;<0, 0, 0, 0, 0>
0;281;(11,2);;<0, 0, 0, 0, 0>
0;282;(6,17);outputNeighborhood;<0, 0, 0, 0, 0>
0;282;(6,17);;<0, 0, 0, 0, 0>
0;283;(19,14);outputNeighborhood;<0, 0, 0, 0, 0>
0;283;(19,14);;<0, 0, 0, 0, 0>
0;284;(14,4);outputNeighborhood;<0, 0, 0, 0, 0>
0;284;(14,4);;<0, 0, 0, 0, 0>
0;285;(14,2);outputNeighborhood;<0, 0, 0, 0, 0>
0;285;(14,2);;<0, 0, 0, 0, 0>
0;286;(13,8);outputNeighborhood;<0, 0, 0, 0, 0>
0;286;(13,8);;<0, 0, 0, 0, 0>
0;287;(0,18);outputNeighborhood;<0, 0, 0, 0, 0>
0;287;(0,18);;<0, 0, 0, 0, 0>
0;288;(9,1);outputNeighborhood;<0, 0, 0, 0, 0>
0;288;(9,1);;<0, 0, 0, 0, 0>
0;289;(0,12);outputNeighborhood;<0, 0, 0, 0, 0>
0;289;(0,12);;<0, 0, 0, 0, 0>
0;290;(19,10);outputNeighborhood;<0, 0, 0, 0, 0>
0;290;(19,10);;<0, 0, 0, 0, 0>
0;291;(7,19);outputNeighborhood;<0, 0, 0, 0, 0>
0;291;(7,19);;<0, 0, 0, 0, 0>
0;292;(7,6);outputNeighborhood;<0, 0, 0, 0, 0>
0;292;(7,6);;<0, 0, 0, 0, 0>
0;293;(8,9);outputNeighborhood;<0, 0, 0, 0, 0>
0;293;(8,9);;<0, 0, 0, 0, 0>
0;294;(10,11);outputNeighborhood;<0, 0, 0, 0, 0>
0;294;(10,11);;<0, 0, 0, 0, 0>
0;295;(8,6);outputNeighborhood;<0, 0, 0, 0, 0>
0;295;(8,6);;<0, 0, 0, 0, 0>
0;296;(10,15);outputNeighborhood;<0, 0, 0, 0, 0>
0;296;(10,15);;<0, 0, 0, 0, 0>
0;297;(9,6);outputNeighborhood;<0, 0, 0, 0, 0>
0;297;(9,6);;<0, 0, 0, 0, 0>
0;298;(17,18);outputNeighborhood;<0, 0, 0, 0, 0>
0;298;(17,18);;<0, 0, 0, 0, 0>
0;299;(19,0);outputNeighborhood;<0, 0, 0, 0, 0>
0;299;(19,0);;<0, 0, 0, 0, 0>
0;300;(10,6);outputNeighborhood;<0, 0, 0, 0, 0>
0;300;(10,6);;<0, 0, 0, 0, 0>
0;301;(14,6);outputNeighborhood;<0, 0, 0, 0, 0>
0;301;(14,6);;<0, 0, 0, 0, 0>
0;302;(8,12);outputNeighborhood;<0, 0, 0, 0, 0>
0;302;(8,12);;<0, 0, 0, 0, 0>
0;303;(16,6);outputNeighborhood;<0, 0, 0, 0, 0>
0;303;(16,6);;<0, 0, 0, 0, 0>
0;304;(18,6);outputNeighborhood;<0, 0, 0, 0, 0>
0;304;(18,6);;<0, 0, 0, 0, 0>
0;305;(17,2);outputNeighborhood;<0, 0, 0, 0, 0>
0;305;(17,2);;<1, 0, 0, 0, 1>
0;306;(0,7);outputNeighborhood;<0, 0, 0, 0, 0>
0;306;(0,7);;<0, 0, 0, 0, 0>
0;307;(15,8);outputNeighborhood;<0, 0, 0, 0, 0>
0;307;(15,8);;<0, 0, 0, 0, 0>
0;308;(1,7);outputNeighborhood;<0, 0, 0, 0, 0>
0;308;(1,7);;<0, 0, 0, 0, 0>
0;309;(4,7);outputNeighborhood;<0, 0, 0, 0, 0>
0;309;(4,7);;<0, 0, 0, 0, 0>
0;310;(8,14);outputNeighborhood;<0, 0, 0, 0, 0>
0;310;(8,14);;<0, 0, 0, 0, 0>
0;311;(5,7);outputNeighborhood;<0, 0, 0, 0, 0>
0;311;(5,7);;<0, 0, 0, 0, 0>
0;312;(12,4);outputNeighborhood;<0, 0, 0, 0, 0>
0;312;(12,4);;<0, 0, 0, 0, 0>
0;313;(9,7);outputNeighborhood;<0, 0, 0, 0, 0>
0;313;(9,7);;<0, 0, 0, 0, 0>
0;314;(10,7);outputNeighborhood;<0, 0, 0, 0, 0>
0;314;(10,7);;<0, 0, 0, 0, 0>
0;315;(12,7);outputNeighborhood;<0, 0, 0, 0, 0>
0;315;(12,7);;<0, 0, 0, 0, 0>
0;316;(13,7);outputNeighborhood;<0, 0, 0, 0, 0>
0;316;(13,7);;<0, 0, 0, 0, 0>
0;317;(13,16);outputNeighborhood;<0, 0, 0, 0, 0>
0;317;(13,16);;<0, 0, 0, 0, 0>
0;318;(15,7);outputNeighborhood;<0, 0, 0, 0, 0>
0;318;(15,7);;<0, 0, 0, 0, 0>
0;319;(17,14);outputNeighborhood;<0, 0, 0, 0, 0>
0;319;(17,14);;<0, 0, 0, 0, 0>
0;320;(17,7);outputNeighborhood;<0, 0, 0, 0, 0>
0;320;(17,7);;<0, 0, 0, 0, 0>
0;321;(1,8);outputNeighborhood;<0, 0, 0, 0, 0>
0;321;(1,8);;<0, 0, 0, 0, 0>
0;322;(9,8);outputNeighborhood;<0, 0, 0, 0, 0>
0;322;(9,8);;<0, 0, 0, 0, 0>
0;323;(10,4);outputNeighborhood;<0, 0, 0, 0, 0>
0;323;(10,4);;<0, 0, 0, 0, 0>
0;324;(0,8);outputNeighborhood;<0, 0, 0, 0, 0>
0;324;(0,8);;<1, 0, 0, 0, 1>
0;325;(3,19);outputNeighborhood;<0, 0, 0, 0, 0>
0;325;(3,19);;<0, 0, 0, 0, 0>
0;326;(4,8);outputNeighborhood;<0, 0, 0, 0, 0>
0;326;(4,8);;<0, 0, 0, 0, 0>
0;327;(5,8);outputNeighborhood;<0, 0, 0, 0, 0>
0;327;(5,8);;<0, 0, 0, 0, 0>
0;328;(5,5);outputNeighborhood;<0, 0, 0, 0, 0>
0;328;(5,5);;<0, 0, 0, 0, 0>
0;329;(8,3);outputNeighborhood;<0, 0, 0, 0, 0>
0;329;(8,3);;<0, 0, 0, 0, 0>
0;330;(6,8);outputNeighborhood;<0, 0, 0, 0, 0>
0;330;(6,8);;<0, 0, 0, 0, 0>
0;331;(0,6);outputNeighborhood;<0, 0, 0, 0, 0>
0;331;(0,6);;<0, 0, 0, 0, 0>
0;332;(19,6);outputNeighborhood;<0, 0, 0, 0, 0>
0;332;(19,6);;<0, 0, 0, 0, 0>
0;333;(10,8);outputNeighborhood;<0, 0, 0, 0, 0>
0;333;(10,8);;<0, 0, 0, 0, 0>
0;334;(16,18);outputNeighborhood;<0, 0, 0, 0, 0>
0;334;(16,18);;<0, 0, 0, 0, 0>
0;335;(6,9);outputNeighborhood;<0, 0, 0, 0, 0>
0;335;(6,9);;<0, 0, 0, 0, 0>
0;336;(11,8);outputNeighborhood;<0, 0, 0, 0, 0>
0;336;(11,8);;<0, 0, 0, 0, 0>
0;337;(12,8);outputNeighborhood;<0, 0, 0, 0, 0>
0;337;(12,8);;<0, 0, 0, 0, 0>
0;338;(17,15);outputNeighborhood;<0, 0, 0, 0, 0>
0;338;(17,15);;<0, 0, 0, 0, 0>
0;339;(17,8);outputNeighborhood;<0, 0, 0, 0, 0>
0;339;(17,8);;<0, 0, 0, 0, 0>
0;340;(11,10);outputNeighborhood;<0, 0, 0, 0, 0>
0;340;(11,10);;<0, 0, 0, 0, 0>
0;341;(16,3);outputNeighborhood;<0, 0, 0, 0, 0>
0;341;(16,3);;<0, 0, 0, 0, 0>
0;342;(11,9);outputNeighborhood;<0, 0, 0, 0, 0>
0;342;(11,9);;<0, 0, 0, 0, 0>
0;343;(19,8);outputNeighborhood;<0, 0, 0, 0, 0>
0;343;(19,8);;<0, 0, 0, 0, 0>
0;344;(6,12);outputNeighborhood;<0, 0, 0, 0, 0>
0;344;(6,12);;<0, 0, 0, 0, 0>
0;345;(15,2);outputNeighborhood;<0, 0, 0, 0, 0>
0;345;(15,2);;<0, 0, 0, 0, 0>
0;346;(4,11);outputNeighborhood;<0, 0, 0, 0, 0>
0;346;(4,11);;<0, 0, 0, 0, 0>
0;347;(0,9);outputNeighborhood;<0, 0, 0, 0, 0>
0;347;(0,9);;<0, 0, 0, 0, 0>
0;348;(8,11);outputNeighborhood;<0, 0, 0, 0, 0>
0;348;(8,11);;<0, 0, 0, 0, 0>
0;349;(2,9);outputNeighborhood;<0, 0, 0, 0, 0>
0;349;(2,9);;<0, 0, 0, 0, 0>
0;350;(3,9);outputNeighborhood;<0, 0, 0, 0, 0>
0;350;(3,9);;<0, 0, 0, 0, 0>
0;351;(4,9);outputNeighborhood;<0, 0, 0, 0, 0>
0;351;(4,9);;<0, 0, 0, 0, 0>
0;352;(5,9);outputNeighborhood;<0, 0, 0, 0, 0>
0;352;(5,9);;<0, 0, 0, 0, 0>
0;353;(4,10);outputNeighborhood;<0, 0, 0, 0, 0>
0;353;(4,10);;<0, 0, 0, 0, 0>
0;354;(8,4);outputNeighborhood;<0, 0, 0, 0, 0>
0;354;(8,4);;<0, 0, 0, 0, 0>
0;355;(7,9);outputNeighborhood;<0, 0, 0, 0, 0>
0;355;(7,9);;<0, 0, 0, 0, 0>
0;356;(5,18);outputNeighborhood;<0, 0, 0, 0, 0>
0;356;(5,18);;<0, 0, 0, 0, 0>
0;357;(15,9);outputNeighborhood;<0, 0, 0, 0, 0>
0;357;(15,9);;<0, 0, 0, 0, 0>
0;358;(17,9);outputNeighborhood;<0, 0, 0, 0, 0>
0;358;(17,9);;<0, 0, 0, 0, 0>
0;359;(19,9);outputNeighborhood;<0, 0, 0, 0, 0>
0;359;(19,9);;<0, 0, 0, 0, 0>
0;360;(1,10);outputNeighborhood;<0, 0, 0, 0, 0>
0;360;(1,10);;<0, 0, 0, 0, 0>
0;361;(13,17);outputNeighborhood;<0, 0, 0, 0, 0>
0;361;(13,17);;<0, 0, 0, 0, 0>
0;362;(1,14);outputNeighborhood;<0, 0, 0, 0, 0>
0;362;(1,14);;<0, 0, 0, 0, 0>
0;363;(2,10);outputNeighborhood;<0, 0, 0, 0, 0>
0;363;(2,10);;<0, 0, 0, 0, 0>
0;364;(3,10);outputNeighborhood;<0, 0, 0, 0, 0>
0;364;(3,10);;<0, 0, 0, 0, 0>
0;365;(5,10);outputNeighborhood;<0, 0, 0, 0, 0>
0;365;(5,10);;<0, 0, 0, 0, 0>
0;366;(6,10);outputNeighborhood;<0, 0, 0, 0, 0>
0;366;(6,10);;<0, 0, 0, 0, 0>
0;367;(19,11);outputNeighborhood;<0, 0, 0, 0, 0>
0;367;(19,11);;<0, 0, 0, 0, 0>
0;368;(15,14);outputNeighborhood;<0, 0, 0, 0, 0>
0;368;(15,14);;<0, 0, 0, 0, 0>
0;369;(7,10);outputNeighborhood;<0, 0, 0, 0, 0>
0;369;(7,10);;<0, 0, 0, 0, 0>
0;370;(8,10);outputNeighborhood;<0, 0, 0, 0, 0>
0;370;(8,10);;<0, 0, 0, 0, 0>
0;371;(9,11);outputNeighborhood;<0, 0, 0, 0, 0>
0;371;(9,11);;<0, 0, 0, 0, 0>
0;372;(10,10);outputNeighborhood;<0, 0, 0, 0, 0>
0;372;(10,10);;<0, 0, 0, 0, 0>
0;373;(12,10);outputNeighborhood;<0, 0, 0, 0, 0>
0;373;(12,10);;<0, 0, 0, 0, 0>
0;374;(16,12);outputNeighborhood;<0, 0, 0, 0, 0>
0;374;(16,12);;<0, 0, 0, 0, 0>
0;375;(13,10);outputNeighborhood;<0, 0, 0, 0, 0>
0;375;(13,10);;<0, 0, 0, 0, 0>
0;376;(7,12);outputNeighborhood;<0, 0, 0, 0, 0>
0;376;(7,12);;<0, 0, 0, 0, 0>
0;377;(18,18);outputNeighborhood;<0, 0, 0, 0, 0>
0;377;(18,18);;<0, 0, 0, 0, 0>
0;378;(15,10);outputNeighborhood;<0, 0, 0, 0, 0>
0;378;(15,10);;<0, 0, 0, 0, 0>
0;379;(16,10);outputNeighborhood;<0, 0, 0, 0, 0>
0;379;(16,10);;<0, 0, 0, 0, 0>
0;380;(0,4);outputNeighborhood;<0, 0, 0, 0, 0>
0;380;(0,4);;<0, 0, 0, 0, 0>
0;381;(2,12);outputNeighborhood;<0, 0, 0, 0, 0>
0;381;(2,12);;<0, 0, 0, 0, 0>
0;382;(12,19);outputNeighborhood;<0, 0, 0, 0, 0>
0;382;(12,19);;<0, 0, 0, 0, 0>
0;383;(18,10);outputNeighborhood;<0, 0, 0, 0, 0>
0;383;(18,10);;<0, 0, 0, 0, 0>
0;384;(9,12);outputNeighborhood;<0, 0, 0, 0, 0>
0;384;(9,12);;<0, 0, 0, 0, 0>
0;385;(5,11);outputNeighborhood;<0, 0, 0, 0, 0>
0;385;(5,11);;<0, 0, 0, 0, 0>
0;386;(16,11);outputNeighborhood;<0, 0, 0, 0, 0>
0;386;(16,11);;<0, 0, 0, 0, 0>
0;387;(11,5);outputNeighborhood;<0, 0, 0, 0, 0>
0;387;(11,5);;<0, 0, 0, 0, 0>
0;388;(4,6);outputNeighborhood;<0, 0, 0, 0, 0>
0;388;(4,6);;<0, 0, 0, 0, 0>
0;389;(6,11);outputNeighborhood;<0, 0, 0, 0, 0>
0;389;(6,11);;<0, 0, 0, 0, 0>
0;390;(1,5);outputNeighborhood;<0, 0, 0, 0, 0>
0;390;(1,5);;<0, 0, 0, 0, 0>
0;391;(5,6);outputNeighborhood;<0, 0, 0, 0, 0>
0;391;(5,6);;<0, 0, 0, 0, 0>
0;392;(14,11);outputNeighborhood;<0, 0, 0, 0, 0>
0;392;(14,11);;<0, 0, 0, 0, 0>
0;393;(18,11);outputNeighborhood;<0, 0, 0, 0, 0>
0;393;(18,11);;<0, 0, 0, 0, 0>
0;394;(13,1);outputNeighborhood;<0, 0, 0, 0, 0>
0;394;(13,1);;<0, 0, 0, 0, 0>
0;395;(16,8);outputNeighborhood;<0, 0, 0, 0, 0>
0;395;(16,8);;<0, 0, 0, 0, 0>
0;396;(10,12);outputNeighborhood;<0, 0, 0, 0, 0>
0;396;(10,12);;<0, 0, 0, 0, 0>
0;397;(13,11);outputNeighborhood;<0, 0, 0, 0, 0>
0;397;(13,11);;<0, 0, 0, 0, 0>
0;398;(11,12);outputNeighborhood;<0, 0, 0, 0, 0>
0;398;(11,12);;<0, 0, 0, 0, 0>
0;399;(12,12);outputNeighborhood;<0, 0, 0, 0, 0>
0;399;(12,12);;<0, 0, 0, 0, 0>
0;400;(15,12);outputNeighborhood;<0, 0, 0, 0, 0>
0;400;(15,12);;<0, 0, 0, 0, 0>
1;11;(14,18);;<0, 0, 0, 0, 0>
1;12;(12,18);outputNeighborhood;<1, 0, 0, 0, 1>
1;12;(12,18);;<1, 0, 0, 0, 1>
1;13;(11,18);;<0, 0, 0, 0, 0>
1;16;(4,18);;<0, 0, 0, 0, 0>
1;17;(3,18);;<0, 0, 0, 0, 0>
1;18;(2,18);;<0, 0, 0, 0, 0>
1;23;(11,17);;<0, 0, 0, 0, 0>
1;24;(10,17);outputNeighborhood;<1, 0, 0, 0, 1>
1;24;(10,17);;<1, 0, 0, 0, 1>
1;26;(5,17);;<0, 0, 0, 0, 0>
1;27;(3,17);outputNeighborhood;<1, 0, 0, 0, 1>
1;27;(3,17);;<1, 0, 0, 0, 1>
1;28;(2,17);;<0, 0, 0, 0, 0>
1;33;(12,16);;<0, 0, 0, 0, 0>
1;35;(9,16);;<0, 0, 0, 0, 0>
1;36;(7,16);;<0, 0, 0, 0, 0>
1;38;(4,16);;<0, 0, 0, 0, 0>
1;43;(14,15);;<0, 0, 0, 0, 0>
1;46;(6,15);;<0, 0, 0, 0, 0>
1;51;(7,15);;<0, 0, 0, 0, 0>
1;52;(14,14);;<0, 0, 0, 0, 0>
1;56;(9,14);;<0, 0, 0, 0, 0>
1;57;(6,14);;<0, 0, 0, 0, 0>
1;58;(5,14);;<0, 0, 0, 0, 0>
1;61;(8,15);;<0, 0, 0, 0, 0>
1;63;(8,17);;<0, 0, 0, 0, 0>
1;64;(18,13);;<0, 0, 0, 0, 0>
1;65;(16,13);;<0, 0, 0, 0, 0>
1;66;(15,13);;<0, 0, 0, 0, 0>
1;67;(14,13);outputNeighborhood;<1, 0, 0, 0, 1>
1;67;(14,13);;<1, 0, 0, 0, 1>
1;68;(13,13);;<0, 0, 0, 0, 0>
1;69;(12,13);;<0, 0, 0, 0, 0>
1;72;(8,13);;<0, 0, 0, 0, 0>
1;73;(7,13);;<0, 0, 0, 0, 0>
1;80;(19,12);;<0, 0, 0, 0, 0>
1;81;(18,12);outputNeighborhood;<1, 0, 0, 0, 1>
1;81;(18,12);;<1, 0, 0, 0, 1>
1;82;(17,12);;<0, 0, 0, 0, 0>
1;83;(10,19);;<0, 0, 0, 0, 0>
1;85;(12,0);;<0, 0, 0, 0, 0>
1;86;(18,5);;<0, 0, 0, 0, 0>
1;88;(19,13);;<0, 0, 0, 0, 0>
1;90;(13,12);;<0, 0, 0, 0, 0>
1;96;(18,14);;<0, 0, 0, 0, 0>
1;98;(18,3);;<0, 0, 0, 0, 0>
1;100;(2,8);;<0, 0, 0, 0, 0>
1;101;(19,4);outputNeighborhood;<1, 0, 0, 0, 1>
1;101;(19,4);;<1, 0, 0, 0, 1>
1;103;(18,4);;<0, 0, 0, 0, 0>
1;104;(9,18);;<0, 0, 0, 0, 0>
1;113;(18,2);;<0, 0, 0, 0, 0>
1;115;(0,5);;<0, 0, 0, 0, 0>
1;116;(11,19);;<0, 0, 0, 0, 0>
1;118;(3,4);;<0, 0, 0, 0, 0>
1;119;(1,4);;<0, 0, 0, 0, 0>
1;122;(19,3);;<0, 0, 0, 0, 0>
1;127;(17,10);;<0, 0, 0, 0, 0>
1;133;(16,9);outputNeighborhood;<1, 0, 0, 0, 1>
1;133;(16,9);;<1, 0, 0, 0, 1>
1;134;(17,3);;<0, 0, 0, 0, 0>
1;135;(0,10);;<0, 0, 0, 0, 0>
1;138;(4,5);;<0, 0, 0, 0, 0>
1;143;(6,13);;<0, 0, 0, 0, 0>
1;144;(0,3);;<0, 0, 0, 0, 0>
1;146;(3,7);;<0, 0, 0, 0, 0>
1;149;(2,5);;<0, 0, 0, 0, 0>
1;150;(18,9);;<0, 0, 0, 0, 0>
1;153;(3,8);;<0, 0, 0, 0, 0>
1;157;(12,17);;<0, 0, 0, 0, 0>
1;160;(11,16);;<0, 0, 0, 0, 0>
1;173;(17,4);;<0, 0, 0, 0, 0>
1;174;(1,17);;<0, 0, 0, 0, 0>
1;177;(1,6);;<0, 0, 0, 0, 0>
1;178;(16,2);;<0, 0, 0, 0, 0>
1;179;(18,8);;<0, 0, 0, 0, 0>
1;184;(10,18);;<0, 0, 0, 0, 0>
1;189;(17,0);;<0, 0, 0, 0, 0>
1;200;(3,15);;<0, 0, 0, 0, 0>
1;202;(17,11);;<0, 0, 0, 0, 0>
1;205;(19,7);;<0, 0, 0, 0, 0>
1;206;(2,16);;<0, 0, 0, 0, 0>
1;214;(13,14);;<0, 0, 0, 0, 0>
1;217;(1,9);;<0, 0, 0, 0, 0>
1;218;(13,19);;<0, 0, 0, 0, 0>
1;219;(3,16);;<0, 0, 0, 0, 0>
1;221;(19,2);;<1, 0, 0, 0, 1>
1;226;(14,9);;<0, 0, 0, 0, 0>
1;229;(9,17);;<0, 0, 0, 0, 0>
1;234;(17,13);;<0, 0, 0, 0, 0>
1;235;(14,12);;<0, 0, 0, 0, 0>
1;238;(3,6);outputNeighborhood;<1, 0, 0, 0, 1>
1;238;(3,6);;<1, 0, 0, 0, 1>
1;245;(2,6);;<0, 0, 0, 0, 0>
1;252;(17,1);;<0, 0, 0, 0, 0>
1;253;(16,1);;<0, 0, 0, 0, 0>
1;255;(18,1);;<0, 0, 0, 0, 0>
1;256;(2,7);;<0, 0, 0, 0, 0>
1;265;(3,5);;<0, 0, 0, 0, 0>
1;268;(4,17);;<0, 0, 0, 0, 0>
1;271;(10,16);;<0, 0, 0, 0, 0>
1;274;(19,5);;<0, 0, 0, 0, 0>
1;276;(13,18);;<0, 0, 0, 0, 0>
1;277;(7,14);outputNeighborhood;<1, 0, 0, 0, 1>
1;277;(7,14);;<1, 0, 0, 0, 1>
1;278;(16,7);;<0, 0, 0, 0, 0>
1;289;(0,12);;<0, 0, 0, 0, 0>
1;296;(10,15);;<1, 0, 0, 0, 1>
1;305;(17,2);outputNeighborhood;<1, 0, 0, 0, 1>
1;305;(17,2);;<1, 0, 0, 0, 1>
1;306;(0,7);;<0, 0, 0, 0, 0>
1;307;(15,8);;<0, 0, 0, 0, 0>
1;308;(1,7);;<0, 0, 0, 0, 0>
1;309;(4,7);;<0, 0, 0, 0, 0>
1;310;(8,14);;<0, 0, 0, 0, 0>
1;321;(1,8);;<0, 0, 0, 0, 0>
1;324;(0,8);outputNeighborhood;<1, 0, 0, 0, 1>
1;324;(0,8);;<1, 0, 0, 0, 1>
1;325;(3,19);;<0, 0, 0, 0, 0>
1;331;(0,6);;<0, 0, 0, 0, 0>
1;332;(19,6);;<0, 0, 0, 0, 0>
1;339;(17,8);;<0, 0, 0, 0, 0>
1;341;(16,3);;<0, 0, 0, 0, 0>
1;343;(19,8);;<0, 0, 0, 0, 0>
1;345;(15,2);;<0, 0, 0, 0, 0>
1;347;(0,9);;<0, 0, 0, 0, 0>
1;357;(15,9);;<0, 0, 0, 0, 0>
1;358;(17,9);;<0, 0, 0, 0, 0>
1;359;(19,9);;<0, 0, 0, 0, 0>
1;361;(13,17);;<0, 0, 0, 0, 0>
1;367;(19,11);;<0, 0, 0, 0, 0>
1;368;(15,14);;<0, 0, 0, 0, 0>
1;374;(16,12);;<0, 0, 0, 0, 0>
1;376;(7,12);;<0, 0, 0, 0, 0>
1;378;(15,10);;<0, 0, 0, 0, 0>
1;379;(16,10);;<0, 0, 0, 0, 0>
1;380;(0,4);;<0, 0, 0, 0, 0>
1;382;(12,19);;<0, 0, 0, 0, 0>
1;383;(18,10);;<1, 0, 0, 0, 1>
1;386;(16,11);;<0, 0, 0, 0, 0>
1;388;(4,6);;<0, 0, 0, 0, 0>
1;391;(5,6);;<0, 0, 0, 0, 0>
1;392;(14,11);;<0, 0, 0, 0, 0>
1;393;(18,11);;<0, 0, 0, 0, 0>
1;395;(16,8);;<0, 0, 0, 0, 0>
1;400;(15,12);;<0, 0, 0, 0, 0>
2;24;(10,17);;<1, 0, 0, 0, 1>
2;35;(9,16);;<0, 0, 0, 0, 0>
2;45;(9,15);;<0, 0, 0, 0, 0>
2;54;(11,14);;<0, 0, 0, 0, 0>
2;55;(10,14);;<0, 0, 0, 0, 0>
2;56;(9,14);;<0, 0, 0, 0, 0>
2;61;(8,15);;<0, 0, 0, 0, 0>
2;81;(18,12);;<1, 0, 0, 0, 1>
2;98;(18,3);;<0, 0, 0, 0, 0>
2;101;(19,4);;<1, 0, 0, 0, 1>
2;113;(18,2);;<1, 0, 0, 0, 1>
2;122;(19,3);;<1, 0, 0, 0, 1>
2;127;(17,10);;<0, 0, 0, 0, 0>
2;135;(0,10);;<0, 0, 0, 0, 0>
2;144;(0,3);;<0, 0, 0, 0, 0>
2;145;(0,1);;<0, 0, 0, 0, 0>
2;150;(18,9);;<0, 0, 0, 0, 0>
2;160;(11,16);;<0, 0, 0, 0, 0>
2;179;(18,8);;<0, 0, 0, 0, 0>
2;195;(10,13);;<0, 0, 0, 0, 0>
2;202;(17,11);;<0, 0, 0, 0, 0>
2;213;(11,15);;<0, 0, 0, 0, 0>
2;221;(19,2);outputNeighborhood;<1, 0, 0, 0, 1>
2;221;(19,2);;<1, 0, 0, 0, 1>
2;231;(19,1);;<0, 0, 0, 0, 0>
2;255;(18,1);;<0, 0, 0, 0, 0>
2;260;(1,2);;<0, 0, 0, 0, 0>
2;266;(0,2);;<0, 0, 0, 0, 0>
2;269;(12,15);;<0, 0, 0, 0, 0>
2;271;(10,16);;<1, 0, 0, 0, 1>
2;290;(19,10);;<0, 0, 0, 0, 0>
2;296;(10,15);outputNeighborhood;<1, 0, 0, 0, 1>
2;296;(10,15);;<1, 0, 0, 0, 1>
2;299;(19,0);;<0, 0, 0, 0, 0>
2;305;(17,2);;<1, 0, 0, 0, 1>
2;358;(17,9);;<0, 0, 0, 0, 0>
2;359;(19,9);;<0, 0, 0, 0, 0>
2;367;(19,11);;<0, 0, 0, 0, 0>
2;379;(16,10);;<0, 0, 0, 0, 0>
2;383;(18,10);outputNeighborhood;<1, 0, 0, 0, 1>
2;383;(18,10);;<1, 0, 0, 0, 1>
2;393;(18,11);;<1, 0, 0, 0, 1>
3;23;(11,17);;<0, 0, 0, 0, 0>
3;24;(10,17);;<1, 0, 0, 0, 1>
3;33;(12,16);;<0, 0, 0, 0, 0>
3;35;(9,16);;<0, 0, 0, 0, 0>
3;45;(9,15);;<0, 0, 0, 0, 0>
3;55;(10,14);;<0, 0, 0, 0, 0>
3;64;(18,13);;<0, 0, 0, 0, 0>
3;80;(19,12);;<0, 0, 0, 0, 0>
3;81;(18,12);;<1, 0, 0, 0, 1>
3;82;(17,12);;<0, 0, 0, 0, 0>
3;93;(8,16);;<0, 0, 0, 0, 0>
3;98;(18,3);;<1, 0, 0, 0, 1>
3;101;(19,4);;<1, 0, 0, 0, 1>
3;103;(18,4);;<0, 0, 0, 0, 0>
3;113;(18,2);outputNeighborhood;<1, 0, 0, 0, 1>
3;113;(18,2);;<1, 2, 0, 0, 2>
3;122;(19,3);outputNeighborhood;<1, 0, 0, 0, 1>
3;122;(19,3);;<1, 2, 0, 0, 2>
3;127;(17,10);;<0, 0, 0, 0, 0>
3;134;(17,3);;<1, 0, 0, 0, 1>
3;142;(1,3);;<0, 0, 0, 0, 0>
3;144;(0,3);;<0, 0, 0, 0, 0>
3;148;(0,11);;<0, 0, 0, 0, 0>
3;150;(18,9);;<0, 0, 0, 0, 0>
3;160;(11,16);;<0, 0, 0, 0, 0>
3;178;(16,2);;<0, 0, 0, 0, 0>
3;184;(10,18);;<0, 0, 0, 0, 0>
3;202;(17,11);;<0, 0, 0, 0, 0>
3;213;(11,15);;<0, 0, 0, 0, 0>
3;221;(19,2);;<1, 2, 0, 0, 2>
3;223;(18,0);;<0, 0, 0, 0, 0>
3;229;(9,17);;<0, 0, 0, 0, 0>
3;231;(19,1);;<0, 0, 0, 0, 0>
3;252;(17,1);;<0, 0, 0, 0, 0>
3;255;(18,1);;<0, 0, 0, 0, 0>
3;266;(0,2);;<0, 0, 0, 0, 0>
3;271;(10,16);outputNeighborhood;<1, 0, 0, 0, 1>
3;271;(10,16);;<1, 2, 0, 0, 2>
3;274;(19,5);;<0, 0, 0, 0, 0>
3;290;(19,10);;<0, 0, 0, 0, 0>
3;296;(10,15);;<1, 0, 0, 0, 1>
3;305;(17,2);;<1, 0, 0, 0, 1>
3;367;(19,11);;<0, 0, 0, 0, 0>
3;380;(0,4);;<0, 0, 0, 0, 0>
3;383;(18,10);;<1, 0, 0, 0, 1>
3;386;(16,11);;<0, 0, 0, 0, 0>
3;393;(18,11);outputNeighborhood;<1, 0, 0, 0, 1>
3;393;(18,11);;<1, 2, 0, 0, 2>
4;23;(11,17);;<0, 0, 0, 0, 0>
4;24;(10,17);;<1, 0, 0, 0, 1>
4;33;(12,16);;<0, 0, 0, 0, 0>
4;35;(9,16);;<0, 0, 0, 0, 0>
4;45;(9,15);;<0, 0, 0, 0, 0>
4;55;(10,14);;<0, 0, 0, 0, 0>
4;64;(18,13);;<0, 0, 0, 0, 0>
4;80;(19,12);;<0, 0, 0, 0, 0>
4;81;(18,12);;<1, 0, 0, 0, 1>
4;82;(17,12);;<0, 0, 0, 0, 0>
4;86;(18,5);;<0, 0, 0, 0, 0>
4;87;(17,5);;<0, 0, 0, 0, 0>
4;93;(8,16);;<0, 0, 0, 0, 0>
4;98;(18,3);outputNeighborhood;<1, 0, 0, 0, 1>
4;98;(18,3);;<1, 2, 0, 0, 2>
4;101;(19,4);;<1, 0, 0, 0, 1>
4;103;(18,4);;<1, 0, 0, 0, 1>
4;107;(16,4);;<0, 0, 0, 0, 0>
4;113;(18,2);outputNeighborhood;<1, 2, 0, 0, 2>
4;113;(18,2);;<1, 2, 0, 0, 2>
4;122;(19,3);outputNeighborhood;<1, 2, 0, 0, 2>
4;122;(19,3);;<1, 2, 0, 0, 2>
4;127;(17,10);;<0, 0, 0, 0, 0>
4;128;(15,3);;<0, 0, 0, 0, 0>
4;134;(17,3);outputNeighborhood;<1, 0, 0, 0, 1>
4;134;(17,3);;<1, 2, 0, 0, 2>
4;142;(1,3);;<0, 0, 0, 0, 0>
4;144;(0,3);;<1, 0, 0, 0, 1>
4;145;(0,1);;<0, 0, 0, 0, 0>
4;148;(0,11);;<0, 0, 0, 0, 0>
4;150;(18,9);;<0, 0, 0, 0, 0>
4;160;(11,16);;<0, 0, 0, 0, 0>
4;173;(17,4);;<0, 0, 0, 0, 0>
4;178;(16,2);;<0, 0, 0, 0, 0>
4;184;(10,18);;<0, 0, 0, 0, 0>
4;202;(17,11);;<0, 0, 0, 0, 0>
4;213;(11,15);;<0, 0, 0, 0, 0>
4;221;(19,2);outputNeighborhood;<1, 2, 0, 0, 2>
4;221;(19,2);;<1, 2, 0, 0, 2>
4;223;(18,0);;<0, 0, 0, 0, 0>
4;229;(9,17);;<0, 0, 0, 0, 0>
4;231;(19,1);;<0, 0, 0, 0, 0>
4;252;(17,1);;<0, 0, 0, 0, 0>
4;255;(18,1);;<1, 0, 0, 0, 1>
4;260;(1,2);;<0, 0, 0, 0, 0>
4;266;(0,2);;<0, 0, 0, 0, 0>
4;271;(10,16);outputNeighborhood;<1, 2, 0, 0, 2>
4;271;(10,16);;<1, 2, 0, 0, 2>
4;274;(19,5);;<0, 0, 0, 0, 0>
4;290;(19,10);;<0, 0, 0, 0, 0>
4;296;(10,15);;<1, 0, 0, 0, 1>
4;299;(19,0);;<0, 0, 0, 0, 0>
4;305;(17,2);;<1, 2, 0, 0, 2>
4;341;(16,3);;<0, 0, 0, 0, 0>
4;367;(19,11);;<0, 0, 0, 0, 0>
4;380;(0,4);;<0, 0, 0, 0, 0>
4;383;(18,10);;<1, 0, 0, 0, 1>
4;386;(16,11);;<0, 0, 0, 0, 0>
4;393;(18,11);outputNeighborhood;<1, 2, 0, 0, 2>
4;393;(18,11);;<1, 2, 0, 0, 2>
5;2;(18,19);;<0, 0, 0, 0, 0>
5;86;(18,5);;<0, 0, 0, 0, 0>
5;87;(17,5);;<0, 0, 0, 0, 0>
5;98;(18,3);outputNeighborhood;<1, 2, 0, 0, 2>
5;98;(18,3);;<1, 2, 0, 0, 2>
5;101;(19,4);;<1, 2, 0, 0, 2>
5;103;(18,4);outputNeighborhood;<1, 0, 0, 0, 1>
5;103;(18,4);;<1, 2, 0, 0, 2>
5;107;(16,4);;<0, 0, 0, 0, 0>
5;113;(18,2);;<1, 2, 0, 0, 2>
5;115;(0,5);;<0, 0, 0, 0, 0>
5;119;(1,4);;<1, 0, 0, 0, 1>
5;122;(19,3);;<1, 2, 0, 0, 2>
5;128;(15,3);;<0, 0, 0, 0, 0>
5;134;(17,3);outputNeighborhood;<1, 2, 0, 0, 2>
5;134;(17,3);;<1, 2, 0, 0, 2>
5;137;(2,3);;<0, 0, 0, 0, 0>
5;142;(1,3);;<0, 0, 0, 0, 0>
5;144;(0,3);outputNeighborhood;<1, 0, 0, 0, 1>
5;144;(0,3);;<1, 0, 0, 0, 1>
5;145;(0,1);;<0, 0, 0, 0, 0>
5;173;(17,4);;<1, 0, 0, 0, 1>
5;178;(16,2);;<0, 0, 0, 0, 0>
5;189;(17,0);;<0, 0, 0, 0, 0>
5;221;(19,2);;<1, 2, 0, 0, 2>
5;223;(18,0);;<0, 0, 0, 0, 0>
5;231;(19,1);;<1, 0, 0, 0, 1>
5;252;(17,1);;<1, 0, 0, 0, 1>
5;253;(16,1);;<0, 0, 0, 0, 0>
5;255;(18,1);outputNeighborhood;<1, 0, 0, 0, 1>
5;255;(18,1);;<1, 0, 0, 0, 1>
5;260;(1,2);;<0, 0, 0, 0, 0>
5;266;(0,2);;<1, 0, 0, 0, 1>
5;274;(19,5);;<0, 0, 0, 0, 0>
5;299;(19,0);;<0, 0, 0, 0, 0>
5;304;(18,6);;<0, 0, 0, 0, 0>
5;305;(17,2);outputNeighborhood;<1, 2, 0, 0, 2>
5;305;(17,2);;<1, 2, 0, 0, 2>
5;341;(16,3);;<1, 0, 0, 0, 1>
5;345;(15,2);;<0, 0, 0, 0, 0>
5;380;(0,4);;<1, 0, 0, 0, 1>
6;1;(19,19);;<0, 0, 0, 0, 0>
6;3;(17,19);;<0, 0, 0, 0, 0>
6;86;(18,5);;<0, 0, 0, 0, 0>
6;87;(17,5);;<1, 0, 0, 0, 1>
6;98;(18,3);;<1, 2, 0, 0, 2>
6;101;(19,4);outputNeighborhood;<1, 2, 0, 0, 2>
6;101;(19,4);;<1, 2, 0, 0, 2>
6;103;(18,4);outputNeighborhood;<1, 2, 0, 0, 2>
6;103;(18,4);;<1, 2, 0, 0, 2>
6;107;(16,4);;<1, 0, 0, 0, 1>
6;113;(18,2);;<1, 2, 0, 0, 2>
6;115;(0,5);;<0, 0, 0, 0, 0>
6;118;(3,4);;<0, 0, 0, 0, 0>
6;119;(1,4);outputNeighborhood;<1, 0, 0, 0, 1>
6;119;(1,4);;<1, 0, 0, 0, 1>
6;122;(19,3);;<1, 2, 0, 0, 2>
6;124;(1,1);;<0, 0, 0, 0, 0>
6;128;(15,3);;<0, 0, 0, 0, 0>
6;134;(17,3);;<1, 2, 0, 0, 2>
6;137;(2,3);;<0, 0, 0, 0, 0>
6;142;(1,3);;<1, 0, 0, 0, 1>
6;144;(0,3);;<1, 2, 0, 0, 2>
6;145;(0,1);;<1, 0, 0, 0, 1>
6;149;(2,5);;<0, 0, 0, 0, 0>
6;152;(2,2);;<0, 0, 0, 0, 0>
6;171;(14,3);;<0, 0, 0, 0, 0>
6;172;(17,6);;<0, 0, 0, 0, 0>
6;173;(17,4);outputNeighborhood;<1, 0, 0, 0, 1>
6;173;(17,4);;<1, 2, 0, 0, 2>
6;175;(2,4);;<0, 0, 0, 0, 0>
6;177;(1,6);;<0, 0, 0, 0, 0>
6;178;(16,2);;<1, 0, 0, 0, 1>
6;180;(15,4);;<0, 0, 0, 0, 0>
6;189;(17,0);;<0, 0, 0, 0, 0>
6;190;(16,5);;<0, 0, 0, 0, 0>
6;221;(19,2);;<1, 2, 0, 0, 2>
6;223;(18,0);;<0, 0, 0, 0, 0>
6;231;(19,1);outputNeighborhood;<1, 0, 0, 0, 1>
6;231;(19,1);;<1, 2, 0, 0, 2>
6;248;(16,0);;<0, 0, 0, 0, 0>
6;252;(17,1);outputNeighborhood;<1, 0, 0, 0, 1>
6;252;(17,1);;<1, 2, 0, 0, 2>
6;253;(16,1);;<0, 0, 0, 0, 0>
6;254;(15,1);;<0, 0, 0, 0, 0>
6;255;(18,1);;<1, 2, 0, 0, 2>
6;259;(0,0);;<0, 0, 0, 0, 0>
6;260;(1,2);;<1, 0, 0, 0, 1>
6;266;(0,2);outputNeighborhood;<1, 0, 0, 0, 1>
6;266;(0,2);;<1, 2, 0, 0, 2>
6;274;(19,5);;<0, 0, 0, 0, 0>
6;299;(19,0);;<0, 0, 0, 0, 0>
6;304;(18,6);;<0, 0, 0, 0, 0>
6;305;(17,2);;<1, 2, 0, 0, 2>
6;331;(0,6);;<0, 0, 0, 0, 0>
6;332;(19,6);;<0, 0, 0, 0, 0>
6;341;(16,3);outputNeighborhood;<1, 0, 0, 0, 1>
6;341;(16,3);;<1, 0, 0, 0, 1>
6;345;(15,2);;<0, 0, 0, 0, 0>
6;380;(0,4);outputNeighborhood;<1, 0, 0, 0, 1>
6;380;(0,4);;<1, 2, 0, 0, 2>
6;390;(1,5);;<0, 0, 0, 0, 0>
7;1;(19,19);;<0, 0, 0, 0, 0>
7;2;(18,19);;<0, 0, 0, 0, 0>
7;3;(17,19);;<0, 0, 0, 0, 0>
7;9;(0,19);;<0, 0, 0, 0, 0>
7;86;(18,5);;<1, 0, 0, 0, 1>
7;87;(17,5);outputNeighborhood;<1, 0, 0, 0, 1>
7;87;(17,5);;<1, 0, 0, 0, 1>
7;89;(15,5);;<0, 0, 0, 0, 0>
7;98;(18,3);;<1, 2, 0, 0, 2>
7;101;(19,4);;<1, 2, 0, 0, 2>
7;103;(18,4);;<1, 2, 0, 0, 2>
7;107;(16,4);outputNeighborhood;<1, 0, 0, 0, 1>
7;107;(16,4);;<1, 2, 0, 0, 2>
7;113;(18,2);;<1, 2, 0, 0, 2>
7;115;(0,5);;<0, 0, 0, 0, 0>
7;119;(1,4);;<1, 2, 0, 0, 2>
7;122;(19,3);;<1, 2, 0, 0, 2>
7;124;(1,1);;<1, 0, 0, 0, 1>
7;128;(15,3);;<0, 0, 0, 0, 0>
7;134;(17,3);;<1, 2, 0, 0, 2>
7;137;(2,3);;<0, 0, 0, 0, 0>
7;142;(1,3);outputNeighborhood;<1, 0, 0, 0, 1>
7;142;(1,3);;<1, 2, 0, 0, 2>
7;144;(0,3);outputNeighborhood;<1, 2, 0, 0, 2>
7;144;(0,3);;<1, 2, 0, 0, 2>
7;145;(0,1);outputNeighborhood;<1, 0, 0, 0, 1>
7;145;(0,1);;<1, 2, 0, 0, 2>
7;147;(3,3);;<0, 0, 0, 0, 0>
7;152;(2,2);;<0, 0, 0, 0, 0>
7;172;(17,6);;<0, 0, 0, 0, 0>
7;173;(17,4);outputNeighborhood;<1, 2, 0, 0, 2>
7;173;(17,4);;<1, 2, 0, 0, 2>
7;175;(2,4);;<0, 0, 0, 0, 0>
7;178;(16,2);outputNeighborhood;<1, 0, 0, 0, 1>
7;178;(16,2);;<1, 2, 0, 0, 2>
7;180;(15,4);;<0, 0, 0, 0, 0>
7;186;(2,1);;<0, 0, 0, 0, 0>
7;187;(1,0);;<0, 0, 0, 0, 0>
7;189;(17,0);;<0, 0, 0, 0, 0>
7;190;(16,5);;<1, 0, 0, 0, 1>
7;221;(19,2);;<1, 2, 0, 0, 2>
7;223;(18,0);;<0, 0, 0, 0, 0>
7;231;(19,1);outputNeighborhood;<1, 2, 0, 0, 2>
7;231;(19,1);;<1, 2, 0, 0, 2>
7;248;(16,0);;<0, 0, 0, 0, 0>
7;252;(17,1);outputNeighborhood;<1, 2, 0, 0, 2>
7;252;(17,1);;<1, 2, 0, 0, 2>
7;253;(16,1);;<1, 0, 0, 0, 1>
7;254;(15,1);;<0, 0, 0, 0, 0>
7;255;(18,1);outputNeighborhood;<1, 2, 0, 0, 2>
7;255;(18,1);;<1, 2, 0, 0, 2>
7;259;(0,0);;<0, 0, 0, 0, 0>
7;260;(1,2);outputNeighborhood;<1, 0, 0, 0, 1>
7;260;(1,2);;<1, 2, 0, 0, 2>
7;266;(0,2);outputNeighborhood;<1, 2, 0, 0, 2>
7;266;(0,2);;<1, 2, 0, 0, 2>
7;267;(3,2);;<0, 0, 0, 0, 0>
7;274;(19,5);;<0, 0, 0, 0, 0>
7;284;(14,4);;<0, 0, 0, 0, 0>
7;285;(14,2);;<0, 0, 0, 0, 0>
7;299;(19,0);;<0, 0, 0, 0, 0>
7;303;(16,6);;<0, 0, 0, 0, 0>
7;304;(18,6);;<0, 0, 0, 0, 0>
7;305;(17,2);;<1, 2, 0, 0, 2>
7;320;(17,7);;<0, 0, 0, 0, 0>
7;331;(0,6);;<0, 0, 0, 0, 0>
7;341;(16,3);;<1, 2, 0, 0, 2>
7;345;(15,2);;<0, 0, 0, 0, 0>
7;380;(0,4);outputNeighborhood;<1, 2, 0, 0, 2>
7;380;(0,4);;<1, 2, 0, 0, 2>
7;390;(1,5);;<0, 0, 0, 0, 0>
8;9;(0,19);;<0, 0, 0, 0, 0>
8;86;(18,5);outputNeighborhood;<1, 0, 0, 0, 1>
8;86;(18,5);;<1, 2, 0, 0, 2>
8;87;(17,5);;<1, 2, 0, 0, 2>
8;89;(15,5);;<0, 0, 0, 0, 0>
8;98;(18,3);;<1, 2, 0, 0, 2>
8;101;(19,4);;<1, 2, 0, 0, 2>
8;103;(18,4);;<1, 2, 0, 0, 2>
8;107;(16,4);outputNeighborhood;<1, 2, 0, 0, 2>
8;107;(16,4);;<1, 2, 0, 0, 2>
8;109;(16,19);;<0, 0, 0, 0, 0>
8;113;(18,2);;<1, 2, 0, 0, 2>
8;115;(0,5);;<0, 0, 0, 0, 0>
8;118;(3,4);;<0, 0, 0, 0, 0>
8;119;(1,4);outputNeighborhood;<1, 2, 0, 0, 2>
8;119;(1,4);;<1, 2, 0, 0, 2>
8;122;(19,3);;<1, 2, 0, 0, 2>
8;124;(1,1);outputNeighborhood;<1, 0, 0, 0, 1>
8;124;(1,1);;<1, 2, 0, 0, 2>
8;128;(15,3);;<0, 0, 0, 0, 0>
8;134;(17,3);;<1, 2, 0, 0, 2>
8;137;(2,3);;<0, 0, 0, 0, 0>
8;142;(1,3);outputNeighborhood;<1, 2, 0, 0, 2>
8;142;(1,3);;<1, 2, 0, 0, 2>
8;144;(0,3);;<1, 2, 0, 0, 2>
8;145;(0,1);outputNeighborhood;<1, 2, 0, 0, 2>
8;145;(0,1);;<1, 2, 0, 0, 2>
8;147;(3,3);;<0, 0, 0, 0, 0>
8;149;(2,5);;<0, 0, 0, 0, 0>
8;152;(2,2);;<0, 0, 0, 0, 0>
8;171;(14,3);;<0, 0, 0, 0, 0>
8;172;(17,6);;<0, 0, 0, 0, 0>
8;173;(17,4);;<1, 2, 0, 0, 2>
8;175;(2,4);;<0, 0, 0, 0, 0>
8;177;(1,6);;<0, 0, 0, 0, 0>
8;178;(16,2);outputNeighborhood;<1, 2, 0, 0, 2>
8;178;(16,2);;<1, 2, 0, 0, 2>
8;180;(15,4);;<0, 0, 0, 0, 0>
8;181;(1,19);;<0, 0, 0, 0, 0>
8;186;(2,1);;<0, 0, 0, 0, 0>
8;187;(1,0);;<0, 0, 0, 0, 0>
8;189;(17,0);;<0, 0, 0, 0, 0>
8;190;(16,5);outputNeighborhood;<1, 0, 0, 0, 1>
8;190;(16,5);;<1, 2, 0, 0, 2>
8;191;(18,7);;<0, 0, 0, 0, 0>
8;192;(15,0);;<0, 0, 0, 0, 0>
8;199;(3,1);;<0, 0, 0, 0, 0>
8;221;(19,2);;<1, 2, 0, 0, 2>
8;231;(19,1);;<1, 2, 0, 0, 2>
8;243;(15,6);;<0, 0, 0, 0, 0>
8;248;(16,0);;<0, 0, 0, 0, 0>
8;252;(17,1);;<1, 2, 0, 0, 2>
8;253;(16,1);outputNeighborhood;<1, 0, 0, 0, 1>
8;253;(16,1);;<1, 2, 0, 0, 2>
8;254;(15,1);;<0, 0, 0, 0, 0>
8;255;(18,1);;<1, 2, 0, 0, 2>
8;259;(0,0);;<0, 0, 0, 0, 0>
8;260;(1,2);outputNeighborhood;<1, 2, 0, 0, 2>
8;260;(1,2);;<1, 2, 0, 0, 2>
8;266;(0,2);;<1, 2, 0, 0, 2>
8;267;(3,2);;<0, 0, 0, 0, 0>
8;272;(14,5);;<0, 0, 0, 0, 0>
8;273;(2,0);;<0, 0, 0, 0, 0>
8;274;(19,5);;<1, 0, 0, 0, 1>
8;275;(14,1);;<0, 0, 0, 0, 0>
8;278;(16,7);;<1, 0, 0, 0, 1>
8;284;(14,4);;<0, 0, 0, 0, 0>
8;285;(14,2);;<0, 0, 0, 0, 0>
8;299;(19,0);;<0, 0, 0, 0, 0>
8;303;(16,6);;<0, 0, 0, 0, 0>
8;304;(18,6);;<0, 0, 0, 0, 0>
8;305;(17,2);;<1, 2, 0, 0, 2>
8;332;(19,6);;<0, 0, 0, 0, 0>
8;341;(16,3);outputNeighborhood;<1, 2, 0, 0, 2>
8;341;(16,3);;<1, 2, 0, 0, 2>
8;345;(15,2);;<0, 0, 0, 0, 0>
8;380;(0,4);;<1, 2, 0, 0, 2>
8;390;(1,5);;<0, 0, 0, 0, 0>
9;86;(18,5);outputNeighborhood;<1, 2, 0, 0, 2>
9;86;(18,5);;<1, 2, 0, 0, 2>
9;87;(17,5);outputNeighborhood;<1, 2, 0, 0, 2>
9;87;(17,5);;<1, 2, 0, 0, 2>
9;89;(15,5);;<0, 0, 0, 0, 0>
9;98;(18,3);;<1, 2, 0, 0, 2>
9;101;(19,4);;<1, 2, 0, 0, 2>
9;103;(18,4);;<1, 2, 0, 0, 2>
9;107;(16,4);;<1, 2, 0, 0, 2>
9;109;(16,19);;<0, 0, 0, 0, 0>
9;115;(0,5);;<1, 0, 0, 0, 1>
9;117;(14,7);;<0, 0, 0, 0, 0>
9;122;(19,3);;<1, 2, 0, 0, 2>
9;124;(1,1);outputNeighborhood;<1, 2, 0, 0, 2>
9;124;(1,1);;<1, 2, 0, 0, 2>
9;133;(16,9);;<1, 0, 0, 0, 1>
9;134;(17,3);;<1, 2, 0, 0, 2>
9;142;(1,3);;<1, 2, 0, 0, 2>
9;145;(0,1);;<1, 2, 0, 0, 2>
9;152;(2,2);;<0, 0, 0, 0, 0>
9;172;(17,6);;<0, 0, 0, 0, 0>
9;173;(17,4);;<1, 2, 0, 0, 2>
9;178;(16,2);;<1, 2, 0, 0, 2>
9;180;(15,4);;<0, 0, 0, 0, 0>
9;181;(1,19);;<0, 0, 0, 0, 0>
9;186;(2,1);;<0, 0, 0, 0, 0>
9;187;(1,0);;<0, 0, 0, 0, 0>
9;189;(17,0);;<0, 0, 0, 0, 0>
9;190;(16,5);outputNeighborhood;<1, 2, 0, 0, 2>
9;190;(16,5);;<1, 2, 0, 0, 2>
9;191;(18,7);;<1, 0, 0, 0, 1>
9;192;(15,0);;<0, 0, 0, 0, 0>
9;199;(3,1);;<0, 0, 0, 0, 0>
9;205;(19,7);;<0, 0, 0, 0, 0>
9;231;(19,1);;<1, 2, 0, 0, 2>
9;243;(15,6);;<0, 0, 0, 0, 0>
9;248;(16,0);;<0, 0, 0, 0, 0>
9;252;(17,1);;<1, 2, 0, 0, 2>
9;253;(16,1);outputNeighborhood;<1, 2, 0, 0, 2>
9;253;(16,1);;<1, 2, 0, 0, 2>
9;254;(15,1);;<0, 0, 0, 0, 0>
9;255;(18,1);;<1, 2, 0, 0, 2>
9;259;(0,0);;<0, 0, 0, 0, 0>
9;260;(1,2);;<1, 2, 0, 0, 2>
9;266;(0,2);;<1, 2, 0, 0, 2>
9;272;(14,5);;<0, 0, 0, 0, 0>
9;273;(2,0);;<0, 0, 0, 0, 0>
9;274;(19,5);outputNeighborhood;<1, 0, 0, 0, 1>
9;274;(19,5);;<1, 2, 0, 0, 2>
9;275;(14,1);;<0, 0, 0, 0, 0>
9;278;(16,7);outputNeighborhood;<1, 0, 0, 0, 1>
9;278;(16,7);;<1, 0, 0, 0, 1>
9;303;(16,6);;<1, 0, 0, 0, 1>
9;304;(18,6);;<0, 0, 0, 0, 0>
9;305;(17,2);;<1, 2, 0, 0, 2>
9;307;(15,8);;<0, 0, 0, 0, 0>
9;318;(15,7);;<0, 0, 0, 0, 0>
9;320;(17,7);;<0, 0, 0, 0, 0>
9;331;(0,6);;<0, 0, 0, 0, 0>
9;332;(19,6);;<0, 0, 0, 0, 0>
9;339;(17,8);;<0, 0, 0, 0, 0>
9;341;(16,3);;<1, 2, 0, 0, 2>
9;345;(15,2);;<0, 0, 0, 0, 0>
9;380;(0,4);;<1, 2, 0, 0, 2>
9;390;(1,5);;<0, 0, 0, 0, 0>
9;395;(16,8);;<1, 0, 0, 0, 1>
10;86;(18,5);;<1, 2, 0, 0, 2>
10;87;(17,5);;<1, 2, 0, 0, 2>
10;89;(15,5);;<0, 0, 0, 0, 0>
10;101;(19,4);;<1, 2, 0, 0, 2>
10;103;(18,4);;<1, 2, 0, 0, 2>
10;107;(16,4);;<1, 2, 0, 0, 2>
10;115;(0,5);outputNeighborhood;<1, 0, 0, 0, 1>
10;115;(0,5);;<1, 2, 0, 0, 2>
10;119;(1,4);;<1, 2, 0, 0, 2>
10;122;(19,3);;<1, 2, 0, 0, 2>
10;133;(16,9);;<1, 0, 0, 0, 1>
10;144;(0,3);;<1, 2, 0, 0, 2>
10;149;(2,5);;<0, 0, 0, 0, 0>
10;150;(18,9);;<0, 0, 0, 0, 0>
10;172;(17,6);;<1, 0, 0, 0, 1>
10;177;(1,6);;<0, 0, 0, 0, 0>
10;179;(18,8);;<0, 0, 0, 0, 0>
10;190;(16,5);;<1, 2, 0, 0, 2>
10;191;(18,7);outputNeighborhood;<1, 0, 0, 0, 1>
10;191;(18,7);;<1, 0, 0, 0, 1>
10;205;(19,7);;<0, 0, 0, 0, 0>
10;210;(14,8);;<0, 0, 0, 0, 0>
10;243;(15,6);;<0, 0, 0, 0, 0>
10;274;(19,5);outputNeighborhood;<1, 2, 0, 0, 2>
10;274;(19,5);;<1, 2, 0, 0, 2>
10;278;(16,7);;<1, 2, 0, 0, 2>
10;301;(14,6);;<0, 0, 0, 0, 0>
10;303;(16,6);outputNeighborhood;<1, 0, 0, 0, 1>
10;303;(16,6);;<1, 2, 0, 0, 2>
10;304;(18,6);;<1, 0, 0, 0, 1>
10;306;(0,7);;<0, 0, 0, 0, 0>
10;307;(15,8);;<0, 0, 0, 0, 0>
10;318;(15,7);;<0, 0, 0, 0, 0>
10;320;(17,7);;<1, 0, 0, 0, 1>
10;331;(0,6);;<0, 0, 0, 0, 0>
10;332;(19,6);;<0, 0, 0, 0, 0>
10;339;(17,8);;<0, 0, 0, 0, 0>
10;343;(19,8);;<0, 0, 0, 0, 0>
10;357;(15,9);;<0, 0, 0, 0, 0>
10;358;(17,9);;<0, 0, 0, 0, 0>
10;379;(16,10);;<0, 0, 0, 0, 0>
10;380;(0,4);;<1, 2, 0, 0, 2>
10;390;(1,5);;<1, 0, 0, 0, 1>
10;395;(16,8);outputNeighborhood;<1, 0, 0, 0, 1>
10;395;(16,8);;<1, 2, 0, 0, 2>
11;86;(18,5);;<1, 2, 0, 0, 2>
11;87;(17,5);;<1, 2, 0, 0, 2>
11;89;(15,5);;<0, 0, 0, 0, 0>
11;101;(19,4);;<1, 2, 0, 0, 2>
11;103;(18,4);;<1, 2, 0, 0, 2>
11;107;(16,4);;<1, 2, 0, 0, 2>
11;115;(0,5);outputNeighborhood;<1, 2, 0, 0, 2>
11;115;(0,5);;<1, 2, 0, 0, 2>
11;117;(14,7);;<0, 0, 0, 0, 0>
11;119;(1,4);;<1, 2, 0, 0, 2>
11;133;(16,9);;<1, 0, 0, 0, 1>
11;142;(1,3);;<1, 2, 0, 0, 2>
11;144;(0,3);;<1, 2, 0, 0, 2>
11;149;(2,5);;<0, 0, 0, 0, 0>
11;172;(17,6);outputNeighborhood;<1, 0, 0, 0, 1>
11;172;(17,6);;<1, 2, 0, 0, 2>
11;173;(17,4);;<1, 2, 0, 0, 2>
11;175;(2,4);;<0, 0, 0, 0, 0>
11;177;(1,6);;<0, 0, 0, 0, 0>
11;179;(18,8);;<0, 0, 0, 0, 0>
11;190;(16,5);;<1, 2, 0, 0, 2>
11;191;(18,7);;<1, 2, 0, 0, 2>
11;205;(19,7);;<0, 0, 0, 0, 0>
11;210;(14,8);;<0, 0, 0, 0, 0>
11;243;(15,6);;<0, 0, 0, 0, 0>
11;245;(2,6);;<0, 0, 0, 0, 0>
11;265;(3,5);;<0, 0, 0, 0, 0>
11;274;(19,5);;<1, 2, 0, 0, 2>
11;278;(16,7);outputNeighborhood;<1, 2, 0, 0, 2>
11;278;(16,7);;<1, 2, 0, 0, 2>
11;301;(14,6);;<0, 0, 0, 0, 0>
11;303;(16,6);outputNeighborhood;<1, 2, 0, 0, 2>
11;303;(16,6);;<1, 2, 0, 0, 2>
11;304;(18,6);outputNeighborhood;<1, 0, 0, 0, 1>
11;304;(18,6);;<1, 2, 0, 0, 2>
11;306;(0,7);;<0, 0, 0, 0, 0>
11;307;(15,8);;<0, 0, 0, 0, 0>
11;308;(1,7);;<0, 0, 0, 0, 0>
11;318;(15,7);;<0, 0, 0, 0, 0>
11;320;(17,7);outputNeighborhood;<1, 0, 0, 0, 1>
11;320;(17,7);;<1, 2, 0, 0, 2>
11;331;(0,6);;<0, 0, 0, 0, 0>
11;332;(19,6);;<1, 0, 0, 0, 1>
11;339;(17,8);;<1, 0, 0, 0, 1>
11;357;(15,9);;<1, 0, 0, 0, 1>
11;358;(17,9);;<0, 0, 0, 0, 0>
11;379;(16,10);;<0, 0, 0, 0, 0>
11;380;(0,4);;<1, 2, 0, 0, 2>
11;390;(1,5);outputNeighborhood;<1, 0, 0, 0, 1>
11;390;(1,5);;<1, 2, 0, 0, 2>
11;395;(16,8);outputNeighborhood;<1, 2, 0, 0, 2>
11;395;(16,8);;<1, 2, 0, 0, 2>
12;86;(18,5);;<1, 2, 0, 0, 2>
12;87;(17,5);;<1, 2, 0, 0, 2>
12;101;(19,4);;<1, 2, 0, 0, 2>
12;103;(18,4);;<1, 2, 0, 0, 2>
12;115;(0,5);;<1, 2, 0, 0, 2>
12;119;(1,4);;<1, 2, 0, 0, 2>
12;127;(17,10);;<0, 0, 0, 0, 0>
12;133;(16,9);;<1, 2, 0, 0, 2>
12;142;(1,3);;<1, 2, 0, 0, 2>
12;149;(2,5);;<0, 0, 0, 0, 0>
12;150;(18,9);;<0, 0, 0, 0, 0>
12;172;(17,6);outputNeighborhood;<1, 2, 0, 0, 2>
12;172;(17,6);;<1, 2, 0, 0, 2>
12;173;(17,4);;<1, 2, 0, 0, 2>
12;175;(2,4);;<0, 0, 0, 0, 0>
12;177;(1,6);;<0, 0, 0, 0, 0>
12;179;(18,8);;<1, 0, 0, 0, 1>
12;190;(16,5);;<1, 2, 0, 0, 2>
12;191;(18,7);outputNeighborhood;<1, 2, 0, 0, 2>
12;191;(18,7);;<1, 2, 0, 0, 2>
12;205;(19,7);;<1, 0, 0, 0, 1>
12;210;(14,8);;<0, 0, 0, 0, 0>
12;226;(14,9);;<0, 0, 0, 0, 0>
12;243;(15,6);;<0, 0, 0, 0, 0>
12;245;(2,6);;<0, 0, 0, 0, 0>
12;247;(15,11);;<0, 0, 0, 0, 0>
12;262;(13,9);;<0, 0, 0, 0, 0>
12;263;(14,10);;<0, 0, 0, 0, 0>
12;265;(3,5);;<0, 0, 0, 0, 0>
12;274;(19,5);;<1, 2, 0, 0, 2>
12;278;(16,7);;<1, 2, 0, 0, 2>
12;303;(16,6);;<1, 2, 0, 0, 2>
12;304;(18,6);outputNeighborhood;<1, 2, 0, 0, 2>
12;304;(18,6);;<1, 2, 0, 0, 2>
12;306;(0,7);;<0, 0, 0, 0, 0>
12;307;(15,8);;<1, 0, 0, 0, 1>
12;308;(1,7);;<0, 0, 0, 0, 0>
12;318;(15,7);;<0, 0, 0, 0, 0>
12;320;(17,7);outputNeighborhood;<1, 2, 0, 0, 2>
12;320;(17,7);;<1, 2, 0, 0, 2>
12;331;(0,6);;<1, 0, 0, 0, 1>
12;332;(19,6);outputNeighborhood;<1, 0, 0, 0, 1>
12;332;(19,6);;<1, 2, 0, 0, 2>
12;339;(17,8);outputNeighborhood;<1, 0, 0, 0, 1>
12;339;(17,8);;<1, 2, 0, 0, 2>
12;343;(19,8);;<0, 0, 0, 0, 0>
12;357;(15,9);outputNeighborhood;<1, 0, 0, 0, 1>
12;357;(15,9);;<1, 0, 0, 0, 1>
12;358;(17,9);;<1, 0, 0, 0, 1>
12;378;(15,10);;<0, 0, 0, 0, 0>
12;379;(16,10);;<0, 0, 0, 0, 0>
12;380;(0,4);;<1, 2, 0, 0, 2>
12;390;(1,5);outputNeighborhood;<1, 2, 0, 0, 2>
12;390;(1,5);;<1, 2, 0, 0, 2>
12;395;(16,8);;<1, 2, 0, 0, 2>
13;86;(18,5);;<1, 2, 0, 0, 2>
13;101;(19,4);;<1, 2, 0, 0, 2>
13;115;(0,5);;<1, 2, 0, 0, 2>
13;117;(14,7);;<0, 0, 0, 0, 0>
13;127;(17,10);;<1, 0, 0, 0, 1>
13;133;(16,9);outputNeighborhood;<1, 2, 0, 0, 2>
13;133;(16,9);;<1, 2, 0, 0, 2>
13;150;(18,9);;<1, 0, 0, 0, 1>
13;172;(17,6);;<1, 2, 0, 0, 2>
13;177;(1,6);;<1, 0, 0, 0, 1>
13;179;(18,8);outputNeighborhood;<1, 0, 0, 0, 1>
13;179;(18,8);;<1, 2, 0, 0, 2>
13;191;(18,7);;<1, 2, 0, 0, 2>
13;202;(17,11);;<0, 0, 0, 0, 0>
13;205;(19,7);outputNeighborhood;<1, 0, 0, 0, 1>
13;205;(19,7);;<1, 2, 0, 0, 2>
13;210;(14,8);;<0, 0, 0, 0, 0>
13;226;(14,9);;<0, 0, 0, 0, 0>
13;243;(15,6);;<1, 0, 0, 0, 1>
13;245;(2,6);;<0, 0, 0, 0, 0>
13;274;(19,5);;<1, 2, 0, 0, 2>
13;278;(16,7);;<1, 2, 0, 0, 2>
13;286;(13,8);;<0, 0, 0, 0, 0>
13;304;(18,6);;<1, 2, 0, 0, 2>
13;306;(0,7);;<1, 0, 0, 0, 1>
13;307;(15,8);outputNeighborhood;<1, 0, 0, 0, 1>
13;307;(15,8);;<1, 2, 0, 0, 2>
13;308;(1,7);;<0, 0, 0, 0, 0>
13;318;(15,7);;<1, 0, 0, 0, 1>
13;320;(17,7);;<1, 2, 0, 0, 2>
13;324;(0,8);;<1, 0, 0, 0, 1>
13;331;(0,6);outputNeighborhood;<1, 0, 0, 0, 1>
13;331;(0,6);;<1, 2, 0, 0, 2>
13;332;(19,6);outputNeighborhood;<1, 2, 0, 0, 2>
13;332;(19,6);;<1, 2, 0, 0, 2>
13;339;(17,8);outputNeighborhood;<1, 2, 0, 0, 2>
13;339;(17,8);;<1, 2, 0, 0, 2>
13;343;(19,8);;<1, 0, 0, 0, 1>
13;357;(15,9);;<1, 2, 0, 0, 2>
13;358;(17,9);outputNeighborhood;<1, 0, 0, 0, 1>
13;358;(17,9);;<1, 2, 0, 0, 2>
13;359;(19,9);;<0, 0, 0, 0, 0>
13;378;(15,10);;<0, 0, 0, 0, 0>
13;379;(16,10);;<0, 0, 0, 0, 0>
13;380;(0,4);;<1, 2, 0, 0, 2>
13;383;(18,10);;<1, 0, 0, 0, 1>
13;386;(16,11);;<0, 0, 0, 0, 0>
13;390;(1,5);;<1, 2, 0, 0, 2>
13;395;(16,8);;<1, 2, 0, 0, 2>
14;82;(17,12);;<0, 0, 0, 0, 0>
14;89;(15,5);;<1, 0, 0, 0, 1>
14;115;(0,5);;<1, 2, 0, 0, 2>
14;117;(14,7);;<0, 0, 0, 0, 0>
14;119;(1,4);;<1, 2, 0, 0, 2>
14;123;(13,6);;<1, 0, 0, 0, 1>
14;127;(17,10);outputNeighborhood;<1, 0, 0, 0, 1>
14;127;(17,10);;<1, 2, 0, 0, 2>
14;133;(16,9);;<1, 2, 0, 0, 2>
14;149;(2,5);;<0, 0, 0, 0, 0>
14;150;(18,9);outputNeighborhood;<1, 0, 0, 0, 1>
14;150;(18,9);;<1, 2, 0, 0, 2>
14;172;(17,6);;<1, 2, 0, 0, 2>
14;177;(1,6);outputNeighborhood;<1, 0, 0, 0, 1>
14;177;(1,6);;<1, 2, 0, 0, 2>
14;179;(18,8);outputNeighborhood;<1, 2, 0, 0, 2>
14;179;(18,8);;<1, 2, 0, 0, 2>
14;180;(15,4);;<0, 0, 0, 0, 0>
14;190;(16,5);;<1, 2, 0, 0, 2>
14;191;(18,7);;<1, 2, 0, 0, 2>
14;202;(17,11);;<1, 0, 0, 0, 1>
14;205;(19,7);outputNeighborhood;<1, 2, 0, 0, 2>
14;205;(19,7);;<1, 2, 0, 0, 2>
14;210;(14,8);;<0, 0, 0, 0, 0>
14;226;(14,9);;<0, 0, 0, 0, 0>
14;238;(3,6);;<1, 0, 0, 0, 1>
14;243;(15,6);outputNeighborhood;<1, 0, 0, 0, 1>
14;243;(15,6);;<1, 2, 0, 0, 2>
14;245;(2,6);;<1, 0, 0, 0, 1>
14;247;(15,11);;<0, 0, 0, 0, 0>
14;256;(2,7);;<0, 0, 0, 0, 0>
14;262;(13,9);;<0, 0, 0, 0, 0>
14;263;(14,10);;<0, 0, 0, 0, 0>
14;272;(14,5);;<0, 0, 0, 0, 0>
14;274;(19,5);;<1, 2, 0, 0, 2>
14;278;(16,7);;<1, 2, 0, 0, 2>
14;286;(13,8);;<0, 0, 0, 0, 0>
14;290;(19,10);;<0, 0, 0, 0, 0>
14;301;(14,6);;<0, 0, 0, 0, 0>
14;303;(16,6);;<1, 2, 0, 0, 2>
14;304;(18,6);;<1, 2, 0, 0, 2>
14;306;(0,7);outputNeighborhood;<1, 0, 0, 0, 1>
14;306;(0,7);;<1, 2, 0, 0, 2>
14;307;(15,8);outputNeighborhood;<1, 2, 0, 0, 2>
14;307;(15,8);;<1, 2, 0, 0, 2>
14;308;(1,7);;<1, 0, 0, 0, 1>
14;316;(13,7);;<0, 0, 0, 0, 0>
14;318;(15,7);outputNeighborhood;<1, 0, 0, 0, 1>
14;318;(15,7);;<1, 2, 0, 0, 2>
14;320;(17,7);;<1, 2, 0, 0, 2>
14;321;(1,8);;<0, 0, 0, 0, 0>
14;324;(0,8);;<1, 2, 0, 0, 2>
14;331;(0,6);outputNeighborhood;<1, 2, 0, 0, 2>
14;331;(0,6);;<1, 2, 0, 0, 2>
14;332;(19,6);;<1, 2, 0, 0, 2>
14;339;(17,8);;<1, 2, 0, 0, 2>
14;343;(19,8);outputNeighborhood;<1, 0, 0, 0, 1>
14;343;(19,8);;<1, 2, 0, 0, 2>
14;347;(0,9);;<0, 0, 0, 0, 0>
14;357;(15,9);outputNeighborhood;<1, 2, 0, 0, 2>
14;357;(15,9);;<1, 2, 0, 0, 2>
14;358;(17,9);outputNeighborhood;<1, 2, 0, 0, 2>
14;358;(17,9);;<1, 2, 0, 0, 2>
14;359;(19,9);;<1, 0, 0, 0, 1>
14;378;(15,10);;<0, 0, 0, 0, 0>
14;379;(16,10);;<1, 0, 0, 0, 1>
14;380;(0,4);;<1, 2, 0, 0, 2>
14;383;(18,10);;<1, 2, 0, 0, 2>
14;386;(16,11);;<0, 0, 0, 0, 0>
14;390;(1,5);;<1, 2, 0, 0, 2>
14;393;(18,11);;<1, 2, 0, 0, 2>
14;395;(16,8);;<1, 2, 0, 0, 2>
15;81;(18,12);;<1, 0, 0, 0, 1>
15;82;(17,12);;<1, 0, 0, 0, 1>
15;87;(17,5);;<1, 2, 0, 0, 2>
15;89;(15,5);outputNeighborhood;<1, 0, 0, 0, 1>
15;89;(15,5);;<1, 2, 0, 0, 2>
15;100;(2,8);;<0, 0, 0, 0, 0>
15;107;(16,4);;<1, 2, 0, 0, 2>
15;115;(0,5);;<1, 2, 0, 0, 2>
15;117;(14,7);;<0, 0, 0, 0, 0>
15;119;(1,4);;<1, 2, 0, 0, 2>
15;123;(13,6);outputNeighborhood;<1, 0, 0, 0, 1>
15;123;(13,6);;<1, 0, 0, 0, 1>
15;127;(17,10);outputNeighborhood;<1, 2, 0, 0, 2>
15;127;(17,10);;<1, 2, 0, 0, 2>
15;128;(15,3);;<0, 0, 0, 0, 0>
15;133;(16,9);;<1, 2, 0, 0, 2>
15;135;(0,10);;<0, 0, 0, 0, 0>
15;139;(13,5);;<0, 0, 0, 0, 0>
15;146;(3,7);;<0, 0, 0, 0, 0>
15;149;(2,5);;<1, 0, 0, 0, 1>
15;150;(18,9);outputNeighborhood;<1, 2, 0, 0, 2>
15;150;(18,9);;<1, 2, 0, 0, 2>
15;166;(12,6);;<0, 0, 0, 0, 0>
15;172;(17,6);;<1, 2, 0, 0, 2>
15;175;(2,4);;<0, 0, 0, 0, 0>
15;176;(13,4);;<0, 0, 0, 0, 0>
15;177;(1,6);outputNeighborhood;<1, 2, 0, 0, 2>
15;177;(1,6);;<1, 2, 0, 0, 2>
15;179;(18,8);;<1, 2, 0, 0, 2>
15;180;(15,4);;<1, 0, 0, 0, 1>
15;190;(16,5);;<1, 2, 0, 0, 2>
15;191;(18,7);;<1, 2, 0, 0, 2>
15;202;(17,11);outputNeighborhood;<1, 0, 0, 0, 1>
15;202;(17,11);;<1, 2, 0, 0, 2>
15;205;(19,7);;<1, 2, 0, 0, 2>
15;210;(14,8);;<0, 0, 0, 0, 0>
15;211;(12,5);;<0, 0, 0, 0, 0>
15;217;(1,9);;<0, 0, 0, 0, 0>
15;234;(17,13);;<0, 0, 0, 0, 0>
15;238;(3,6);;<1, 0, 0, 0, 1>
15;243;(15,6);outputNeighborhood;<1, 2, 0, 0, 2>
15;243;(15,6);;<1, 2, 0, 0, 2>
15;244;(11,6);;<0, 0, 0, 0, 0>
15;245;(2,6);outputNeighborhood;<1, 0, 0, 0, 1>
15;245;(2,6);;<1, 2, 0, 0, 2>
15;247;(15,11);;<0, 0, 0, 0, 0>
15;256;(2,7);;<1, 0, 0, 0, 1>
15;263;(14,10);;<0, 0, 0, 0, 0>
15;265;(3,5);;<0, 0, 0, 0, 0>
15;272;(14,5);;<0, 0, 0, 0, 0>
15;278;(16,7);;<1, 2, 0, 0, 2>
15;284;(14,4);;<0, 0, 0, 0, 0>
15;286;(13,8);;<0, 0, 0, 0, 0>
15;290;(19,10);;<1, 0, 0, 0, 1>
15;301;(14,6);;<1, 0, 0, 0, 1>
15;303;(16,6);;<1, 2, 0, 0, 2>
15;306;(0,7);outputNeighborhood;<1, 2, 0, 0, 2>
15;306;(0,7);;<1, 2, 0, 0, 2>
15;307;(15,8);;<1, 2, 0, 0, 2>
15;308;(1,7);outputNeighborhood;<1, 0, 0, 0, 1>
15;308;(1,7);;<1, 2, 0, 0, 2>
15;315;(12,7);;<0, 0, 0, 0, 0>
15;316;(13,7);;<0, 0, 0, 0, 0>
15;318;(15,7);outputNeighborhood;<1, 2, 0, 0, 2>
15;318;(15,7);;<1, 2, 0, 0, 2>
15;320;(17,7);;<1, 2, 0, 0, 2>
15;321;(1,8);;<1, 0, 0, 0, 1>
15;324;(0,8);outputNeighborhood;<1, 2, 0, 0, 2>
15;324;(0,8);;<1, 2, 0, 0, 2>
15;331;(0,6);;<1, 2, 0, 0, 2>
15;332;(19,6);;<1, 2, 0, 0, 2>
15;339;(17,8);;<1, 2, 0, 0, 2>
15;343;(19,8);outputNeighborhood;<1, 2, 0, 0, 2>
15;343;(19,8);;<1, 2, 0, 0, 2>
15;347;(0,9);;<1, 0, 0, 0, 1>
15;357;(15,9);;<1, 2, 0, 0, 2>
15;358;(17,9);;<1, 2, 0, 0, 2>
15;359;(19,9);outputNeighborhood;<1, 0, 0, 0, 1>
15;359;(19,9);;<1, 2, 0, 0, 2>
15;367;(19,11);;<1, 0, 0, 0, 1>
15;374;(16,12);;<0, 0, 0, 0, 0>
15;378;(15,10);;<1, 0, 0, 0, 1>
15;379;(16,10);outputNeighborhood;<1, 0, 0, 0, 1>
15;379;(16,10);;<1, 2, 0, 0, 2>
15;383;(18,10);outputNeighborhood;<1, 2, 0, 0, 2>
15;383;(18,10);;<1, 2, 0, 0, 2>
15;386;(16,11);;<1, 0, 0, 0, 1>
15;388;(4,6);;<0, 0, 0, 0, 0>
15;390;(1,5);;<1, 2, 0, 0, 2>
15;393;(18,11);;<1, 2, 0, 0, 2>
15;395;(16,8);;<1, 2, 0, 0, 2>
16;64;(18,13);;<0, 0, 0, 0, 0>
16;65;(16,13);;<0, 0, 0, 0, 0>
16;80;(19,12);;<1, 0, 0, 0, 1>
16;81;(18,12);;<1, 2, 0, 0, 2>
16;82;(17,12);outputNeighborhood;<1, 0, 0, 0, 1>
16;82;(17,12);;<1, 2, 0, 0, 2>
16;87;(17,5);;<1, 2, 0, 0, 2>
16;88;(19,13);;<0, 0, 0, 0, 0>
16;89;(15,5);outputNeighborhood;<1, 2, 0, 0, 2>
16;89;(15,5);;<1, 2, 0, 0, 2>
16;100;(2,8);;<1, 0, 0, 0, 1>
16;107;(16,4);;<1, 2, 0, 0, 2>
16;115;(0,5);;<1, 2, 0, 0, 2>
16;117;(14,7);;<1, 0, 0, 0, 1>
16;118;(3,4);;<0, 0, 0, 0, 0>
16;119;(1,4);;<1, 2, 0, 0, 2>
16;123;(13,6);;<1, 0, 0, 0, 1>
16;127;(17,10);;<1, 2, 0, 0, 2>
16;128;(15,3);;<1, 0, 0, 0, 1>
16;133;(16,9);;<1, 2, 0, 0, 2>
16;135;(0,10);;<1, 0, 0, 0, 1>
16;137;(2,3);;<0, 0, 0, 0, 0>
16;138;(4,5);;<0, 0, 0, 0, 0>
16;139;(13,5);;<0, 0, 0, 0, 0>
16;146;(3,7);;<1, 0, 0, 0, 1>
16;148;(0,11);;<0, 0, 0, 0, 0>
16;149;(2,5);outputNeighborhood;<1, 0, 0, 0, 1>
16;149;(2,5);;<1, 2, 0, 0, 2>
16;150;(18,9);;<1, 2, 0, 0, 2>
16;153;(3,8);;<0, 0, 0, 0, 0>
16;166;(12,6);;<0, 0, 0, 0, 0>
16;171;(14,3);;<0, 0, 0, 0, 0>
16;173;(17,4);;<1, 2, 0, 0, 2>
16;175;(2,4);;<1, 0, 0, 0, 1>
16;176;(13,4);;<0, 0, 0, 0, 0>
16;177;(1,6);;<1, 2, 0, 0, 2>
16;179;(18,8);;<1, 2, 0, 0, 2>
16;180;(15,4);outputNeighborhood;<1, 0, 0, 0, 1>
16;180;(15,4);;<1, 2, 0, 0, 2>
16;190;(16,5);;<1, 2, 0, 0, 2>
16;197;(1,11);;<0, 0, 0, 0, 0>
16;202;(17,11);outputNeighborhood;<1, 2, 0, 0, 2>
16;202;(17,11);;<1, 2, 0, 0, 2>
16;205;(19,7);;<1, 2, 0, 0, 2>
16;210;(14,8);;<0, 0, 0, 0, 0>
16;217;(1,9);;<1, 0, 0, 0, 1>
16;226;(14,9);;<0, 0, 0, 0, 0>
16;234;(17,13);;<0, 0, 0, 0, 0>
16;238;(3,6);;<1, 0, 0, 0, 1>
16;243;(15,6);;<1, 2, 0, 0, 2>
16;245;(2,6);outputNeighborhood;<1, 2, 0, 0, 2>
16;245;(2,6);;<1, 2, 0, 0, 2>
16;247;(15,11);;<1, 0, 0, 0, 1>
16;256;(2,7);outputNeighborhood;<1, 0, 0, 0, 1>
16;256;(2,7);;<1, 2, 0, 0, 2>
16;263;(14,10);;<0, 0, 0, 0, 0>
16;265;(3,5);;<1, 0, 0, 0, 1>
16;272;(14,5);;<1, 0, 0, 0, 1>
16;284;(14,4);;<0, 0, 0, 0, 0>
16;289;(0,12);;<0, 0, 0, 0, 0>
16;290;(19,10);outputNeighborhood;<1, 0, 0, 0, 1>
16;290;(19,10);;<1, 2, 0, 0, 2>
16;301;(14,6);outputNeighborhood;<1, 0, 0, 0, 1>
16;301;(14,6);;<1, 2, 0, 0, 2>
16;303;(16,6);;<1, 2, 0, 0, 2>
16;306;(0,7);;<1, 2, 0, 0, 2>
16;307;(15,8);;<1, 2, 0, 0, 2>
16;308;(1,7);outputNeighborhood;<1, 2, 0, 0, 2>
16;308;(1,7);;<1, 2, 0, 0, 2>
16;309;(4,7);;<0, 0, 0, 0, 0>
16;316;(13,7);;<0, 0, 0, 0, 0>
16;318;(15,7);;<1, 2, 0, 0, 2>
16;319;(17,14);;<0, 0, 0, 0, 0>
16;321;(1,8);outputNeighborhood;<1, 0, 0, 0, 1>
16;321;(1,8);;<1, 2, 0, 0, 2>
16;324;(0,8);;<1, 2, 0, 0, 2>
16;331;(0,6);;<1, 2, 0, 0, 2>
16;341;(16,3);;<1, 2, 0, 0, 2>
16;343;(19,8);;<1, 2, 0, 0, 2>
16;345;(15,2);;<0, 0, 0, 0, 0>
16;347;(0,9);outputNeighborhood;<1, 0, 0, 0, 1>
16;347;(0,9);;<1, 2, 0, 0, 2>
16;349;(2,9);;<0, 0, 0, 0, 0>
16;357;(15,9);;<1, 2, 0, 0, 2>
16;358;(17,9);;<1, 2, 0, 0, 2>
16;359;(19,9);outputNeighborhood;<1, 2, 0, 0, 2>
16;359;(19,9);;<1, 2, 0, 0, 2>
16;360;(1,10);;<0, 0, 0, 0, 0>
16;367;(19,11);outputNeighborhood;<1, 0, 0, 0, 1>
16;367;(19,11);;<1, 2, 0, 0, 2>
16;374;(16,12);;<1, 0, 0, 0, 1>
16;375;(13,10);;<0, 0, 0, 0, 0>
16;378;(15,10);outputNeighborhood;<1, 0, 0, 0, 1>
16;378;(15,10);;<1, 2, 0, 0, 2>
16;379;(16,10);outputNeighborhood;<1, 2, 0, 0, 2>
16;379;(16,10);;<1, 2, 0, 0, 2>
16;383;(18,10);;<1, 2, 0, 0, 2>
16;386;(16,11);outputNeighborhood;<1, 0, 0, 0, 1>
16;386;(16,11);;<1, 2, 0, 0, 2>
16;388;(4,6);;<0, 0, 0, 0, 0>
16;390;(1,5);;<1, 2, 0, 0, 2>
16;392;(14,11);;<0, 0, 0, 0, 0>
16;393;(18,11);;<1, 2, 0, 0, 2>
16;395;(16,8);;<1, 2, 0, 0, 2>
16;400;(15,12);;<0, 0, 0, 0, 0>
17;64;(18,13);;<0, 0, 0, 0, 0>
17;65;(16,13);;<0, 0, 0, 0, 0>
17;66;(15,13);;<0, 0, 0, 0, 0>
17;80;(19,12);outputNeighborhood;<1, 0, 0, 0, 1>
17;80;(19,12);;<1, 2, 0, 0, 2>
17;81;(18,12);outputNeighborhood;<1, 2, 0, 0, 2>
17;81;(18,12);;<1, 2, 0, 0, 2>
17;82;(17,12);outputNeighborhood;<1, 2, 0, 0, 2>
17;82;(17,12);;<1, 2, 0, 0, 2>
17;88;(19,13);;<0, 0, 0, 0, 0>
17;89;(15,5);;<1, 2, 0, 0, 2>
17;96;(18,14);;<0, 0, 0, 0, 0>
17;97;(1,12);;<0, 0, 0, 0, 0>
17;100;(2,8);outputNeighborhood;<1, 0, 0, 0, 1>
17;100;(2,8);;<1, 2, 0, 0, 2>
17;107;(16,4);;<1, 2, 0, 0, 2>
17;114;(4,4);;<0, 0, 0, 0, 0>
17;115;(0,5);;<1, 2, 0, 0, 2>
17;117;(14,7);outputNeighborhood;<1, 0, 0, 0, 1>
17;117;(14,7);;<1, 2, 0, 0, 2>
17;118;(3,4);;<1, 0, 0, 0, 1>
17;119;(1,4);;<1, 2, 0, 0, 2>
17;123;(13,6);;<1, 0, 0, 0, 1>
17;126;(13,3);;<0, 0, 0, 0, 0>
17;127;(17,10);;<1, 2, 0, 0, 2>
17;128;(15,3);outputNeighborhood;<1, 0, 0, 0, 1>
17;128;(15,3);;<1, 2, 0, 0, 2>
17;133;(16,9);;<1, 2, 0, 0, 2>
17;134;(17,3);;<1, 2, 0, 0, 2>
17;135;(0,10);outputNeighborhood;<1, 0, 0, 0, 1>
17;135;(0,10);;<1, 2, 0, 0, 2>
17;136;(16,14);;<0, 0, 0, 0, 0>
17;137;(2,3);;<1, 0, 0, 0, 1>
17;138;(4,5);;<0, 0, 0, 0, 0>
17;139;(13,5);;<1, 0, 0, 0, 1>
17;142;(1,3);;<1, 2, 0, 0, 2>
17;146;(3,7);outputNeighborhood;<1, 0, 0, 0, 1>
17;146;(3,7);;<1, 2, 0, 0, 2>
17;147;(3,3);;<0, 0, 0, 0, 0>
17;148;(0,11);;<1, 0, 0, 0, 1>
17;149;(2,5);outputNeighborhood;<1, 2, 0, 0, 2>
17;149;(2,5);;<1, 2, 0, 0, 2>
17;150;(18,9);;<1, 2, 0, 0, 2>
17;152;(2,2);;<0, 0, 0, 0, 0>
17;153;(3,8);;<1, 0, 0, 0, 1>
17;166;(12,6);;<0, 0, 0, 0, 0>
17;171;(14,3);;<0, 0, 0, 0, 0>
17;173;(17,4);;<1, 2, 0, 0, 2>
17;175;(2,4);outputNeighborhood;<1, 0, 0, 0, 1>
17;175;(2,4);;<1, 2, 0, 0, 2>
17;176;(13,4);;<0, 0, 0, 0, 0>
17;177;(1,6);;<1, 2, 0, 0, 2>
17;178;(16,2);;<1, 2, 0, 0, 2>
17;180;(15,4);outputNeighborhood;<1, 2, 0, 0, 2>
17;180;(15,4);;<1, 2, 0, 0, 2>
17;190;(16,5);;<1, 2, 0, 0, 2>
17;197;(1,11);;<0, 0, 0, 0, 0>
17;202;(17,11);;<1, 2, 0, 0, 2>
17;210;(14,8);;<1, 0, 0, 0, 1>
17;211;(12,5);;<0, 0, 0, 0, 0>
17;217;(1,9);outputNeighborhood;<1, 0, 0, 0, 1>
17;217;(1,9);;<1, 2, 0, 0, 2>
17;220;(0,13);;<0, 0, 0, 0, 0>
17;226;(14,9);;<0, 0, 0, 0, 0>
17;234;(17,13);;<0, 0, 0, 0, 0>
17;235;(14,12);;<0, 0, 0, 0, 0>
17;238;(3,6);;<1, 2, 0, 0, 2>
17;243;(15,6);;<1, 2, 0, 0, 2>
17;245;(2,6);;<1, 2, 0, 0, 2>
17;247;(15,11);outputNeighborhood;<1, 0, 0, 0, 1>
17;247;(15,11);;<1, 2, 0, 0, 2>
17;254;(15,1);;<0, 0, 0, 0, 0>
17;256;(2,7);outputNeighborhood;<1, 2, 0, 0, 2>
17;256;(2,7);;<1, 2, 0, 0, 2>
17;263;(14,10);;<0, 0, 0, 0, 0>
17;265;(3,5);outputNeighborhood;<1, 0, 0, 0, 1>
17;265;(3,5);;<1, 2, 0, 0, 2>
17;272;(14,5);outputNeighborhood;<1, 0, 0, 0, 1>
17;272;(14,5);;<1, 2, 0, 0, 2>
17;278;(16,7);;<1, 2, 0, 0, 2>
17;283;(19,14);;<0, 0, 0, 0, 0>
17;284;(14,4);;<1, 0, 0, 0, 1>
17;285;(14,2);;<0, 0, 0, 0, 0>
17;286;(13,8);;<1, 0, 0, 0, 1>
17;289;(0,12);;<0, 0, 0, 0, 0>
17;290;(19,10);outputNeighborhood;<1, 2, 0, 0, 2>
17;290;(19,10);;<1, 2, 0, 0, 2>
17;301;(14,6);outputNeighborhood;<1, 2, 0, 0, 2>
17;301;(14,6);;<1, 2, 0, 0, 2>
17;303;(16,6);;<1, 2, 0, 0, 2>
17;306;(0,7);;<1, 2, 0, 0, 2>
17;307;(15,8);;<1, 2, 0, 0, 2>
17;308;(1,7);;<1, 2, 0, 0, 2>
17;309;(4,7);;<0, 0, 0, 0, 0>
17;311;(5,7);;<0, 0, 0, 0, 0>
17;315;(12,7);;<0, 0, 0, 0, 0>
17;316;(13,7);;<1, 0, 0, 0, 1>
17;318;(15,7);;<1, 2, 0, 0, 2>
17;319;(17,14);;<0, 0, 0, 0, 0>
17;321;(1,8);outputNeighborhood;<1, 2, 0, 0, 2>
17;321;(1,8);;<1, 2, 0, 0, 2>
17;324;(0,8);;<1, 2, 0, 0, 2>
17;326;(4,8);;<0, 0, 0, 0, 0>
17;328;(5,5);;<0, 0, 0, 0, 0>
17;341;(16,3);;<1, 2, 0, 0, 2>
17;343;(19,8);;<1, 2, 0, 0, 2>
17;345;(15,2);;<1, 0, 0, 0, 1>
17;347;(0,9);outputNeighborhood;<1, 2, 0, 0, 2>
17;347;(0,9);;<1, 2, 0, 0, 2>
17;349;(2,9);;<1, 0, 0, 0, 1>
17;350;(3,9);;<0, 0, 0, 0, 0>
17;357;(15,9);;<1, 2, 0, 0, 2>
17;359;(19,9);;<1, 2, 0, 0, 2>
17;360;(1,10);;<1, 0, 0, 0, 1>
17;363;(2,10);;<0, 0, 0, 0, 0>
17;367;(19,11);outputNeighborhood;<1, 2, 0, 0, 2>
17;367;(19,11);;<1, 2, 0, 0, 2>
17;374;(16,12);outputNeighborhood;<1, 0, 0, 0, 1>
17;374;(16,12);;<1, 2, 0, 0, 2>
17;375;(13,10);;<0, 0, 0, 0, 0>
17;378;(15,10);outputNeighborhood;<1, 2, 0, 0, 2>
17;378;(15,10);;<1, 2, 0, 0, 2>
17;379;(16,10);;<1, 2, 0, 0, 2>
17;380;(0,4);;<1, 2, 0, 0, 2>
17;383;(18,10);;<1, 2, 0, 0, 2>
17;386;(16,11);outputNeighborhood;<1, 2, 0, 0, 2>
17;386;(16,11);;<1, 2, 0, 0, 2>
17;388;(4,6);;<0, 0, 0, 0, 0>
17;390;(1,5);;<1, 2, 0, 0, 2>
17;392;(14,11);;<0, 0, 0, 0, 0>
17;393;(18,11);;<1, 2, 0, 0, 2>
17;397;(13,11);;<0, 0, 0, 0, 0>
17;400;(15,12);;<1, 0, 0, 0, 1>
18;64;(18,13);;<0, 0, 0, 0, 0>
18;65;(16,13);;<0, 0, 0, 0, 0>
18;66;(15,13);;<1, 0, 0, 0, 1>
18;67;(14,13);;<1, 0, 0, 0, 1>
18;80;(19,12);outputNeighborhood;<1, 2, 0, 0, 2>
18;80;(19,12);;<1, 2, 0, 0, 2>
18;81;(18,12);;<1, 2, 0, 0, 2>
18;82;(17,12);;<1, 2, 0, 0, 2>
18;88;(19,13);;<0, 0, 0, 0, 0>
18;89;(15,5);;<1, 2, 0, 0, 2>
18;90;(13,12);;<0, 0, 0, 0, 0>
18;94;(5,4);;<0, 0, 0, 0, 0>
18;97;(1,12);;<0, 0, 0, 0, 0>
18;100;(2,8);outputNeighborhood;<1, 2, 0, 0, 2>
18;100;(2,8);;<1, 2, 0, 0, 2>
18;107;(16,4);;<1, 2, 0, 0, 2>
18;110;(13,2);;<0, 0, 0, 0, 0>
18;114;(4,4);;<0, 0, 0, 0, 0>
18;117;(14,7);outputNeighborhood;<1, 2, 0, 0, 2>
18;117;(14,7);;<1, 2, 0, 0, 2>
18;118;(3,4);outputNeighborhood;<1, 0, 0, 0, 1>
18;118;(3,4);;<1, 2, 0, 0, 2>
18;119;(1,4);;<1, 2, 0, 0, 2>
18;123;(13,6);;<1, 2, 0, 0, 2>
18;126;(13,3);;<0, 0, 0, 0, 0>
18;128;(15,3);outputNeighborhood;<1, 2, 0, 0, 2>
18;128;(15,3);;<1, 2, 0, 0, 2>
18;134;(17,3);;<1, 2, 0, 0, 2>
18;135;(0,10);outputNeighborhood;<1, 2, 0, 0, 2>
18;135;(0,10);;<1, 2, 0, 0, 2>
18;136;(16,14);;<0, 0, 0, 0, 0>
18;137;(2,3);outputNeighborhood;<1, 0, 0, 0, 1>
18;137;(2,3);;<1, 2, 0, 0, 2>
18;138;(4,5);;<0, 0, 0, 0, 0>
18;139;(13,5);outputNeighborhood;<1, 0, 0, 0, 1>
18;139;(13,5);;<1, 2, 0, 0, 2>
18;142;(1,3);;<1, 2, 0, 0, 2>
18;144;(0,3);;<1, 2, 0, 0, 2>
18;146;(3,7);outputNeighborhood;<1, 2, 0, 0, 2>
18;146;(3,7);;<1, 2, 0, 0, 2>
18;147;(3,3);;<1, 0, 0, 0, 1>
18;148;(0,11);outputNeighborhood;<1, 0, 0, 0, 1>
18;148;(0,11);;<1, 2, 0, 0, 2>
18;149;(2,5);;<1, 2, 0, 0, 2>
18;152;(2,2);;<1, 0, 0, 0, 1>
18;153;(3,8);outputNeighborhood;<1, 0, 0, 0, 1>
18;153;(3,8);;<1, 2, 0, 0, 2>
18;161;(4,3);;<1, 0, 0, 0, 1>
18;165;(11,7);;<0, 0, 0, 0, 0>
18;166;(12,6);;<0, 0, 0, 0, 0>
18;171;(14,3);;<1, 0, 0, 0, 1>
18;175;(2,4);outputNeighborhood;<1, 2, 0, 0, 2>
18;175;(2,4);;<1, 2, 0, 0, 2>
18;176;(13,4);;<1, 0, 0, 0, 1>
18;177;(1,6);;<1, 2, 0, 0, 2>
18;178;(16,2);;<1, 2, 0, 0, 2>
18;180;(15,4);;<1, 2, 0, 0, 2>
18;186;(2,1);;<0, 0, 0, 0, 0>
18;190;(16,5);;<1, 2, 0, 0, 2>
18;192;(15,0);;<0, 0, 0, 0, 0>
18;194;(2,11);;<0, 0, 0, 0, 0>
18;197;(1,11);;<1, 0, 0, 0, 1>
18;202;(17,11);;<1, 2, 0, 0, 2>
18;210;(14,8);outputNeighborhood;<1, 0, 0, 0, 1>
18;210;(14,8);;<1, 2, 0, 0, 2>
18;211;(12,5);;<0, 0, 0, 0, 0>
18;217;(1,9);outputNeighborhood;<1, 2, 0, 0, 2>
18;217;(1,9);;<1, 2, 0, 0, 2>
18;220;(0,13);;<0, 0, 0, 0, 0>
18;226;(14,9);;<1, 0, 0, 0, 1>
18;228;(12,9);;<0, 0, 0, 0, 0>
18;234;(17,13);;<0, 0, 0, 0, 0>
18;235;(14,12);;<1, 0, 0, 0, 1>
18;238;(3,6);outputNeighborhood;<1, 2, 0, 0, 2>
18;238;(3,6);;<1, 2, 0, 0, 2>
18;243;(15,6);;<1, 2, 0, 0, 2>
18;245;(2,6);;<1, 2, 0, 0, 2>
18;247;(15,11);outputNeighborhood;<1, 2, 0, 0, 2>
18;247;(15,11);;<1, 2, 0, 0, 2>
18;253;(16,1);;<1, 2, 0, 0, 2>
18;254;(15,1);;<1, 0, 0, 0, 1>
18;256;(2,7);;<1, 2, 0, 0, 2>
18;260;(1,2);;<1, 2, 0, 0, 2>
18;262;(13,9);;<0, 0, 0, 0, 0>
18;263;(14,10);;<0, 0, 0, 0, 0>
18;265;(3,5);outputNeighborhood;<1, 2, 0, 0, 2>
18;265;(3,5);;<1, 2, 0, 0, 2>
18;267;(3,2);;<0, 0, 0, 0, 0>
18;272;(14,5);outputNeighborhood;<1, 2, 0, 0, 2>
18;272;(14,5);;<1, 2, 0, 0, 2>
18;275;(14,1);;<0, 0, 0, 0, 0>
18;278;(16,7);;<1, 2, 0, 0, 2>
18;283;(19,14);;<0, 0, 0, 0, 0>
18;284;(14,4);outputNeighborhood;<1, 0, 0, 0, 1>
18;284;(14,4);;<1, 2, 0, 0, 2>
18;285;(14,2);;<0, 0, 0, 0, 0>
18;286;(13,8);outputNeighborhood;<1, 0, 0, 0, 1>
18;286;(13,8);;<1, 2, 0, 0, 2>
18;289;(0,12);;<1, 0, 0, 0, 1>
18;290;(19,10);;<1, 2, 0, 0, 2>
18;301;(14,6);;<1, 2, 0, 0, 2>
18;305;(17,2);;<1, 2, 0, 0, 2>
18;307;(15,8);;<1, 2, 0, 0, 2>
18;308;(1,7);;<1, 2, 0, 0, 2>
18;309;(4,7);;<0, 0, 0, 0, 0>
18;311;(5,7);;<1, 0, 0, 0, 1>
18;312;(12,4);;<0, 0, 0, 0, 0>
18;315;(12,7);;<0, 0, 0, 0, 0>
18;316;(13,7);outputNeighborhood;<1, 0, 0, 0, 1>
18;316;(13,7);;<1, 2, 0, 0, 2>
18;318;(15,7);;<1, 2, 0, 0, 2>
18;321;(1,8);;<1, 2, 0, 0, 2>
18;324;(0,8);;<1, 2, 0, 0, 2>
18;326;(4,8);;<0, 0, 0, 0, 0>
18;327;(5,8);;<0, 0, 0, 0, 0>
18;328;(5,5);;<0, 0, 0, 0, 0>
18;336;(11,8);;<0, 0, 0, 0, 0>
18;337;(12,8);;<0, 0, 0, 0, 0>
18;341;(16,3);;<1, 2, 0, 0, 2>
18;345;(15,2);outputNeighborhood;<1, 0, 0, 0, 1>
18;345;(15,2);;<1, 2, 0, 0, 2>
18;347;(0,9);;<1, 2, 0, 0, 2>
18;349;(2,9);outputNeighborhood;<1, 0, 0, 0, 1>
18;349;(2,9);;<1, 2, 0, 0, 2>
18;350;(3,9);;<1, 0, 0, 0, 1>
18;351;(4,9);;<1, 0, 0, 0, 1>
18;357;(15,9);;<1, 2, 0, 0, 2>
18;359;(19,9);;<1, 2, 0, 0, 2>
18;360;(1,10);outputNeighborhood;<1, 0, 0, 0, 1>
18;360;(1,10);;<1, 2, 0, 0, 2>
18;363;(2,10);;<1, 0, 0, 0, 1>
18;364;(3,10);;<0, 0, 0, 0, 0>
18;367;(19,11);;<1, 2, 0, 0, 2>
18;368;(15,14);;<0, 0, 0, 0, 0>
18;374;(16,12);outputNeighborhood;<1, 2, 0, 0, 2>
18;374;(16,12);;<1, 2, 0, 0, 2>
18;375;(13,10);;<0, 0, 0, 0, 0>
18;378;(15,10);;<1, 2, 0, 0, 2>
18;379;(16,10);;<1, 2, 0, 0, 2>
18;380;(0,4);;<1, 2, 0, 0, 2>
18;383;(18,10);;<1, 2, 0, 0, 2>
18;386;(16,11);;<1, 2, 0, 0, 2>
18;387;(11,5);;<0, 0, 0, 0, 0>
18;388;(4,6);;<0, 0, 0, 0, 0>
18;390;(1,5);;<1, 2, 0, 0, 2>
18;391;(5,6);;<0, 0, 0, 0, 0>
18;392;(14,11);;<0, 0, 0, 0, 0>
18;393;(18,11);;<1, 2, 0, 0, 2>
18;395;(16,8);;<1, 2, 0, 0, 2>
18;397;(13,11);;<0, 0, 0, 0, 0>
18;400;(15,12);outputNeighborhood;<1, 0, 0, 0, 1>
18;400;(15,12);;<1, 2, 0, 0, 2>
19;4;(15,19);;<0, 0, 0, 0, 0>
19;52;(14,14);;<1, 0, 0, 0, 1>
19;65;(16,13);;<1, 0, 0, 0, 1>
19;66;(15,13);outputNeighborhood;<1, 0, 0, 0, 1>
19;66;(15,13);;<1, 2, 0, 0, 2>
19;67;(14,13);;<1, 2, 0, 0, 2>
19;68;(13,13);;<0, 0, 0, 0, 0>
19;79;(1,13);;<0, 0, 0, 0, 0>
19;80;(19,12);;<1, 2, 0, 0, 2>
19;81;(18,12);;<1, 2, 0, 0, 2>
19;82;(17,12);;<1, 2, 0, 0, 2>
19;84;(6,6);;<0, 0, 0, 0, 0>
19;88;(19,13);;<0, 0, 0, 0, 0>
19;89;(15,5);;<1, 2, 0, 0, 2>
19;90;(13,12);;<0, 0, 0, 0, 0>
19;94;(5,4);;<0, 0, 0, 0, 0>
19;97;(1,12);;<1, 0, 0, 0, 1>
19;100;(2,8);;<1, 2, 0, 0, 2>
19;107;(16,4);;<1, 2, 0, 0, 2>
19;110;(13,2);;<0, 0, 0, 0, 0>
19;114;(4,4);;<1, 0, 0, 0, 1>
19;117;(14,7);;<1, 2, 0, 0, 2>
19;118;(3,4);outputNeighborhood;<1, 2, 0, 0, 2>
19;118;(3,4);;<1, 2, 0, 0, 2>
19;119;(1,4);;<1, 2, 0, 0, 2>
19;123;(13,6);outputNeighborhood;<1, 2, 0, 0, 2>
19;123;(13,6);;<1, 2, 0, 0, 2>
19;124;(1,1);;<1, 2, 0, 0, 2>
19;126;(13,3);;<1, 0, 0, 0, 1>
19;128;(15,3);;<1, 2, 0, 0, 2>
19;130;(6,3);;<0, 0, 0, 0, 0>
19;131;(5,3);;<0, 0, 0, 0, 0>
19;133;(16,9);;<1, 2, 0, 0, 2>
19;135;(0,10);;<1, 2, 0, 0, 2>
19;136;(16,14);;<0, 0, 0, 0, 0>
19;137;(2,3);outputNeighborhood;<1, 2, 0, 0, 2>
19;137;(2,3);;<1, 2, 0, 0, 2>
19;138;(4,5);;<0, 0, 0, 0, 0>
19;139;(13,5);outputNeighborhood;<1, 2, 0, 0, 2>
19;139;(13,5);;<1, 2, 0, 0, 2>
19;142;(1,3);;<1, 2, 0, 0, 2>
19;144;(0,3);;<1, 2, 0, 0, 2>
19;146;(3,7);;<1, 2, 0, 0, 2>
19;147;(3,3);outputNeighborhood;<1, 0, 0, 0, 1>
19;147;(3,3);;<1, 2, 0, 0, 2>
19;148;(0,11);outputNeighborhood;<1, 2, 0, 0, 2>
19;148;(0,11);;<1, 2, 0, 0, 2>
19;149;(2,5);;<1, 2, 0, 0, 2>
19;152;(2,2);outputNeighborhood;<1, 0, 0, 0, 1>
19;152;(2,2);;<1, 2, 0, 0, 2>
19;153;(3,8);outputNeighborhood;<1, 2, 0, 0, 2>
19;153;(3,8);;<1, 2, 0, 0, 2>
19;161;(4,3);outputNeighborhood;<1, 0, 0, 0, 1>
19;161;(4,3);;<1, 0, 0, 0, 1>
19;164;(7,7);;<0, 0, 0, 0, 0>
19;165;(11,7);;<0, 0, 0, 0, 0>
19;166;(12,6);;<0, 0, 0, 0, 0>
19;169;(6,7);;<0, 0, 0, 0, 0>
19;171;(14,3);outputNeighborhood;<1, 0, 0, 0, 1>
19;171;(14,3);;<1, 2, 0, 0, 2>
19;175;(2,4);;<1, 2, 0, 0, 2>
19;176;(13,4);outputNeighborhood;<1, 0, 0, 0, 1>
19;176;(13,4);;<1, 2, 0, 0, 2>
19;178;(16,2);;<1, 2, 0, 0, 2>
19;180;(15,4);;<1, 2, 0, 0, 2>
19;182;(15,15);;<0, 0, 0, 0, 0>
19;183;(4,1);;<1, 0, 0, 0, 1>
19;185;(4,2);;<0, 0, 0, 0, 0>
19;186;(2,1);;<1, 0, 0, 0, 1>
19;192;(15,0);;<0, 0, 0, 0, 0>
19;194;(2,11);;<1, 0, 0, 0, 1>
19;197;(1,11);outputNeighborhood;<1, 0, 0, 0, 1>
19;197;(1,11);;<1, 2, 0, 0, 2>
19;199;(3,1);;<0, 0, 0, 0, 0>
19;201;(5,2);;<0, 0, 0, 0, 0>
19;207;(12,3);;<0, 0, 0, 0, 0>
19;210;(14,8);outputNeighborhood;<1, 2, 0, 0, 2>
19;210;(14,8);;<1, 2, 0, 0, 2>
19;211;(12,5);;<0, 0, 0, 0, 0>
19;217;(1,9);;<1, 2, 0, 0, 2>
19;220;(0,13);;<0, 0, 0, 0, 0>
19;224;(3,11);;<0, 0, 0, 0, 0>
19;226;(14,9);outputNeighborhood;<1, 0, 0, 0, 1>
19;226;(14,9);;<1, 2, 0, 0, 2>
19;227;(11,4);;<0, 0, 0, 0, 0>
19;228;(12,9);;<0, 0, 0, 0, 0>
19;234;(17,13);;<0, 0, 0, 0, 0>
19;235;(14,12);outputNeighborhood;<1, 0, 0, 0, 1>
19;235;(14,12);;<1, 2, 0, 0, 2>
19;238;(3,6);;<1, 2, 0, 0, 2>
19;243;(15,6);;<1, 2, 0, 0, 2>
19;244;(11,6);;<0, 0, 0, 0, 0>
19;247;(15,11);;<1, 2, 0, 0, 2>
19;248;(16,0);;<0, 0, 0, 0, 0>
19;249;(14,0);;<1, 0, 0, 0, 1>
19;252;(17,1);;<1, 2, 0, 0, 2>
19;253;(16,1);;<1, 2, 0, 0, 2>
19;254;(15,1);outputNeighborhood;<1, 0, 0, 0, 1>
19;254;(15,1);;<1, 2, 0, 0, 2>
19;256;(2,7);;<1, 2, 0, 0, 2>
19;260;(1,2);;<1, 2, 0, 0, 2>
19;261;(0,14);;<0, 0, 0, 0, 0>
19;262;(13,9);;<1, 0, 0, 0, 1>
19;263;(14,10);;<1, 0, 0, 0, 1>
19;265;(3,5);;<1, 2, 0, 0, 2>
19;266;(0,2);;<1, 2, 0, 0, 2>
19;267;(3,2);;<1, 0, 0, 0, 1>
19;272;(14,5);;<1, 2, 0, 0, 2>
19;273;(2,0);;<0, 0, 0, 0, 0>
19;275;(14,1);;<0, 0, 0, 0, 0>
19;284;(14,4);outputNeighborhood;<1, 2, 0, 0, 2>
19;284;(14,4);;<1, 2, 0, 0, 2>
19;285;(14,2);;<1, 0, 0, 0, 1>
19;286;(13,8);outputNeighborhood;<1, 2, 0, 0, 2>
19;286;(13,8);;<1, 2, 0, 0, 2>
19;289;(0,12);outputNeighborhood;<1, 0, 0, 0, 1>
19;289;(0,12);;<1, 2, 0, 0, 2>
19;290;(19,10);;<1, 2, 0, 0, 2>
19;301;(14,6);;<1, 2, 0, 0, 2>
19;305;(17,2);;<1, 2, 0, 0, 2>
19;307;(15,8);;<1, 2, 0, 0, 2>
19;309;(4,7);;<1, 0, 0, 0, 1>
19;311;(5,7);outputNeighborhood;<1, 0, 0, 0, 1>
19;311;(5,7);;<1, 0, 0, 0, 1>
19;312;(12,4);;<0, 0, 0, 0, 0>
19;315;(12,7);;<0, 0, 0, 0, 0>
19;316;(13,7);outputNeighborhood;<1, 2, 0, 0, 2>
19;316;(13,7);;<1, 2, 0, 0, 2>
19;318;(15,7);;<1, 2, 0, 0, 2>
19;321;(1,8);;<1, 2, 0, 0, 2>
19;326;(4,8);;<1, 0, 0, 0, 1>
19;327;(5,8);;<0, 0, 0, 0, 0>
19;328;(5,5);;<0, 0, 0, 0, 0>
19;330;(6,8);;<0, 0, 0, 0, 0>
19;335;(6,9);;<0, 0, 0, 0, 0>
19;336;(11,8);;<0, 0, 0, 0, 0>
19;337;(12,8);;<0, 0, 0, 0, 0>
19;341;(16,3);;<1, 2, 0, 0, 2>
19;345;(15,2);outputNeighborhood;<1, 2, 0, 0, 2>
19;345;(15,2);;<1, 2, 0, 0, 2>
19;346;(4,11);;<0, 0, 0, 0, 0>
19;347;(0,9);;<1, 2, 0, 0, 2>
19;349;(2,9);outputNeighborhood;<1, 2, 0, 0, 2>
19;349;(2,9);;<1, 2, 0, 0, 2>
19;350;(3,9);outputNeighborhood;<1, 0, 0, 0, 1>
19;350;(3,9);;<1, 2, 0, 0, 2>
19;351;(4,9);outputNeighborhood;<1, 0, 0, 0, 1>
19;351;(4,9);;<1, 0, 0, 0, 1>
19;352;(5,9);;<0, 0, 0, 0, 0>
19;353;(4,10);;<0, 0, 0, 0, 0>
19;357;(15,9);;<1, 2, 0, 0, 2>
19;360;(1,10);outputNeighborhood;<1, 2, 0, 0, 2>
19;360;(1,10);;<1, 2, 0, 0, 2>
19;363;(2,10);outputNeighborhood;<1, 0, 0, 0, 1>
19;363;(2,10);;<1, 2, 0, 0, 2>
19;364;(3,10);;<1, 0, 0, 0, 1>
19;365;(5,10);;<0, 0, 0, 0, 0>
19;367;(19,11);;<1, 2, 0, 0, 2>
19;368;(15,14);;<0, 0, 0, 0, 0>
19;374;(16,12);;<1, 2, 0, 0, 2>
19;375;(13,10);;<0, 0, 0, 0, 0>
19;378;(15,10);;<1, 2, 0, 0, 2>
19;381;(2,12);;<0, 0, 0, 0, 0>
19;386;(16,11);;<1, 2, 0, 0, 2>
19;387;(11,5);;<0, 0, 0, 0, 0>
19;388;(4,6);;<0, 0, 0, 0, 0>
19;391;(5,6);;<0, 0, 0, 0, 0>
19;392;(14,11);;<1, 0, 0, 0, 1>
19;393;(18,11);;<1, 2, 0, 0, 2>
19;394;(13,1);;<0, 0, 0, 0, 0>
19;395;(16,8);;<1, 2, 0, 0, 2>
19;397;(13,11);;<0, 0, 0, 0, 0>
19;399;(12,12);;<0, 0, 0, 0, 0>
19;400;(15,12);outputNeighborhood;<1, 2, 0, 0, 2>
19;400;(15,12);;<1, 2, 0, 0, 2>
20;4;(15,19);;<0, 0, 0, 0, 0>
20;5;(14,19);;<0, 0, 0, 0, 0>
20;8;(2,19);;<0, 0, 0, 0, 0>
20;11;(14,18);;<0, 0, 0, 0, 0>
20;42;(16,15);;<0, 0, 0, 0, 0>
20;43;(14,15);;<0, 0, 0, 0, 0>
20;44;(13,15);;<0, 0, 0, 0, 0>
20;52;(14,14);outputNeighborhood;<1, 0, 0, 0, 1>
20;52;(14,14);;<1, 0, 0, 0, 1>
20;53;(12,14);;<0, 0, 0, 0, 0>
20;64;(18,13);;<0, 0, 0, 0, 0>
20;65;(16,13);outputNeighborhood;<1, 0, 0, 0, 1>
20;65;(16,13);;<1, 2, 0, 0, 2>
20;66;(15,13);outputNeighborhood;<1, 2, 0, 0, 2>
20;66;(15,13);;<1, 2, 0, 0, 2>
20;67;(14,13);outputNeighborhood;<1, 2, 0, 0, 2>
20;67;(14,13);;<1, 2, 0, 0, 2>
20;68;(13,13);;<0, 0, 0, 0, 0>
20;69;(12,13);;<0, 0, 0, 0, 0>
20;78;(2,13);;<0, 0, 0, 0, 0>
20;79;(1,13);;<0, 0, 0, 0, 0>
20;80;(19,12);;<1, 2, 0, 0, 2>
20;81;(18,12);;<1, 2, 0, 0, 2>
20;82;(17,12);;<1, 2, 0, 0, 2>
20;85;(12,0);;<0, 0, 0, 0, 0>
20;88;(19,13);;<0, 0, 0, 0, 0>
20;90;(13,12);;<0, 0, 0, 0, 0>
20;94;(5,4);;<1, 0, 0, 0, 1>
20;97;(1,12);outputNeighborhood;<1, 0, 0, 0, 1>
20;97;(1,12);;<1, 2, 0, 0, 2>
20;100;(2,8);;<1, 2, 0, 0, 2>
20;102;(6,4);;<0, 0, 0, 0, 0>
20;110;(13,2);;<1, 0, 0, 0, 1>
20;114;(4,4);outputNeighborhood;<1, 0, 0, 0, 1>
20;114;(4,4);;<1, 2, 0, 0, 2>
20;117;(14,7);;<1, 2, 0, 0, 2>
20;118;(3,4);;<1, 2, 0, 0, 2>
20;120;(3,12);;<0, 0, 0, 0, 0>
20;123;(13,6);;<1, 2, 0, 0, 2>
20;124;(1,1);;<1, 2, 0, 0, 2>
20;125;(4,19);;<0, 0, 0, 0, 0>
20;126;(13,3);outputNeighborhood;<1, 0, 0, 0, 1>
20;126;(13,3);;<1, 2, 0, 0, 2>
20;128;(15,3);;<1, 2, 0, 0, 2>
20;131;(5,3);;<0, 0, 0, 0, 0>
20;133;(16,9);;<1, 2, 0, 0, 2>
20;135;(0,10);;<1, 2, 0, 0, 2>
20;136;(16,14);;<0, 0, 0, 0, 0>
20;137;(2,3);;<1, 2, 0, 0, 2>
20;138;(4,5);;<1, 0, 0, 0, 1>
20;139;(13,5);;<1, 2, 0, 0, 2>
20;141;(11,3);;<1, 0, 0, 0, 1>
20;142;(1,3);;<1, 2, 0, 0, 2>
20;145;(0,1);;<1, 2, 0, 0, 2>
20;146;(3,7);;<1, 2, 0, 0, 2>
20;147;(3,3);outputNeighborhood;<1, 2, 0, 0, 2>
20;147;(3,3);;<1, 2, 0, 0, 2>
20;148;(0,11);;<1, 2, 0, 0, 2>
20;152;(2,2);outputNeighborhood;<1, 2, 0, 0, 2>
20;152;(2,2);;<1, 2, 0, 0, 2>
20;153;(3,8);;<1, 2, 0, 0, 2>
20;155;(6,1);;<0, 0, 0, 0, 0>
20;161;(4,3);;<1, 2, 0, 0, 2>
20;162;(5,1);;<0, 0, 0, 0, 0>
20;168;(14,16);;<0, 0, 0, 0, 0>
20;169;(6,7);;<0, 0, 0, 0, 0>
20;171;(14,3);outputNeighborhood;<1, 2, 0, 0, 2>
20;171;(14,3);;<1, 2, 0, 0, 2>
20;175;(2,4);;<1, 2, 0, 0, 2>
20;176;(13,4);outputNeighborhood;<1, 2, 0, 0, 2>
20;176;(13,4);;<1, 2, 0, 0, 2>
20;178;(16,2);;<1, 2, 0, 0, 2>
20;180;(15,4);;<1, 2, 0, 0, 2>
20;182;(15,15);;<0, 0, 0, 0, 0>
20;183;(4,1);outputNeighborhood;<1, 0, 0, 0, 1>
20;183;(4,1);;<1, 0, 0, 0, 1>
20;185;(4,2);;<1, 0, 0, 0, 1>
20;186;(2,1);outputNeighborhood;<1, 0, 0, 0, 1>
20;186;(2,1);;<1, 2, 0, 0, 2>
20;187;(1,0);;<0, 0, 0, 0, 0>
20;192;(15,0);;<1, 0, 0, 0, 1>
20;194;(2,11);outputNeighborhood;<1, 0, 0, 0, 1>
20;194;(2,11);;<1, 2, 0, 0, 2>
20;197;(1,11);outputNeighborhood;<1, 2, 0, 0, 2>
20;197;(1,11);;<1, 2, 0, 0, 2>
20;199;(3,1);;<1, 0, 0, 0, 1>
20;201;(5,2);;<0, 0, 0, 0, 0>
20;207;(12,3);;<0, 0, 0, 0, 0>
20;210;(14,8);;<1, 2, 0, 0, 2>
20;211;(12,5);;<0, 0, 0, 0, 0>
20;214;(13,14);;<0, 0, 0, 0, 0>
20;216;(5,0);;<0, 0, 0, 0, 0>
20;217;(1,9);;<1, 2, 0, 0, 2>
20;218;(13,19);;<0, 0, 0, 0, 0>
20;220;(0,13);;<0, 0, 0, 0, 0>
20;224;(3,11);;<1, 0, 0, 0, 1>
20;226;(14,9);outputNeighborhood;<1, 2, 0, 0, 2>
20;226;(14,9);;<1, 2, 0, 0, 2>
20;227;(11,4);;<0, 0, 0, 0, 0>
20;228;(12,9);;<0, 0, 0, 0, 0>
20;233;(12,11);;<0, 0, 0, 0, 0>
20;234;(17,13);;<1, 0, 0, 0, 1>
20;235;(14,12);outputNeighborhood;<1, 2, 0, 0, 2>
20;235;(14,12);;<1, 2, 0, 0, 2>
20;236;(4,0);;<0, 0, 0, 0, 0>
20;238;(3,6);;<1, 2, 0, 0, 2>
20;239;(12,2);;<0, 0, 0, 0, 0>
20;240;(13,0);;<0, 0, 0, 0, 0>
20;247;(15,11);;<1, 2, 0, 0, 2>
20;248;(16,0);;<0, 0, 0, 0, 0>
20;249;(14,0);outputNeighborhood;<1, 0, 0, 0, 1>
20;249;(14,0);;<1, 0, 0, 0, 1>
20;252;(17,1);;<1, 2, 0, 0, 2>
20;253;(16,1);;<1, 2, 0, 0, 2>
20;254;(15,1);outputNeighborhood;<1, 2, 0, 0, 2>
20;254;(15,1);;<1, 2, 0, 0, 2>
20;256;(2,7);;<1, 2, 0, 0, 2>
20;260;(1,2);;<1, 2, 0, 0, 2>
20;261;(0,14);;<0, 0, 0, 0, 0>
20;262;(13,9);outputNeighborhood;<1, 0, 0, 0, 1>
20;262;(13,9);;<1, 2, 0, 0, 2>
20;263;(14,10);outputNeighborhood;<1, 0, 0, 0, 1>
20;263;(14,10);;<1, 2, 0, 0, 2>
20;264;(3,0);;<0, 0, 0, 0, 0>
20;265;(3,5);;<1, 2, 0, 0, 2>
20;266;(0,2);;<1, 2, 0, 0, 2>
20;267;(3,2);outputNeighborhood;<1, 0, 0, 0, 1>
20;267;(3,2);;<1, 2, 0, 0, 2>
20;272;(14,5);;<1, 2, 0, 0, 2>
20;273;(2,0);;<0, 0, 0, 0, 0>
20;275;(14,1);;<1, 0, 0, 0, 1>
20;284;(14,4);;<1, 2, 0, 0, 2>
20;285;(14,2);outputNeighborhood;<1, 0, 0, 0, 1>
20;285;(14,2);;<1, 2, 0, 0, 2>
20;286;(13,8);;<1, 2, 0, 0, 2>
20;289;(0,12);outputNeighborhood;<1, 2, 0, 0, 2>
20;289;(0,12);;<1, 2, 0, 0, 2>
20;307;(15,8);;<1, 2, 0, 0, 2>
20;309;(4,7);outputNeighborhood;<1, 0, 0, 0, 1>
20;309;(4,7);;<1, 2, 0, 0, 2>
20;311;(5,7);;<1, 0, 0, 0, 1>
20;312;(12,4);;<0, 0, 0, 0, 0>
20;316;(13,7);;<1, 2, 0, 0, 2>
20;319;(17,14);;<0, 0, 0, 0, 0>
20;326;(4,8);outputNeighborhood;<1, 0, 0, 0, 1>
20;326;(4,8);;<1, 2, 0, 0, 2>
20;327;(5,8);;<1, 0, 0, 0, 1>
20;328;(5,5);;<0, 0, 0, 0, 0>
20;330;(6,8);;<0, 0, 0, 0, 0>
20;337;(12,8);;<0, 0, 0, 0, 0>
20;341;(16,3);;<1, 2, 0, 0, 2>
20;342;(11,9);;<0, 0, 0, 0, 0>
20;345;(15,2);;<1, 2, 0, 0, 2>
20;346;(4,11);;<1, 0, 0, 0, 1>
20;349;(2,9);;<1, 2, 0, 0, 2>
20;350;(3,9);outputNeighborhood;<1, 2, 0, 0, 2>
20;350;(3,9);;<1, 2, 0, 0, 2>
20;351;(4,9);;<1, 2, 0, 0, 2>
20;352;(5,9);;<0, 0, 0, 0, 0>
20;353;(4,10);;<1, 0, 0, 0, 1>
20;357;(15,9);;<1, 2, 0, 0, 2>
20;360;(1,10);;<1, 2, 0, 0, 2>
20;362;(1,14);;<0, 0, 0, 0, 0>
20;363;(2,10);outputNeighborhood;<1, 2, 0, 0, 2>
20;363;(2,10);;<1, 2, 0, 0, 2>
20;364;(3,10);outputNeighborhood;<1, 0, 0, 0, 1>
20;364;(3,10);;<1, 2, 0, 0, 2>
20;365;(5,10);;<0, 0, 0, 0, 0>
20;367;(19,11);;<1, 2, 0, 0, 2>
20;368;(15,14);;<1, 0, 0, 0, 1>
20;373;(12,10);;<0, 0, 0, 0, 0>
20;374;(16,12);;<1, 2, 0, 0, 2>
20;375;(13,10);;<1, 0, 0, 0, 1>
20;378;(15,10);;<1, 2, 0, 0, 2>
20;379;(16,10);;<1, 2, 0, 0, 2>
20;381;(2,12);;<1, 0, 0, 0, 1>
20;386;(16,11);;<1, 2, 0, 0, 2>
20;388;(4,6);;<1, 0, 0, 0, 1>
20;391;(5,6);;<0, 0, 0, 0, 0>
20;392;(14,11);outputNeighborhood;<1, 0, 0, 0, 1>
20;392;(14,11);;<1, 2, 0, 0, 2>
20;394;(13,1);;<0, 0, 0, 0, 0>
20;397;(13,11);;<0, 0, 0, 0, 0>
20;399;(12,12);;<0, 0, 0, 0, 0>
20;400;(15,12);;<1, 2, 0, 0, 2>
21;4;(15,19);;<0, 0, 0, 0, 0>
21;5;(14,19);;<0, 0, 0, 0, 0>
21;8;(2,19);;<0, 0, 0, 0, 0>
21;42;(16,15);;<0, 0, 0, 0, 0>
21;43;(14,15);;<0, 0, 0, 0, 0>
21;52;(14,14);;<1, 2, 0, 0, 2>
21;62;(2,14);;<0, 0, 0, 0, 0>
21;64;(18,13);;<1, 0, 0, 0, 1>
21;65;(16,13);outputNeighborhood;<1, 2, 0, 0, 2>
21;65;(16,13);;<1, 2, 0, 0, 2>
21;66;(15,13);;<1, 2, 0, 0, 2>
21;67;(14,13);;<1, 2, 0, 0, 2>
21;76;(4,13);;<0, 0, 0, 0, 0>
21;77;(3,13);;<0, 0, 0, 0, 0>
21;78;(2,13);;<0, 0, 0, 0, 0>
21;79;(1,13);;<0, 0, 0, 0, 0>
21;80;(19,12);;<1, 2, 0, 0, 2>
21;81;(18,12);;<1, 2, 0, 0, 2>
21;82;(17,12);;<1, 2, 0, 0, 2>
21;84;(6,6);;<0, 0, 0, 0, 0>
21;88;(19,13);;<0, 0, 0, 0, 0>
21;90;(13,12);;<0, 0, 0, 0, 0>
21;94;(5,4);outputNeighborhood;<1, 0, 0, 0, 1>
21;94;(5,4);;<1, 0, 0, 0, 1>
21;95;(4,12);;<0, 0, 0, 0, 0>
21;96;(18,14);;<0, 0, 0, 0, 0>
21;97;(1,12);outputNeighborhood;<1, 2, 0, 0, 2>
21;97;(1,12);;<1, 2, 0, 0, 2>
21;100;(2,8);;<1, 2, 0, 0, 2>
21;102;(6,4);;<0, 0, 0, 0, 0>
21;109;(16,19);;<0, 0, 0, 0, 0>
21;110;(13,2);outputNeighborhood;<1, 0, 0, 0, 1>
21;110;(13,2);;<1, 2, 0, 0, 2>
21;111;(7,4);;<0, 0, 0, 0, 0>
21;114;(4,4);outputNeighborhood;<1, 2, 0, 0, 2>
21;114;(4,4);;<1, 2, 0, 0, 2>
21;118;(3,4);;<1, 2, 0, 0, 2>
21;120;(3,12);;<1, 0, 0, 0, 1>
21;124;(1,1);;<1, 2, 0, 0, 2>
21;126;(13,3);outputNeighborhood;<1, 2, 0, 0, 2>
21;126;(13,3);;<1, 2, 0, 0, 2>
21;128;(15,3);;<1, 2, 0, 0, 2>
21;129;(9,3);;<0, 0, 0, 0, 0>
21;130;(6,3);;<0, 0, 0, 0, 0>
21;131;(5,3);;<1, 0, 0, 0, 1>
21;132;(6,5);;<0, 0, 0, 0, 0>
21;136;(16,14);;<1, 0, 0, 0, 1>
21;137;(2,3);;<1, 2, 0, 0, 2>
21;138;(4,5);outputNeighborhood;<1, 0, 0, 0, 1>
21;138;(4,5);;<1, 2, 0, 0, 2>
21;139;(13,5);;<1, 2, 0, 0, 2>
21;141;(11,3);outputNeighborhood;<1, 0, 0, 0, 1>
21;141;(11,3);;<1, 0, 0, 0, 1>
21;145;(0,1);;<1, 2, 0, 0, 2>
21;146;(3,7);;<1, 2, 0, 0, 2>
21;147;(3,3);;<1, 2, 0, 0, 2>
21;148;(0,11);;<1, 2, 0, 0, 2>
21;149;(2,5);;<1, 2, 0, 0, 2>
21;152;(2,2);;<1, 2, 0, 0, 2>
21;153;(3,8);;<1, 2, 0, 0, 2>
21;154;(15,16);;<0, 0, 0, 0, 0>
21;161;(4,3);outputNeighborhood;<1, 2, 0, 0, 2>
21;161;(4,3);;<1, 2, 0, 0, 2>
21;162;(5,1);;<0, 0, 0, 0, 0>
21;163;(15,18);;<0, 0, 0, 0, 0>
21;169;(6,7);;<0, 0, 0, 0, 0>
21;171;(14,3);;<1, 2, 0, 0, 2>
21;175;(2,4);;<1, 2, 0, 0, 2>
21;176;(13,4);;<1, 2, 0, 0, 2>
21;178;(16,2);;<1, 2, 0, 0, 2>
21;182;(15,15);;<0, 0, 0, 0, 0>
21;183;(4,1);;<1, 2, 0, 0, 2>
21;185;(4,2);outputNeighborhood;<1, 0, 0, 0, 1>
21;185;(4,2);;<1, 2, 0, 0, 2>
21;186;(2,1);outputNeighborhood;<1, 2, 0, 0, 2>
21;186;(2,1);;<1, 2, 0, 0, 2>
21;187;(1,0);;<0, 0, 0, 0, 0>
21;189;(17,0);;<0, 0, 0, 0, 0>
21;192;(15,0);outputNeighborhood;<1, 0, 0, 0, 1>
21;192;(15,0);;<1, 2, 0, 0, 2>
21;194;(2,11);outputNeighborhood;<1, 2, 0, 0, 2>
21;194;(2,11);;<1, 2, 0, 0, 2>
21;197;(1,11);;<1, 2, 0, 0, 2>
21;199;(3,1);outputNeighborhood;<1, 0, 0, 0, 1>
21;199;(3,1);;<1, 2, 0, 0, 2>
21;201;(5,2);;<0, 0, 0, 0, 0>
21;202;(17,11);;<1, 2, 0, 0, 2>
21;203;(7,8);;<1, 0, 0, 0, 1>
21;207;(12,3);;<1, 0, 0, 0, 1>
21;210;(14,8);;<1, 2, 0, 0, 2>
21;214;(13,14);;<0, 0, 0, 0, 0>
21;215;(5,12);;<0, 0, 0, 0, 0>
21;220;(0,13);;<0, 0, 0, 0, 0>
21;224;(3,11);outputNeighborhood;<1, 0, 0, 0, 1>
21;224;(3,11);;<1, 2, 0, 0, 2>
21;226;(14,9);;<1, 2, 0, 0, 2>
21;227;(11,4);;<0, 0, 0, 0, 0>
21;228;(12,9);;<0, 0, 0, 0, 0>
21;230;(10,3);;<0, 0, 0, 0, 0>
21;233;(12,11);;<0, 0, 0, 0, 0>
21;234;(17,13);outputNeighborhood;<1, 0, 0, 0, 1>
21;234;(17,13);;<1, 2, 0, 0, 2>
21;235;(14,12);;<1, 2, 0, 0, 2>
21;236;(4,0);;<0, 0, 0, 0, 0>
21;238;(3,6);;<1, 2, 0, 0, 2>
21;239;(12,2);;<0, 0, 0, 0, 0>
21;240;(13,0);;<0, 0, 0, 0, 0>
21;241;(11,1);;<0, 0, 0, 0, 0>
21;245;(2,6);;<1, 2, 0, 0, 2>
21;247;(15,11);;<1, 2, 0, 0, 2>
21;248;(16,0);;<1, 0, 0, 0, 1>
21;249;(14,0);;<1, 2, 0, 0, 2>
21;250;(12,1);;<0, 0, 0, 0, 0>
21;253;(16,1);;<1, 2, 0, 0, 2>
21;254;(15,1);;<1, 2, 0, 0, 2>
21;256;(2,7);;<1, 2, 0, 0, 2>
21;260;(1,2);;<1, 2, 0, 0, 2>
21;262;(13,9);outputNeighborhood;<1, 2, 0, 0, 2>
21;262;(13,9);;<1, 2, 0, 0, 2>
21;263;(14,10);outputNeighborhood;<1, 2, 0, 0, 2>
21;263;(14,10);;<1, 2, 0, 0, 2>
21;264;(3,0);;<0, 0, 0, 0, 0>
21;265;(3,5);;<1, 2, 0, 0, 2>
21;267;(3,2);outputNeighborhood;<1, 2, 0, 0, 2>
21;267;(3,2);;<1, 2, 0, 0, 2>
21;270;(6,2);;<0, 0, 0, 0, 0>
21;273;(2,0);;<0, 0, 0, 0, 0>
21;275;(14,1);outputNeighborhood;<1, 0, 0, 0, 1>
21;275;(14,1);;<1, 2, 0, 0, 2>
21;280;(10,2);;<0, 0, 0, 0, 0>
21;281;(11,2);;<0, 0, 0, 0, 0>
21;284;(14,4);;<1, 2, 0, 0, 2>
21;285;(14,2);outputNeighborhood;<1, 2, 0, 0, 2>
21;285;(14,2);;<1, 2, 0, 0, 2>
21;286;(13,8);;<1, 2, 0, 0, 2>
21;289;(0,12);;<1, 2, 0, 0, 2>
21;309;(4,7);outputNeighborhood;<1, 2, 0, 0, 2>
21;309;(4,7);;<1, 2, 0, 0, 2>
21;311;(5,7);;<1, 2, 0, 0, 2>
21;312;(12,4);;<0, 0, 0, 0, 0>
21;316;(13,7);;<1, 2, 0, 0, 2>
21;319;(17,14);;<0, 0, 0, 0, 0>
21;323;(10,4);;<0, 0, 0, 0, 0>
21;325;(3,19);;<0, 0, 0, 0, 0>
21;326;(4,8);outputNeighborhood;<1, 2, 0, 0, 2>
21;326;(4,8);;<1, 2, 0, 0, 2>
21;327;(5,8);outputNeighborhood;<1, 0, 0, 0, 1>
21;327;(5,8);;<1, 2, 0, 0, 2>
21;328;(5,5);;<1, 0, 0, 0, 1>
21;330;(6,8);;<0, 0, 0, 0, 0>
21;335;(6,9);;<0, 0, 0, 0, 0>
21;337;(12,8);;<0, 0, 0, 0, 0>
21;338;(17,15);;<0, 0, 0, 0, 0>
21;340;(11,10);;<0, 0, 0, 0, 0>
21;342;(11,9);;<0, 0, 0, 0, 0>
21;345;(15,2);;<1, 2, 0, 0, 2>
21;346;(4,11);outputNeighborhood;<1, 0, 0, 0, 1>
21;346;(4,11);;<1, 2, 0, 0, 2>
21;349;(2,9);;<1, 2, 0, 0, 2>
21;350;(3,9);;<1, 2, 0, 0, 2>
21;351;(4,9);outputNeighborhood;<1, 2, 0, 0, 2>
21;351;(4,9);;<1, 2, 0, 0, 2>
21;352;(5,9);;<1, 0, 0, 0, 1>
21;353;(4,10);outputNeighborhood;<1, 0, 0, 0, 1>
21;353;(4,10);;<1, 2, 0, 0, 2>
21;357;(15,9);;<1, 2, 0, 0, 2>
21;360;(1,10);;<1, 2, 0, 0, 2>
21;362;(1,14);;<1, 0, 0, 0, 1>
21;363;(2,10);;<1, 2, 0, 0, 2>
21;364;(3,10);outputNeighborhood;<1, 2, 0, 0, 2>
21;364;(3,10);;<1, 2, 0, 0, 2>
21;365;(5,10);;<0, 0, 0, 0, 0>
21;366;(6,10);;<0, 0, 0, 0, 0>
21;368;(15,14);outputNeighborhood;<1, 0, 0, 0, 1>
21;368;(15,14);;<1, 2, 0, 0, 2>
21;373;(12,10);;<0, 0, 0, 0, 0>
21;374;(16,12);;<1, 2, 0, 0, 2>
21;375;(13,10);outputNeighborhood;<1, 0, 0, 0, 1>
21;375;(13,10);;<1, 2, 0, 0, 2>
21;378;(15,10);;<1, 2, 0, 0, 2>
21;379;(16,10);;<1, 2, 0, 0, 2>
21;381;(2,12);outputNeighborhood;<1, 0, 0, 0, 1>
21;381;(2,12);;<1, 2, 0, 0, 2>
21;385;(5,11);;<0, 0, 0, 0, 0>
21;386;(16,11);;<1, 2, 0, 0, 2>
21;387;(11,5);;<0, 0, 0, 0, 0>
21;388;(4,6);outputNeighborhood;<1, 0, 0, 0, 1>
21;388;(4,6);;<1, 2, 0, 0, 2>
21;389;(6,11);;<0, 0, 0, 0, 0>
21;391;(5,6);;<1, 0, 0, 0, 1>
21;392;(14,11);outputNeighborhood;<1, 2, 0, 0, 2>
21;392;(14,11);;<1, 2, 0, 0, 2>
21;394;(13,1);;<1, 0, 0, 0, 1>
21;397;(13,11);;<1, 0, 0, 0, 1>
21;400;(15,12);;<1, 2, 0, 0, 2>
22;3;(17,19);;<0, 0, 0, 0, 0>
22;4;(15,19);;<0, 0, 0, 0, 0>
22;5;(14,19);;<0, 0, 0, 0, 0>
22;11;(14,18);;<0, 0, 0, 0, 0>
22;39;(1,16);;<0, 0, 0, 0, 0>
22;42;(16,15);;<0, 0, 0, 0, 0>
22;43;(14,15);;<0, 0, 0, 0, 0>
22;44;(13,15);;<0, 0, 0, 0, 0>
22;49;(2,15);;<0, 0, 0, 0, 0>
22;50;(1,15);;<0, 0, 0, 0, 0>
22;52;(14,14);outputNeighborhood;<1, 2, 0, 0, 2>
22;52;(14,14);;<1, 2, 0, 0, 2>
22;53;(12,14);;<0, 0, 0, 0, 0>
22;60;(3,14);;<0, 0, 0, 0, 0>
22;62;(2,14);;<0, 0, 0, 0, 0>
22;64;(18,13);outputNeighborhood;<1, 0, 0, 0, 1>
22;64;(18,13);;<1, 2, 0, 0, 2>
22;65;(16,13);;<1, 2, 0, 0, 2>
22;66;(15,13);;<1, 2, 0, 0, 2>
22;67;(14,13);;<1, 2, 0, 0, 2>
22;68;(13,13);;<0, 0, 0, 0, 0>
22;75;(0,15);;<0, 0, 0, 0, 0>
22;76;(4,13);;<0, 0, 0, 0, 0>
22;77;(3,13);;<0, 0, 0, 0, 0>
22;78;(2,13);;<0, 0, 0, 0, 0>
22;79;(1,13);;<1, 0, 0, 0, 1>
22;80;(19,12);;<1, 2, 0, 0, 2>
22;81;(18,12);;<1, 2, 0, 0, 2>
22;82;(17,12);;<1, 2, 0, 0, 2>
22;84;(6,6);;<0, 0, 0, 0, 0>
22;85;(12,0);;<0, 0, 0, 0, 0>
22;88;(19,13);;<1, 0, 0, 0, 1>
22;90;(13,12);;<1, 0, 0, 0, 1>
22;92;(7,5);;<0, 0, 0, 0, 0>
22;94;(5,4);;<1, 2, 0, 0, 2>
22;95;(4,12);;<1, 0, 0, 0, 1>
22;96;(18,14);;<0, 0, 0, 0, 0>
22;97;(1,12);;<1, 2, 0, 0, 2>
22;102;(6,4);;<0, 0, 0, 0, 0>
22;109;(16,19);;<0, 0, 0, 0, 0>
22;110;(13,2);outputNeighborhood;<1, 2, 0, 0, 2>
22;110;(13,2);;<1, 2, 0, 0, 2>
22;114;(4,4);;<1, 2, 0, 0, 2>
22;118;(3,4);;<1, 2, 0, 0, 2>
22;120;(3,12);outputNeighborhood;<1, 0, 0, 0, 1>
22;120;(3,12);;<1, 2, 0, 0, 2>
22;124;(1,1);;<1, 2, 0, 0, 2>
22;125;(4,19);;<0, 0, 0, 0, 0>
22;126;(13,3);;<1, 2, 0, 0, 2>
22;130;(6,3);;<0, 0, 0, 0, 0>
22;131;(5,3);outputNeighborhood;<1, 0, 0, 0, 1>
22;131;(5,3);;<1, 2, 0, 0, 2>
22;132;(6,5);;<0, 0, 0, 0, 0>
22;136;(16,14);outputNeighborhood;<1, 0, 0, 0, 1>
22;136;(16,14);;<1, 2, 0, 0, 2>
22;138;(4,5);outputNeighborhood;<1, 2, 0, 0, 2>
22;138;(4,5);;<1, 2, 0, 0, 2>
22;141;(11,3);;<1, 0, 0, 0, 1>
22;146;(3,7);;<1, 2, 0, 0, 2>
22;147;(3,3);;<1, 2, 0, 0, 2>
22;149;(2,5);;<1, 2, 0, 0, 2>
22;152;(2,2);;<1, 2, 0, 0, 2>
22;153;(3,8);;<1, 2, 0, 0, 2>
22;154;(15,16);;<0, 0, 0, 0, 0>
22;155;(6,1);;<0, 0, 0, 0, 0>
22;161;(4,3);;<1, 2, 0, 0, 2>
22;162;(5,1);;<0, 0, 0, 0, 0>
22;163;(15,18);;<0, 0, 0, 0, 0>
22;164;(7,7);;<0, 0, 0, 0, 0>
22;168;(14,16);;<0, 0, 0, 0, 0>
22;169;(6,7);;<0, 0, 0, 0, 0>
22;171;(14,3);;<1, 2, 0, 0, 2>
22;176;(13,4);;<1, 2, 0, 0, 2>
22;178;(16,2);;<1, 2, 0, 0, 2>
22;182;(15,15);;<0, 0, 0, 0, 0>
22;183;(4,1);outputNeighborhood;<1, 2, 0, 0, 2>
22;183;(4,1);;<1, 2, 0, 0, 2>
22;185;(4,2);outputNeighborhood;<1, 2, 0, 0, 2>
22;185;(4,2);;<1, 2, 0, 0, 2>
22;186;(2,1);;<1, 2, 0, 0, 2>
22;188;(8,7);;<1, 0, 0, 0, 1>
22;189;(17,0);;<1, 0, 0, 0, 1>
22;192;(15,0);outputNeighborhood;<1, 2, 0, 0, 2>
22;192;(15,0);;<1, 2, 0, 0, 2>
22;193;(16,16);;<0, 0, 0, 0, 0>
22;194;(2,11);;<1, 2, 0, 0, 2>
22;197;(1,11);;<1, 2, 0, 0, 2>
22;199;(3,1);outputNeighborhood;<1, 2, 0, 0, 2>
22;199;(3,1);;<1, 2, 0, 0, 2>
22;201;(5,2);;<1, 0, 0, 0, 1>
22;202;(17,11);;<1, 2, 0, 0, 2>
22;203;(7,8);outputNeighborhood;<1, 0, 0, 0, 1>
22;203;(7,8);;<1, 0, 0, 0, 1>
22;207;(12,3);outputNeighborhood;<1, 0, 0, 0, 1>
22;207;(12,3);;<1, 2, 0, 0, 2>
22;211;(12,5);;<0, 0, 0, 0, 0>
22;212;(7,3);;<0, 0, 0, 0, 0>
22;214;(13,14);;<0, 0, 0, 0, 0>
22;215;(5,12);;<0, 0, 0, 0, 0>
22;216;(5,0);;<0, 0, 0, 0, 0>
22;218;(13,19);;<0, 0, 0, 0, 0>
22;220;(0,13);;<0, 0, 0, 0, 0>
22;223;(18,0);;<0, 0, 0, 0, 0>
22;224;(3,11);outputNeighborhood;<1, 2, 0, 0, 2>
22;224;(3,11);;<1, 2, 0, 0, 2>
22;226;(14,9);;<1, 2, 0, 0, 2>
22;227;(11,4);;<0, 0, 0, 0, 0>
22;228;(12,9);;<0, 0, 0, 0, 0>
22;230;(10,3);;<0, 0, 0, 0, 0>
22;232;(18,15);;<0, 0, 0, 0, 0>
22;233;(12,11);;<0, 0, 0, 0, 0>
22;234;(17,13);outputNeighborhood;<1, 2, 0, 0, 2>
22;234;(17,13);;<1, 2, 0, 0, 2>
22;235;(14,12);;<1, 2, 0, 0, 2>
22;236;(4,0);;<0, 0, 0, 0, 0>
22;238;(3,6);;<1, 2, 0, 0, 2>
22;239;(12,2);;<1, 0, 0, 0, 1>
22;240;(13,0);;<1, 0, 0, 0, 1>
22;241;(11,1);;<0, 0, 0, 0, 0>
22;245;(2,6);;<1, 2, 0, 0, 2>
22;246;(11,11);;<0, 0, 0, 0, 0>
22;247;(15,11);;<1, 2, 0, 0, 2>
22;248;(16,0);outputNeighborhood;<1, 0, 0, 0, 1>
22;248;(16,0);;<1, 2, 0, 0, 2>
22;249;(14,0);outputNeighborhood;<1, 2, 0, 0, 2>
22;249;(14,0);;<1, 2, 0, 0, 2>
22;250;(12,1);;<0, 0, 0, 0, 0>
22;252;(17,1);;<1, 2, 0, 0, 2>
22;253;(16,1);;<1, 2, 0, 0, 2>
22;254;(15,1);;<1, 2, 0, 0, 2>
22;261;(0,14);;<0, 0, 0, 0, 0>
22;262;(13,9);;<1, 2, 0, 0, 2>
22;263;(14,10);;<1, 2, 0, 0, 2>
22;264;(3,0);;<0, 0, 0, 0, 0>
22;265;(3,5);;<1, 2, 0, 0, 2>
22;267;(3,2);;<1, 2, 0, 0, 2>
22;270;(6,2);;<0, 0, 0, 0, 0>
22;273;(2,0);;<0, 0, 0, 0, 0>
22;275;(14,1);outputNeighborhood;<1, 2, 0, 0, 2>
22;275;(14,1);;<1, 2, 0, 0, 2>
22;279;(8,8);;<0, 0, 0, 0, 0>
22;281;(11,2);;<0, 0, 0, 0, 0>
22;283;(19,14);;<0, 0, 0, 0, 0>
22;285;(14,2);;<1, 2, 0, 0, 2>
22;286;(13,8);;<1, 2, 0, 0, 2>
22;289;(0,12);;<1, 2, 0, 0, 2>
22;292;(7,6);;<0, 0, 0, 0, 0>
22;293;(8,9);;<0, 0, 0, 0, 0>
22;309;(4,7);;<1, 2, 0, 0, 2>
22;311;(5,7);outputNeighborhood;<1, 2, 0, 0, 2>
22;311;(5,7);;<1, 2, 0, 0, 2>
22;312;(12,4);;<1, 0, 0, 0, 1>
22;319;(17,14);;<1, 0, 0, 0, 1>
22;322;(9,8);;<0, 0, 0, 0, 0>
22;325;(3,19);;<0, 0, 0, 0, 0>
22;326;(4,8);;<1, 2, 0, 0, 2>
22;327;(5,8);outputNeighborhood;<1, 2, 0, 0, 2>
22;327;(5,8);;<1, 2, 0, 0, 2>
22;328;(5,5);outputNeighborhood;<1, 0, 0, 0, 1>
22;328;(5,5);;<1, 2, 0, 0, 2>
22;330;(6,8);;<1, 0, 0, 0, 1>
22;334;(16,18);;<0, 0, 0, 0, 0>
22;335;(6,9);;<0, 0, 0, 0, 0>
22;338;(17,15);;<0, 0, 0, 0, 0>
22;340;(11,10);;<1, 0, 0, 0, 1>
22;345;(15,2);;<1, 2, 0, 0, 2>
22;346;(4,11);outputNeighborhood;<1, 2, 0, 0, 2>
22;346;(4,11);;<1, 2, 0, 0, 2>
22;350;(3,9);;<1, 2, 0, 0, 2>
22;351;(4,9);;<1, 2, 0, 0, 2>
22;352;(5,9);outputNeighborhood;<1, 0, 0, 0, 1>
22;352;(5,9);;<1, 2, 0, 0, 2>
22;353;(4,10);outputNeighborhood;<1, 2, 0, 0, 2>
22;353;(4,10);;<1, 2, 0, 0, 2>
22;355;(7,9);;<0, 0, 0, 0, 0>
22;362;(1,14);outputNeighborhood;<1, 0, 0, 0, 1>
22;362;(1,14);;<1, 0, 0, 0, 1>
22;363;(2,10);;<1, 2, 0, 0, 2>
22;364;(3,10);;<1, 2, 0, 0, 2>
22;365;(5,10);;<1, 0, 0, 0, 1>
22;366;(6,10);;<0, 0, 0, 0, 0>
22;368;(15,14);outputNeighborhood;<1, 2, 0, 0, 2>
22;368;(15,14);;<1, 2, 0, 0, 2>
22;369;(7,10);;<0, 0, 0, 0, 0>
22;373;(12,10);;<0, 0, 0, 0, 0>
22;374;(16,12);;<1, 2, 0, 0, 2>
22;375;(13,10);outputNeighborhood;<1, 2, 0, 0, 2>
22;375;(13,10);;<1, 2, 0, 0, 2>
22;378;(15,10);;<1, 2, 0, 0, 2>
22;381;(2,12);outputNeighborhood;<1, 2, 0, 0, 2>
22;381;(2,12);;<1, 2, 0, 0, 2>
22;385;(5,11);;<0, 0, 0, 0, 0>
22;388;(4,6);outputNeighborhood;<1, 2, 0, 0, 2>
22;388;(4,6);;<1, 2, 0, 0, 2>
22;389;(6,11);;<0, 0, 0, 0, 0>
22;391;(5,6);outputNeighborhood;<1, 0, 0, 0, 1>
22;391;(5,6);;<1, 2, 0, 0, 2>
22;392;(14,11);;<1, 2, 0, 0, 2>
22;393;(18,11);;<1, 2, 0, 0, 2>
22;394;(13,1);outputNeighborhood;<1, 0, 0, 0, 1>
22;394;(13,1);;<1, 2, 0, 0, 2>
22;397;(13,11);outputNeighborhood;<1, 0, 0, 0, 1>
22;397;(13,11);;<1, 2, 0, 0, 2>
22;399;(12,12);;<0, 0, 0, 0, 0>
22;400;(15,12);;<1, 2, 0, 0, 2>
23;2;(18,19);;<0, 0, 0, 0, 0>
23;3;(17,19);;<0, 0, 0, 0, 0>
23;4;(15,19);;<0, 0, 0, 0, 0>
23;5;(14,19);;<0, 0, 0, 0, 0>
23;32;(17,16);;<0, 0, 0, 0, 0>
23;41;(19,15);;<0, 0, 0, 0, 0>
23;42;(16,15);;<0, 0, 0, 0, 0>
23;50;(1,15);;<0, 0, 0, 0, 0>
23;52;(14,14);;<1, 2, 0, 0, 2>
23;59;(4,14);;<0, 0, 0, 0, 0>
23;60;(3,14);;<0, 0, 0, 0, 0>
23;62;(2,14);;<0, 0, 0, 0, 0>
23;64;(18,13);outputNeighborhood;<1, 2, 0, 0, 2>
23;64;(18,13);;<1, 2, 0, 0, 2>
23;65;(16,13);;<1, 2, 0, 0, 2>
23;66;(15,13);;<1, 2, 0, 0, 2>
23;67;(14,13);;<1, 2, 0, 0, 2>
23;68;(13,13);;<1, 0, 0, 0, 1>
23;69;(12,13);;<0, 0, 0, 0, 0>
23;74;(5,13);;<0, 0, 0, 0, 0>
23;76;(4,13);;<0, 0, 0, 0, 0>
23;77;(3,13);;<0, 0, 0, 0, 0>
23;78;(2,13);;<1, 0, 0, 0, 1>
23;79;(1,13);outputNeighborhood;<1, 0, 0, 0, 1>
23;79;(1,13);;<1, 2, 0, 0, 2>
23;80;(19,12);;<1, 2, 0, 0, 2>
23;81;(18,12);;<1, 2, 0, 0, 2>
23;82;(17,12);;<1, 2, 0, 0, 2>
23;84;(6,6);;<0, 0, 0, 0, 0>
23;85;(12,0);;<0, 0, 0, 0, 0>
23;88;(19,13);outputNeighborhood;<1, 0, 0, 0, 1>
23;88;(19,13);;<1, 2, 0, 0, 2>
23;90;(13,12);outputNeighborhood;<1, 0, 0, 0, 1>
23;90;(13,12);;<1, 2, 0, 0, 2>
23;92;(7,5);;<0, 0, 0, 0, 0>
23;94;(5,4);outputNeighborhood;<1, 2, 0, 0, 2>
23;94;(5,4);;<1, 2, 0, 0, 2>
23;95;(4,12);outputNeighborhood;<1, 0, 0, 0, 1>
23;95;(4,12);;<1, 2, 0, 0, 2>
23;96;(18,14);;<1, 0, 0, 0, 1>
23;97;(1,12);;<1, 2, 0, 0, 2>
23;99;(9,10);;<0, 0, 0, 0, 0>
23;102;(6,4);;<0, 0, 0, 0, 0>
23;106;(10,9);;<0, 0, 0, 0, 0>
23;109;(16,19);;<0, 0, 0, 0, 0>
23;110;(13,2);;<1, 2, 0, 0, 2>
23;111;(7,4);;<0, 0, 0, 0, 0>
23;114;(4,4);;<1, 2, 0, 0, 2>
23;118;(3,4);;<1, 2, 0, 0, 2>
23;120;(3,12);outputNeighborhood;<1, 2, 0, 0, 2>
23;120;(3,12);;<1, 2, 0, 0, 2>
23;126;(13,3);;<1, 2, 0, 0, 2>
23;130;(6,3);;<0, 0, 0, 0, 0>
23;131;(5,3);outputNeighborhood;<1, 2, 0, 0, 2>
23;131;(5,3);;<1, 2, 0, 0, 2>
23;132;(6,5);;<0, 0, 0, 0, 0>
23;136;(16,14);outputNeighborhood;<1, 2, 0, 0, 2>
23;136;(16,14);;<1, 2, 0, 0, 2>
23;138;(4,5);;<1, 2, 0, 0, 2>
23;139;(13,5);;<1, 2, 0, 0, 2>
23;141;(11,3);;<1, 0, 0, 0, 1>
23;147;(3,3);;<1, 2, 0, 0, 2>
23;155;(6,1);;<0, 0, 0, 0, 0>
23;159;(7,2);;<0, 0, 0, 0, 0>
23;161;(4,3);;<1, 2, 0, 0, 2>
23;162;(5,1);;<1, 0, 0, 0, 1>
23;164;(7,7);;<1, 0, 0, 0, 1>
23;166;(12,6);;<0, 0, 0, 0, 0>
23;167;(8,5);;<0, 0, 0, 0, 0>
23;169;(6,7);;<1, 0, 0, 0, 1>
23;171;(14,3);;<1, 2, 0, 0, 2>
23;176;(13,4);;<1, 2, 0, 0, 2>
23;178;(16,2);;<1, 2, 0, 0, 2>
23;182;(15,15);;<0, 0, 0, 0, 0>
23;183;(4,1);;<1, 2, 0, 0, 2>
23;185;(4,2);;<1, 2, 0, 0, 2>
23;188;(8,7);outputNeighborhood;<1, 0, 0, 0, 1>
23;188;(8,7);;<1, 0, 0, 0, 1>
23;189;(17,0);outputNeighborhood;<1, 0, 0, 0, 1>
23;189;(17,0);;<1, 2, 0, 0, 2>
23;192;(15,0);;<1, 2, 0, 0, 2>
23;193;(16,16);;<0, 0, 0, 0, 0>
23;194;(2,11);;<1, 2, 0, 0, 2>
23;197;(1,11);;<1, 2, 0, 0, 2>
23;201;(5,2);outputNeighborhood;<1, 0, 0, 0, 1>
23;201;(5,2);;<1, 2, 0, 0, 2>
23;203;(7,8);;<1, 0, 0, 0, 1>
23;207;(12,3);outputNeighborhood;<1, 2, 0, 0, 2>
23;207;(12,3);;<1, 2, 0, 0, 2>
23;211;(12,5);;<1, 0, 0, 0, 1>
23;212;(7,3);;<0, 0, 0, 0, 0>
23;214;(13,14);;<0, 0, 0, 0, 0>
23;215;(5,12);;<0, 0, 0, 0, 0>
23;216;(5,0);;<0, 0, 0, 0, 0>
23;218;(13,19);;<0, 0, 0, 0, 0>
23;220;(0,13);;<1, 0, 0, 0, 1>
23;223;(18,0);;<1, 0, 0, 0, 1>
23;224;(3,11);;<1, 2, 0, 0, 2>
23;227;(11,4);;<1, 0, 0, 0, 1>
23;228;(12,9);;<0, 0, 0, 0, 0>
23;230;(10,3);;<0, 0, 0, 0, 0>
23;232;(18,15);;<0, 0, 0, 0, 0>
23;233;(12,11);;<0, 0, 0, 0, 0>
23;234;(17,13);;<1, 2, 0, 0, 2>
23;235;(14,12);;<1, 2, 0, 0, 2>
23;238;(3,6);;<1, 2, 0, 0, 2>
23;239;(12,2);outputNeighborhood;<1, 0, 0, 0, 1>
23;239;(12,2);;<1, 2, 0, 0, 2>
23;240;(13,0);outputNeighborhood;<1, 0, 0, 0, 1>
23;240;(13,0);;<1, 2, 0, 0, 2>
23;241;(11,1);;<0, 0, 0, 0, 0>
23;246;(11,11);;<0, 0, 0, 0, 0>
23;247;(15,11);;<1, 2, 0, 0, 2>
23;248;(16,0);outputNeighborhood;<1, 2, 0, 0, 2>
23;248;(16,0);;<1, 2, 0, 0, 2>
23;249;(14,0);;<1, 2, 0, 0, 2>
23;250;(12,1);;<1, 0, 0, 0, 1>
23;252;(17,1);;<1, 2, 0, 0, 2>
23;253;(16,1);;<1, 2, 0, 0, 2>
23;254;(15,1);;<1, 2, 0, 0, 2>
23;255;(18,1);;<1, 2, 0, 0, 2>
23;258;(11,0);;<0, 0, 0, 0, 0>
23;261;(0,14);;<0, 0, 0, 0, 0>
23;262;(13,9);;<1, 2, 0, 0, 2>
23;263;(14,10);;<1, 2, 0, 0, 2>
23;265;(3,5);;<1, 2, 0, 0, 2>
23;267;(3,2);;<1, 2, 0, 0, 2>
23;270;(6,2);;<0, 0, 0, 0, 0>
23;275;(14,1);;<1, 2, 0, 0, 2>
23;276;(13,18);;<0, 0, 0, 0, 0>
23;279;(8,8);;<1, 0, 0, 0, 1>
23;280;(10,2);;<0, 0, 0, 0, 0>
23;281;(11,2);;<1, 0, 0, 0, 1>
23;283;(19,14);;<0, 0, 0, 0, 0>
23;284;(14,4);;<1, 2, 0, 0, 2>
23;285;(14,2);;<1, 2, 0, 0, 2>
23;289;(0,12);;<1, 2, 0, 0, 2>
23;292;(7,6);;<0, 0, 0, 0, 0>
23;293;(8,9);;<0, 0, 0, 0, 0>
23;294;(10,11);;<0, 0, 0, 0, 0>
23;295;(8,6);;<0, 0, 0, 0, 0>
23;297;(9,6);;<0, 0, 0, 0, 0>
23;298;(17,18);;<0, 0, 0, 0, 0>
23;299;(19,0);;<0, 0, 0, 0, 0>
23;305;(17,2);;<1, 2, 0, 0, 2>
23;309;(4,7);;<1, 2, 0, 0, 2>
23;311;(5,7);;<1, 2, 0, 0, 2>
23;312;(12,4);outputNeighborhood;<1, 0, 0, 0, 1>
23;312;(12,4);;<1, 2, 0, 0, 2>
23;313;(9,7);;<0, 0, 0, 0, 0>
23;314;(10,7);;<0, 0, 0, 0, 0>
23;319;(17,14);outputNeighborhood;<1, 0, 0, 0, 1>
23;319;(17,14);;<1, 2, 0, 0, 2>
23;322;(9,8);;<0, 0, 0, 0, 0>
23;323;(10,4);;<0, 0, 0, 0, 0>
23;326;(4,8);;<1, 2, 0, 0, 2>
23;327;(5,8);;<1, 2, 0, 0, 2>
23;328;(5,5);outputNeighborhood;<1, 2, 0, 0, 2>
23;328;(5,5);;<1, 2, 0, 0, 2>
23;330;(6,8);outputNeighborhood;<1, 0, 0, 0, 1>
23;330;(6,8);;<1, 2, 0, 0, 2>
23;334;(16,18);;<0, 0, 0, 0, 0>
23;335;(6,9);;<1, 0, 0, 0, 1>
23;336;(11,8);;<0, 0, 0, 0, 0>
23;338;(17,15);;<0, 0, 0, 0, 0>
23;340;(11,10);outputNeighborhood;<1, 0, 0, 0, 1>
23;340;(11,10);;<1, 0, 0, 0, 1>
23;342;(11,9);;<0, 0, 0, 0, 0>
23;344;(6,12);;<0, 0, 0, 0, 0>
23;346;(4,11);;<1, 2, 0, 0, 2>
23;350;(3,9);;<1, 2, 0, 0, 2>
23;351;(4,9);;<1, 2, 0, 0, 2>
23;352;(5,9);outputNeighborhood;<1, 2, 0, 0, 2>
23;352;(5,9);;<1, 2, 0, 0, 2>
23;353;(4,10);;<1, 2, 0, 0, 2>
23;355;(7,9);;<0, 0, 0, 0, 0>
23;362;(1,14);;<1, 0, 0, 0, 1>
23;364;(3,10);;<1, 2, 0, 0, 2>
23;365;(5,10);outputNeighborhood;<1, 0, 0, 0, 1>
23;365;(5,10);;<1, 2, 0, 0, 2>
23;366;(6,10);;<0, 0, 0, 0, 0>
23;367;(19,11);;<1, 2, 0, 0, 2>
23;368;(15,14);;<1, 2, 0, 0, 2>
23;369;(7,10);;<0, 0, 0, 0, 0>
23;372;(10,10);;<0, 0, 0, 0, 0>
23;373;(12,10);;<1, 0, 0, 0, 1>
23;374;(16,12);;<1, 2, 0, 0, 2>
23;375;(13,10);;<1, 2, 0, 0, 2>
23;381;(2,12);;<1, 2, 0, 0, 2>
23;382;(12,19);;<1, 0, 0, 0, 1>
23;385;(5,11);;<1, 0, 0, 0, 1>
23;387;(11,5);;<0, 0, 0, 0, 0>
23;388;(4,6);;<1, 2, 0, 0, 2>
23;389;(6,11);;<0, 0, 0, 0, 0>
23;391;(5,6);outputNeighborhood;<1, 2, 0, 0, 2>
23;391;(5,6);;<1, 2, 0, 0, 2>
23;392;(14,11);;<1, 2, 0, 0, 2>
23;393;(18,11);;<1, 2, 0, 0, 2>
23;394;(13,1);outputNeighborhood;<1, 2, 0, 0, 2>
23;394;(13,1);;<1, 2, 0, 0, 2>
23;397;(13,11);outputNeighborhood;<1, 2, 0, 0, 2>
23;397;(13,11);;<1, 2, 0, 0, 2>
23;398;(11,12);;<0, 0, 0, 0, 0>
23;399;(12,12);;<0, 0, 0, 0, 0>
23;400;(15,12);;<1, 2, 0, 0, 2>
24;1;(19,19);;<0, 0, 0, 0, 0>
24;2;(18,19);;<0, 0, 0, 0, 0>
24;3;(17,19);;<0, 0, 0, 0, 0>
24;5;(14,19);;<0, 0, 0, 0, 0>
24;7;(5,19);;<0, 0, 0, 0, 0>
24;12;(12,18);;<1, 0, 0, 0, 1>
24;13;(11,18);;<0, 0, 0, 0, 0>
24;31;(18,16);;<0, 0, 0, 0, 0>
24;32;(17,16);;<0, 0, 0, 0, 0>
24;41;(19,15);;<0, 0, 0, 0, 0>
24;42;(16,15);;<0, 0, 0, 0, 0>
24;44;(13,15);;<0, 0, 0, 0, 0>
24;49;(2,15);;<0, 0, 0, 0, 0>
24;50;(1,15);;<0, 0, 0, 0, 0>
24;52;(14,14);;<1, 2, 0, 0, 2>
24;53;(12,14);;<0, 0, 0, 0, 0>
24;59;(4,14);;<0, 0, 0, 0, 0>
24;60;(3,14);;<0, 0, 0, 0, 0>
24;62;(2,14);;<1, 0, 0, 0, 1>
24;64;(18,13);;<1, 2, 0, 0, 2>
24;65;(16,13);;<1, 2, 0, 0, 2>
24;66;(15,13);;<1, 2, 0, 0, 2>
24;67;(14,13);;<1, 2, 0, 0, 2>
24;68;(13,13);outputNeighborhood;<1, 0, 0, 0, 1>
24;68;(13,13);;<1, 2, 0, 0, 2>
24;69;(12,13);;<0, 0, 0, 0, 0>
24;70;(11,13);;<0, 0, 0, 0, 0>
24;74;(5,13);;<0, 0, 0, 0, 0>
24;75;(0,15);;<0, 0, 0, 0, 0>
24;76;(4,13);;<0, 0, 0, 0, 0>
24;77;(3,13);;<1, 0, 0, 0, 1>
24;78;(2,13);outputNeighborhood;<1, 0, 0, 0, 1>
24;78;(2,13);;<1, 2, 0, 0, 2>
24;79;(1,13);outputNeighborhood;<1, 2, 0, 0, 2>
24;79;(1,13);;<1, 2, 0, 0, 2>
24;80;(19,12);;<1, 2, 0, 0, 2>
24;81;(18,12);;<1, 2, 0, 0, 2>
24;82;(17,12);;<1, 2, 0, 0, 2>
24;83;(10,19);;<0, 0, 0, 0, 0>
24;84;(6,6);;<1, 0, 0, 0, 1>
24;85;(12,0);;<1, 0, 0, 0, 1>
24;88;(19,13);outputNeighborhood;<1, 2, 0, 0, 2>
24;88;(19,13);;<1, 2, 0, 0, 2>
24;90;(13,12);outputNeighborhood;<1, 2, 0, 0, 2>
24;90;(13,12);;<1, 2, 0, 0, 2>
24;91;(10,5);;<0, 0, 0, 0, 0>
24;92;(7,5);;<0, 0, 0, 0, 0>
24;94;(5,4);;<1, 2, 0, 0, 2>
24;95;(4,12);outputNeighborhood;<1, 2, 0, 0, 2>
24;95;(4,12);;<1, 2, 0, 0, 2>
24;96;(18,14);outputNeighborhood;<1, 0, 0, 0, 1>
24;96;(18,14);;<1, 2, 0, 0, 2>
24;97;(1,12);;<1, 2, 0, 0, 2>
24;109;(16,19);;<0, 0, 0, 0, 0>
24;110;(13,2);;<1, 2, 0, 0, 2>
24;112;(6,0);;<0, 0, 0, 0, 0>
24;113;(18,2);;<1, 2, 0, 0, 2>
24;116;(11,19);;<0, 0, 0, 0, 0>
24;120;(3,12);;<1, 2, 0, 0, 2>
24;123;(13,6);;<1, 2, 0, 0, 2>
24;126;(13,3);;<1, 2, 0, 0, 2>
24;130;(6,3);;<0, 0, 0, 0, 0>
24;131;(5,3);;<1, 2, 0, 0, 2>
24;132;(6,5);;<0, 0, 0, 0, 0>
24;136;(16,14);;<1, 2, 0, 0, 2>
24;139;(13,5);;<1, 2, 0, 0, 2>
24;140;(7,1);;<0, 0, 0, 0, 0>
24;141;(11,3);;<1, 2, 0, 0, 2>
24;148;(0,11);;<1, 2, 0, 0, 2>
24;155;(6,1);;<0, 0, 0, 0, 0>
24;156;(9,9);;<0, 0, 0, 0, 0>
24;157;(12,17);;<0, 0, 0, 0, 0>
24;159;(7,2);;<0, 0, 0, 0, 0>
24;161;(4,3);;<1, 2, 0, 0, 2>
24;162;(5,1);outputNeighborhood;<1, 0, 0, 0, 1>
24;162;(5,1);;<1, 2, 0, 0, 2>
24;164;(7,7);outputNeighborhood;<1, 0, 0, 0, 1>
24;164;(7,7);;<1, 2, 0, 0, 2>
24;166;(12,6);;<1, 0, 0, 0, 1>
24;169;(6,7);outputNeighborhood;<1, 0, 0, 0, 1>
24;169;(6,7);;<1, 2, 0, 0, 2>
24;176;(13,4);;<1, 2, 0, 0, 2>
24;183;(4,1);;<1, 2, 0, 0, 2>
24;185;(4,2);;<1, 2, 0, 0, 2>
24;188;(8,7);;<1, 2, 0, 0, 2>
24;189;(17,0);outputNeighborhood;<1, 2, 0, 0, 2>
24;189;(17,0);;<1, 2, 0, 0, 2>
24;192;(15,0);;<1, 2, 0, 0, 2>
24;194;(2,11);;<1, 2, 0, 0, 2>
24;196;(9,4);;<0, 0, 0, 0, 0>
24;197;(1,11);;<1, 2, 0, 0, 2>
24;198;(7,11);;<0, 0, 0, 0, 0>
24;199;(3,1);;<1, 2, 0, 0, 2>
24;201;(5,2);outputNeighborhood;<1, 2, 0, 0, 2>
24;201;(5,2);;<1, 2, 0, 0, 2>
24;203;(7,8);;<1, 2, 0, 0, 2>
24;207;(12,3);;<1, 2, 0, 0, 2>
24;211;(12,5);outputNeighborhood;<1, 0, 0, 0, 1>
24;211;(12,5);;<1, 2, 0, 0, 2>
24;214;(13,14);;<1, 0, 0, 0, 1>
24;215;(5,12);;<1, 0, 0, 0, 1>
24;216;(5,0);;<0, 0, 0, 0, 0>
24;218;(13,19);;<1, 0, 0, 0, 1>
24;220;(0,13);outputNeighborhood;<1, 0, 0, 0, 1>
24;220;(0,13);;<1, 2, 0, 0, 2>
24;223;(18,0);outputNeighborhood;<1, 0, 0, 0, 1>
24;223;(18,0);;<1, 2, 0, 0, 2>
24;224;(3,11);;<1, 2, 0, 0, 2>
24;227;(11,4);outputNeighborhood;<1, 0, 0, 0, 1>
24;227;(11,4);;<1, 2, 0, 0, 2>
24;228;(12,9);;<1, 0, 0, 0, 1>
24;230;(10,3);;<0, 0, 0, 0, 0>
24;231;(19,1);;<1, 2, 0, 0, 2>
24;232;(18,15);;<0, 0, 0, 0, 0>
24;233;(12,11);;<1, 0, 0, 0, 1>
24;234;(17,13);;<1, 2, 0, 0, 2>
24;235;(14,12);;<1, 2, 0, 0, 2>
24;236;(4,0);;<0, 0, 0, 0, 0>
24;239;(12,2);outputNeighborhood;<1, 2, 0, 0, 2>
24;239;(12,2);;<1, 2, 0, 0, 2>
24;240;(13,0);outputNeighborhood;<1, 2, 0, 0, 2>
24;240;(13,0);;<1, 2, 0, 0, 2>
24;241;(11,1);;<1, 0, 0, 0, 1>
24;242;(10,1);;<0, 0, 0, 0, 0>
24;244;(11,6);;<0, 0, 0, 0, 0>
24;246;(11,11);;<0, 0, 0, 0, 0>
24;248;(16,0);;<1, 2, 0, 0, 2>
24;249;(14,0);;<1, 2, 0, 0, 2>
24;250;(12,1);outputNeighborhood;<1, 0, 0, 0, 1>
24;250;(12,1);;<1, 2, 0, 0, 2>
24;252;(17,1);;<1, 2, 0, 0, 2>
24;253;(16,1);;<1, 2, 0, 0, 2>
24;255;(18,1);;<1, 2, 0, 0, 2>
24;257;(9,2);;<0, 0, 0, 0, 0>
24;258;(11,0);;<0, 0, 0, 0, 0>
24;259;(0,0);;<0, 0, 0, 0, 0>
24;261;(0,14);;<1, 0, 0, 0, 1>
24;262;(13,9);;<1, 2, 0, 0, 2>
24;263;(14,10);;<1, 2, 0, 0, 2>
24;267;(3,2);;<1, 2, 0, 0, 2>
24;270;(6,2);;<0, 0, 0, 0, 0>
24;272;(14,5);;<1, 2, 0, 0, 2>
24;275;(14,1);;<1, 2, 0, 0, 2>
24;276;(13,18);;<0, 0, 0, 0, 0>
24;279;(8,8);outputNeighborhood;<1, 0, 0, 0, 1>
24;279;(8,8);;<1, 2, 0, 0, 2>
24;280;(10,2);;<0, 0, 0, 0, 0>
24;281;(11,2);outputNeighborhood;<1, 0, 0, 0, 1>
24;281;(11,2);;<1, 2, 0, 0, 2>
24;283;(19,14);;<1, 0, 0, 0, 1>
24;284;(14,4);;<1, 2, 0, 0, 2>
24;285;(14,2);;<1, 2, 0, 0, 2>
24;289;(0,12);;<1, 2, 0, 0, 2>
24;292;(7,6);;<0, 0, 0, 0, 0>
24;293;(8,9);;<1, 0, 0, 0, 1>
24;295;(8,6);;<0, 0, 0, 0, 0>
24;298;(17,18);;<0, 0, 0, 0, 0>
24;299;(19,0);;<1, 0, 0, 0, 1>
24;305;(17,2);;<1, 2, 0, 0, 2>
24;309;(4,7);;<1, 2, 0, 0, 2>
24;311;(5,7);;<1, 2, 0, 0, 2>
24;312;(12,4);outputNeighborhood;<1, 2, 0, 0, 2>
24;312;(12,4);;<1, 2, 0, 0, 2>
24;313;(9,7);;<0, 0, 0, 0, 0>
24;315;(12,7);;<0, 0, 0, 0, 0>
24;319;(17,14);outputNeighborhood;<1, 2, 0, 0, 2>
24;319;(17,14);;<1, 2, 0, 0, 2>
24;322;(9,8);;<0, 0, 0, 0, 0>
24;323;(10,4);;<0, 0, 0, 0, 0>
24;326;(4,8);;<1, 2, 0, 0, 2>
24;327;(5,8);;<1, 2, 0, 0, 2>
24;330;(6,8);outputNeighborhood;<1, 2, 0, 0, 2>
24;330;(6,8);;<1, 2, 0, 0, 2>
24;333;(10,8);;<0, 0, 0, 0, 0>
24;335;(6,9);outputNeighborhood;<1, 0, 0, 0, 1>
24;335;(6,9);;<1, 2, 0, 0, 2>
24;337;(12,8);;<0, 0, 0, 0, 0>
24;338;(17,15);;<0, 0, 0, 0, 0>
24;340;(11,10);;<1, 0, 0, 0, 1>
24;342;(11,9);;<0, 0, 0, 0, 0>
24;344;(6,12);;<0, 0, 0, 0, 0>
24;346;(4,11);;<1, 2, 0, 0, 2>
24;351;(4,9);;<1, 2, 0, 0, 2>
24;352;(5,9);;<1, 2, 0, 0, 2>
24;353;(4,10);;<1, 2, 0, 0, 2>
24;355;(7,9);;<1, 0, 0, 0, 1>
24;362;(1,14);;<1, 0, 0, 0, 1>
24;364;(3,10);;<1, 2, 0, 0, 2>
24;365;(5,10);outputNeighborhood;<1, 2, 0, 0, 2>
24;365;(5,10);;<1, 2, 0, 0, 2>
24;366;(6,10);;<1, 0, 0, 0, 1>
24;367;(19,11);;<1, 2, 0, 0, 2>
24;368;(15,14);;<1, 2, 0, 0, 2>
24;369;(7,10);;<0, 0, 0, 0, 0>
24;370;(8,10);;<1, 0, 0, 0, 1>
24;372;(10,10);;<0, 0, 0, 0, 0>
24;373;(12,10);outputNeighborhood;<1, 0, 0, 0, 1>
24;373;(12,10);;<1, 2, 0, 0, 2>
24;375;(13,10);;<1, 2, 0, 0, 2>
24;377;(18,18);;<0, 0, 0, 0, 0>
24;381;(2,12);;<1, 2, 0, 0, 2>
24;382;(12,19);outputNeighborhood;<1, 0, 0, 0, 1>
24;382;(12,19);;<1, 0, 0, 0, 1>
24;385;(5,11);outputNeighborhood;<1, 0, 0, 0, 1>
24;385;(5,11);;<1, 2, 0, 0, 2>
24;387;(11,5);;<1, 0, 0, 0, 1>
24;389;(6,11);;<0, 0, 0, 0, 0>
24;391;(5,6);;<1, 2, 0, 0, 2>
24;392;(14,11);;<1, 2, 0, 0, 2>
24;394;(13,1);;<1, 2, 0, 0, 2>
24;397;(13,11);;<1, 2, 0, 0, 2>
24;398;(11,12);;<0, 0, 0, 0, 0>
24;399;(12,12);;<0, 0, 0, 0, 0>
24;400;(15,12);;<1, 2, 0, 0, 2>
25;1;(19,19);;<0, 0, 0, 0, 0>
25;2;(18,19);;<0, 0, 0, 0, 0>
25;3;(17,19);;<0, 0, 0, 0, 0>
25;4;(15,19);;<0, 0, 0, 0, 0>
25;5;(14,19);;<1, 0, 0, 0, 1>
25;7;(5,19);;<0, 0, 0, 0, 0>
25;9;(0,19);;<1, 0, 0, 0, 1>
25;10;(19,18);;<0, 0, 0, 0, 0>
25;11;(14,18);;<0, 0, 0, 0, 0>
25;12;(12,18);;<1, 0, 0, 0, 1>
25;30;(19,16);;<0, 0, 0, 0, 0>
25;31;(18,16);;<0, 0, 0, 0, 0>
25;40;(0,16);;<0, 0, 0, 0, 0>
25;41;(19,15);;<0, 0, 0, 0, 0>
25;43;(14,15);;<0, 0, 0, 0, 0>
25;44;(13,15);;<0, 0, 0, 0, 0>
25;49;(2,15);;<0, 0, 0, 0, 0>
25;50;(1,15);;<0, 0, 0, 0, 0>
25;52;(14,14);;<1, 2, 0, 0, 2>
25;53;(12,14);;<0, 0, 0, 0, 0>
25;54;(11,14);;<0, 0, 0, 0, 0>
25;58;(5,14);;<0, 0, 0, 0, 0>
25;59;(4,14);;<0, 0, 0, 0, 0>
25;60;(3,14);;<1, 0, 0, 0, 1>
25;62;(2,14);outputNeighborhood;<1, 0, 0, 0, 1>
25;62;(2,14);;<1, 2, 0, 0, 2>
25;64;(18,13);;<1, 2, 0, 0, 2>
25;66;(15,13);;<1, 2, 0, 0, 2>
25;67;(14,13);;<1, 2, 0, 0, 2>
25;68;(13,13);outputNeighborhood;<1, 2, 0, 0, 2>
25;68;(13,13);;<1, 2, 0, 0, 2>
25;69;(12,13);;<0, 0, 0, 0, 0>
25;70;(11,13);;<0, 0, 0, 0, 0>
25;74;(5,13);;<0, 0, 0, 0, 0>
25;75;(0,15);;<0, 0, 0, 0, 0>
25;76;(4,13);;<1, 0, 0, 0, 1>
25;77;(3,13);outputNeighborhood;<1, 0, 0, 0, 1>
25;77;(3,13);;<1, 2, 0, 0, 2>
25;78;(2,13);outputNeighborhood;<1, 2, 0, 0, 2>
25;78;(2,13);;<1, 2, 0, 0, 2>
25;79;(1,13);;<1, 2, 0, 0, 2>
25;80;(19,12);;<1, 2, 0, 0, 2>
25;81;(18,12);;<1, 2, 0, 0, 2>
25;84;(6,6);outputNeighborhood;<1, 0, 0, 0, 1>
25;84;(6,6);;<1, 2, 0, 0, 2>
25;85;(12,0);outputNeighborhood;<1, 0, 0, 0, 1>
25;85;(12,0);;<1, 2, 0, 0, 2>
25;88;(19,13);;<1, 2, 0, 0, 2>
25;90;(13,12);;<1, 2, 0, 0, 2>
25;91;(10,5);;<0, 0, 0, 0, 0>
25;92;(7,5);;<0, 0, 0, 0, 0>
25;95;(4,12);;<1, 2, 0, 0, 2>
25;96;(18,14);outputNeighborhood;<1, 2, 0, 0, 2>
25;96;(18,14);;<1, 2, 0, 0, 2>
25;97;(1,12);;<1, 2, 0, 0, 2>
25;99;(9,10);;<0, 0, 0, 0, 0>
25;102;(6,4);;<0, 0, 0, 0, 0>
25;106;(10,9);;<0, 0, 0, 0, 0>
25;110;(13,2);;<1, 2, 0, 0, 2>
25;112;(6,0);;<0, 0, 0, 0, 0>
25;113;(18,2);;<1, 2, 0, 0, 2>
25;116;(11,19);;<0, 0, 0, 0, 0>
25;120;(3,12);;<1, 2, 0, 0, 2>
25;123;(13,6);;<1, 2, 0, 0, 2>
25;126;(13,3);;<1, 2, 0, 0, 2>
25;129;(9,3);;<0, 0, 0, 0, 0>
25;131;(5,3);;<1, 2, 0, 0, 2>
25;132;(6,5);;<1, 0, 0, 0, 1>
25;136;(16,14);;<1, 2, 0, 0, 2>
25;139;(13,5);;<1, 2, 0, 0, 2>
25;140;(7,1);;<0, 0, 0, 0, 0>
25;141;(11,3);outputNeighborhood;<1, 2, 0, 0, 2>
25;141;(11,3);;<1, 2, 0, 0, 2>
25;143;(6,13);;<0, 0, 0, 0, 0>
25;145;(0,1);;<1, 2, 0, 0, 2>
25;148;(0,11);;<1, 2, 0, 0, 2>
25;155;(6,1);;<0, 0, 0, 0, 0>
25;156;(9,9);;<0, 0, 0, 0, 0>
25;162;(5,1);outputNeighborhood;<1, 2, 0, 0, 2>
25;162;(5,1);;<1, 2, 0, 0, 2>
25;164;(7,7);outputNeighborhood;<1, 2, 0, 0, 2>
25;164;(7,7);;<1, 2, 0, 0, 2>
25;165;(11,7);;<0, 0, 0, 0, 0>
25;166;(12,6);outputNeighborhood;<1, 0, 0, 0, 1>
25;166;(12,6);;<1, 2, 0, 0, 2>
25;167;(8,5);;<0, 0, 0, 0, 0>
25;169;(6,7);outputNeighborhood;<1, 2, 0, 0, 2>
25;169;(6,7);;<1, 2, 0, 0, 2>
25;176;(13,4);;<1, 2, 0, 0, 2>
25;183;(4,1);;<1, 2, 0, 0, 2>
25;185;(4,2);;<1, 2, 0, 0, 2>
25;187;(1,0);;<0, 0, 0, 0, 0>
25;188;(8,7);outputNeighborhood;<1, 2, 0, 0, 2>
25;188;(8,7);;<1, 2, 0, 0, 2>
25;189;(17,0);;<1, 2, 0, 0, 2>
25;194;(2,11);;<1, 2, 0, 0, 2>
25;196;(9,4);;<0, 0, 0, 0, 0>
25;198;(7,11);;<0, 0, 0, 0, 0>
25;199;(3,1);;<1, 2, 0, 0, 2>
25;200;(3,15);;<0, 0, 0, 0, 0>
25;201;(5,2);;<1, 2, 0, 0, 2>
25;203;(7,8);outputNeighborhood;<1, 2, 0, 0, 2>
25;203;(7,8);;<1, 2, 0, 0, 2>
25;206;(2,16);;<0, 0, 0, 0, 0>
25;207;(12,3);;<1, 2, 0, 0, 2>
25;211;(12,5);outputNeighborhood;<1, 2, 0, 0, 2>
25;211;(12,5);;<1, 2, 0, 0, 2>
25;214;(13,14);outputNeighborhood;<1, 0, 0, 0, 1>
25;214;(13,14);;<1, 2, 0, 0, 2>
25;215;(5,12);outputNeighborhood;<1, 0, 0, 0, 1>
25;215;(5,12);;<1, 2, 0, 0, 2>
25;216;(5,0);;<0, 0, 0, 0, 0>
25;218;(13,19);outputNeighborhood;<1, 0, 0, 0, 1>
25;218;(13,19);;<1, 2, 0, 0, 2>
25;220;(0,13);outputNeighborhood;<1, 2, 0, 0, 2>
25;220;(0,13);;<1, 2, 0, 0, 2>
25;221;(19,2);;<1, 2, 0, 0, 2>
25;222;(10,0);;<0, 0, 0, 0, 0>
25;223;(18,0);outputNeighborhood;<1, 2, 0, 0, 2>
25;223;(18,0);;<1, 2, 0, 0, 2>
25;224;(3,11);;<1, 2, 0, 0, 2>
25;226;(14,9);;<1, 2, 0, 0, 2>
25;227;(11,4);outputNeighborhood;<1, 2, 0, 0, 2>
25;227;(11,4);;<1, 2, 0, 0, 2>
25;228;(12,9);outputNeighborhood;<1, 0, 0, 0, 1>
25;228;(12,9);;<1, 2, 0, 0, 2>
25;230;(10,3);;<0, 0, 0, 0, 0>
25;231;(19,1);;<1, 2, 0, 0, 2>
25;232;(18,15);;<0, 0, 0, 0, 0>
25;233;(12,11);outputNeighborhood;<1, 0, 0, 0, 1>
25;233;(12,11);;<1, 2, 0, 0, 2>
25;234;(17,13);;<1, 2, 0, 0, 2>
25;235;(14,12);;<1, 2, 0, 0, 2>
25;236;(4,0);;<0, 0, 0, 0, 0>
25;237;(9,5);;<0, 0, 0, 0, 0>
25;239;(12,2);;<1, 2, 0, 0, 2>
25;240;(13,0);;<1, 2, 0, 0, 2>
25;241;(11,1);outputNeighborhood;<1, 0, 0, 0, 1>
25;241;(11,1);;<1, 2, 0, 0, 2>
25;242;(10,1);;<0, 0, 0, 0, 0>
25;244;(11,6);;<1, 0, 0, 0, 1>
25;246;(11,11);;<1, 0, 0, 0, 1>
25;248;(16,0);;<1, 2, 0, 0, 2>
25;249;(14,0);;<1, 2, 0, 0, 2>
25;250;(12,1);outputNeighborhood;<1, 2, 0, 0, 2>
25;250;(12,1);;<1, 2, 0, 0, 2>
25;252;(17,1);;<1, 2, 0, 0, 2>
25;255;(18,1);;<1, 2, 0, 0, 2>
25;257;(9,2);;<0, 0, 0, 0, 0>
25;258;(11,0);;<1, 0, 0, 0, 1>
25;259;(0,0);;<1, 0, 0, 0, 1>
25;261;(0,14);outputNeighborhood;<1, 0, 0, 0, 1>
25;261;(0,14);;<1, 2, 0, 0, 2>
25;262;(13,9);;<1, 2, 0, 0, 2>
25;263;(14,10);;<1, 2, 0, 0, 2>
25;269;(12,15);;<0, 0, 0, 0, 0>
25;270;(6,2);;<0, 0, 0, 0, 0>
25;272;(14,5);;<1, 2, 0, 0, 2>
25;275;(14,1);;<1, 2, 0, 0, 2>
25;276;(13,18);;<1, 0, 0, 0, 1>
25;279;(8,8);outputNeighborhood;<1, 2, 0, 0, 2>
25;279;(8,8);;<1, 2, 0, 0, 2>
25;280;(10,2);;<0, 0, 0, 0, 0>
25;281;(11,2);outputNeighborhood;<1, 2, 0, 0, 2>
25;281;(11,2);;<1, 2, 0, 0, 2>
25;283;(19,14);outputNeighborhood;<1, 0, 0, 0, 1>
25;283;(19,14);;<1, 2, 0, 0, 2>
25;286;(13,8);;<1, 2, 0, 0, 2>
25;288;(9,1);;<0, 0, 0, 0, 0>
25;289;(0,12);;<1, 2, 0, 0, 2>
25;292;(7,6);;<1, 0, 0, 0, 1>
25;293;(8,9);outputNeighborhood;<1, 0, 0, 0, 1>
25;293;(8,9);;<1, 2, 0, 0, 2>
25;294;(10,11);;<0, 0, 0, 0, 0>
25;295;(8,6);;<0, 0, 0, 0, 0>
25;297;(9,6);;<0, 0, 0, 0, 0>
25;299;(19,0);outputNeighborhood;<1, 0, 0, 0, 1>
25;299;(19,0);;<1, 2, 0, 0, 2>
25;300;(10,6);;<1, 0, 0, 0, 1>
25;301;(14,6);;<1, 2, 0, 0, 2>
25;302;(8,12);;<0, 0, 0, 0, 0>
25;309;(4,7);;<1, 2, 0, 0, 2>
25;311;(5,7);;<1, 2, 0, 0, 2>
25;312;(12,4);;<1, 2, 0, 0, 2>
25;313;(9,7);;<0, 0, 0, 0, 0>
25;314;(10,7);;<0, 0, 0, 0, 0>
25;315;(12,7);;<1, 0, 0, 0, 1>
25;316;(13,7);;<1, 2, 0, 0, 2>
25;317;(13,16);;<0, 0, 0, 0, 0>
25;319;(17,14);;<1, 2, 0, 0, 2>
25;322;(9,8);;<0, 0, 0, 0, 0>
25;323;(10,4);;<0, 0, 0, 0, 0>
25;327;(5,8);;<1, 2, 0, 0, 2>
25;328;(5,5);;<1, 2, 0, 0, 2>
25;330;(6,8);;<1, 2, 0, 0, 2>
25;333;(10,8);;<1, 0, 0, 0, 1>
25;335;(6,9);outputNeighborhood;<1, 2, 0, 0, 2>
25;335;(6,9);;<1, 2, 0, 0, 2>
25;336;(11,8);;<0, 0, 0, 0, 0>
25;337;(12,8);;<1, 0, 0, 0, 1>
25;338;(17,15);;<0, 0, 0, 0, 0>
25;340;(11,10);;<1, 0, 0, 0, 1>
25;342;(11,9);;<1, 0, 0, 0, 1>
25;344;(6,12);;<0, 0, 0, 0, 0>
25;346;(4,11);;<1, 2, 0, 0, 2>
25;348;(8,11);;<0, 0, 0, 0, 0>
25;351;(4,9);;<1, 2, 0, 0, 2>
25;352;(5,9);;<1, 2, 0, 0, 2>
25;353;(4,10);;<1, 2, 0, 0, 2>
25;355;(7,9);outputNeighborhood;<1, 0, 0, 0, 1>
25;355;(7,9);;<1, 2, 0, 0, 2>
25;361;(13,17);;<0, 0, 0, 0, 0>
25;362;(1,14);;<1, 2, 0, 0, 2>
25;365;(5,10);;<1, 2, 0, 0, 2>
25;366;(6,10);outputNeighborhood;<1, 0, 0, 0, 1>
25;366;(6,10);;<1, 2, 0, 0, 2>
25;368;(15,14);;<1, 2, 0, 0, 2>
25;369;(7,10);;<1, 0, 0, 0, 1>
25;370;(8,10);outputNeighborhood;<1, 0, 0, 0, 1>
25;370;(8,10);;<1, 0, 0, 0, 1>
25;371;(9,11);;<0, 0, 0, 0, 0>
25;372;(10,10);;<0, 0, 0, 0, 0>
25;373;(12,10);outputNeighborhood;<1, 2, 0, 0, 2>
25;373;(12,10);;<1, 2, 0, 0, 2>
25;375;(13,10);;<1, 2, 0, 0, 2>
25;376;(7,12);;<1, 0, 0, 0, 1>
25;377;(18,18);;<0, 0, 0, 0, 0>
25;381;(2,12);;<1, 2, 0, 0, 2>
25;382;(12,19);;<1, 2, 0, 0, 2>
25;385;(5,11);outputNeighborhood;<1, 2, 0, 0, 2>
25;385;(5,11);;<1, 2, 0, 0, 2>
25;387;(11,5);outputNeighborhood;<1, 0, 0, 0, 1>
25;387;(11,5);;<1, 2, 0, 0, 2>
25;388;(4,6);;<1, 2, 0, 0, 2>
25;389;(6,11);;<1, 0, 0, 0, 1>
25;391;(5,6);;<1, 2, 0, 0, 2>
25;392;(14,11);;<1, 2, 0, 0, 2>
25;394;(13,1);;<1, 2, 0, 0, 2>
25;397;(13,11);;<1, 2, 0, 0, 2>
25;398;(11,12);;<0, 0, 0, 0, 0>
25;399;(12,12);;<1, 0, 0, 0, 1>
26;1;(19,19);;<1, 0, 0, 0, 1>
26;2;(18,19);;<0, 0, 0, 0, 0>
26;4;(15,19);;<1, 0, 0, 0, 1>
26;5;(14,19);outputNeighborhood;<1, 0, 0, 0, 1>
26;5;(14,19);;<1, 2, 0, 0, 2>
26;8;(2,19);;<0, 0, 0, 0, 0>
26;9;(0,19);outputNeighborhood;<1, 0, 0, 0, 1>
26;9;(0,19);;<1, 0, 0, 0, 1>
26;10;(19,18);;<0, 0, 0, 0, 0>
26;11;(14,18);;<1, 0, 0, 0, 1>
26;12;(12,18);;<1, 2, 0, 0, 2>
26;13;(11,18);;<0, 0, 0, 0, 0>
26;22;(14,17);;<0, 0, 0, 0, 0>
26;29;(0,17);;<0, 0, 0, 0, 0>
26;30;(19,16);;<0, 0, 0, 0, 0>
26;39;(1,16);;<0, 0, 0, 0, 0>
26;40;(0,16);;<0, 0, 0, 0, 0>
26;41;(19,15);;<0, 0, 0, 0, 0>
26;43;(14,15);;<0, 0, 0, 0, 0>
26;44;(13,15);;<1, 0, 0, 0, 1>
26;48;(4,15);;<0, 0, 0, 0, 0>
26;49;(2,15);;<0, 0, 0, 0, 0>
26;50;(1,15);;<0, 0, 0, 0, 0>
26;52;(14,14);;<1, 2, 0, 0, 2>
26;53;(12,14);;<0, 0, 0, 0, 0>
26;54;(11,14);;<0, 0, 0, 0, 0>
26;58;(5,14);;<0, 0, 0, 0, 0>
26;59;(4,14);;<1, 0, 0, 0, 1>
26;60;(3,14);outputNeighborhood;<1, 0, 0, 0, 1>
26;60;(3,14);;<1, 2, 0, 0, 2>
26;62;(2,14);outputNeighborhood;<1, 2, 0, 0, 2>
26;62;(2,14);;<1, 2, 0, 0, 2>
26;64;(18,13);;<1, 2, 0, 0, 2>
26;67;(14,13);;<1, 2, 0, 0, 2>
26;68;(13,13);;<1, 2, 0, 0, 2>
26;69;(12,13);;<1, 0, 0, 0, 1>
26;70;(11,13);;<0, 0, 0, 0, 0>
26;72;(8,13);;<0, 0, 0, 0, 0>
26;73;(7,13);;<1, 0, 0, 0, 1>
26;74;(5,13);;<1, 0, 0, 0, 1>
26;75;(0,15);;<0, 0, 0, 0, 0>
26;76;(4,13);outputNeighborhood;<1, 0, 0, 0, 1>
26;76;(4,13);;<1, 2, 0, 0, 2>
26;77;(3,13);outputNeighborhood;<1, 2, 0, 0, 2>
26;77;(3,13);;<1, 2, 0, 0, 2>
26;78;(2,13);;<1, 2, 0, 0, 2>
26;79;(1,13);;<1, 2, 0, 0, 2>
26;80;(19,12);;<1, 2, 0, 0, 2>
26;83;(10,19);;<0, 0, 0, 0, 0>
26;84;(6,6);outputNeighborhood;<1, 2, 0, 0, 2>
26;84;(6,6);;<1, 2, 0, 0, 2>
26;85;(12,0);outputNeighborhood;<1, 2, 0, 0, 2>
26;85;(12,0);;<1, 2, 0, 0, 2>
26;88;(19,13);;<1, 2, 0, 0, 2>
26;90;(13,12);;<1, 2, 0, 0, 2>
26;91;(10,5);;<1, 0, 0, 0, 1>
26;92;(7,5);;<1, 0, 0, 0, 1>
26;94;(5,4);;<1, 2, 0, 0, 2>
26;95;(4,12);;<1, 2, 0, 0, 2>
26;96;(18,14);;<1, 2, 0, 0, 2>
26;97;(1,12);;<1, 2, 0, 0, 2>
26;99;(9,10);;<0, 0, 0, 0, 0>
26;102;(6,4);;<1, 0, 0, 0, 1>
26;105;(1,18);;<0, 0, 0, 0, 0>
26;106;(10,9);;<1, 0, 0, 0, 1>
26;109;(16,19);;<0, 0, 0, 0, 0>
26;111;(7,4);;<0, 0, 0, 0, 0>
26;116;(11,19);;<1, 0, 0, 0, 1>
26;117;(14,7);;<1, 2, 0, 0, 2>
26;120;(3,12);;<1, 2, 0, 0, 2>
26;123;(13,6);;<1, 2, 0, 0, 2>
26;124;(1,1);;<1, 2, 0, 0, 2>
26;130;(6,3);;<0, 0, 0, 0, 0>
26;132;(6,5);outputNeighborhood;<1, 0, 0, 0, 1>
26;132;(6,5);;<1, 2, 0, 0, 2>
26;138;(4,5);;<1, 2, 0, 0, 2>
26;139;(13,5);;<1, 2, 0, 0, 2>
26;141;(11,3);;<1, 2, 0, 0, 2>
26;143;(6,13);;<0, 0, 0, 0, 0>
26;145;(0,1);;<1, 2, 0, 0, 2>
26;156;(9,9);;<0, 0, 0, 0, 0>
26;157;(12,17);;<0, 0, 0, 0, 0>
26;163;(15,18);;<0, 0, 0, 0, 0>
26;164;(7,7);;<1, 2, 0, 0, 2>
26;165;(11,7);;<1, 0, 0, 0, 1>
26;166;(12,6);outputNeighborhood;<1, 2, 0, 0, 2>
26;166;(12,6);;<1, 2, 0, 0, 2>
26;167;(8,5);;<0, 0, 0, 0, 0>
26;169;(6,7);;<1, 2, 0, 0, 2>
26;170;(9,0);;<0, 0, 0, 0, 0>
26;181;(1,19);;<0, 0, 0, 0, 0>
26;187;(1,0);;<1, 0, 0, 0, 1>
26;188;(8,7);;<1, 2, 0, 0, 2>
26;189;(17,0);;<1, 2, 0, 0, 2>
26;192;(15,0);;<1, 2, 0, 0, 2>
26;198;(7,11);;<1, 0, 0, 0, 1>
26;200;(3,15);;<0, 0, 0, 0, 0>
26;203;(7,8);;<1, 2, 0, 0, 2>
26;206;(2,16);;<0, 0, 0, 0, 0>
26;210;(14,8);;<1, 2, 0, 0, 2>
26;211;(12,5);;<1, 2, 0, 0, 2>
26;214;(13,14);outputNeighborhood;<1, 2, 0, 0, 2>
26;214;(13,14);;<1, 2, 0, 0, 2>
26;215;(5,12);outputNeighborhood;<1, 2, 0, 0, 2>
26;215;(5,12);;<1, 2, 0, 0, 2>
26;218;(13,19);outputNeighborhood;<1, 2, 0, 0, 2>
26;218;(13,19);;<1, 2, 0, 0, 2>
26;219;(3,16);;<0, 0, 0, 0, 0>
26;220;(0,13);;<1, 2, 0, 0, 2>
26;221;(19,2);;<1, 2, 0, 0, 2>
26;222;(10,0);;<0, 0, 0, 0, 0>
26;223;(18,0);;<1, 2, 0, 0, 2>
26;224;(3,11);;<1, 2, 0, 0, 2>
26;226;(14,9);;<1, 2, 0, 0, 2>
26;227;(11,4);;<1, 2, 0, 0, 2>
26;228;(12,9);outputNeighborhood;<1, 2, 0, 0, 2>
26;228;(12,9);;<1, 2, 0, 0, 2>
26;231;(19,1);;<1, 2, 0, 0, 2>
26;232;(18,15);;<0, 0, 0, 0, 0>
26;233;(12,11);outputNeighborhood;<1, 2, 0, 0, 2>
26;233;(12,11);;<1, 2, 0, 0, 2>
26;235;(14,12);;<1, 2, 0, 0, 2>
26;237;(9,5);;<0, 0, 0, 0, 0>
26;239;(12,2);;<1, 2, 0, 0, 2>
26;240;(13,0);;<1, 2, 0, 0, 2>
26;241;(11,1);outputNeighborhood;<1, 2, 0, 0, 2>
26;241;(11,1);;<1, 2, 0, 0, 2>
26;242;(10,1);;<0, 0, 0, 0, 0>
26;244;(11,6);outputNeighborhood;<1, 0, 0, 0, 1>
26;244;(11,6);;<1, 2, 0, 0, 2>
26;246;(11,11);outputNeighborhood;<1, 0, 0, 0, 1>
26;246;(11,11);;<1, 2, 0, 0, 2>
26;249;(14,0);;<1, 2, 0, 0, 2>
26;250;(12,1);;<1, 2, 0, 0, 2>
26;255;(18,1);;<1, 2, 0, 0, 2>
26;258;(11,0);outputNeighborhood;<1, 0, 0, 0, 1>
26;258;(11,0);;<1, 2, 0, 0, 2>
26;259;(0,0);outputNeighborhood;<1, 0, 0, 0, 1>
26;259;(0,0);;<1, 2, 0, 0, 2>
26;261;(0,14);outputNeighborhood;<1, 2, 0, 0, 2>
26;261;(0,14);;<1, 2, 0, 0, 2>
26;262;(13,9);;<1, 2, 0, 0, 2>
26;266;(0,2);;<1, 2, 0, 0, 2>
26;269;(12,15);;<0, 0, 0, 0, 0>
26;273;(2,0);;<0, 0, 0, 0, 0>
26;275;(14,1);;<1, 2, 0, 0, 2>
26;276;(13,18);outputNeighborhood;<1, 0, 0, 0, 1>
26;276;(13,18);;<1, 2, 0, 0, 2>
26;277;(7,14);;<1, 0, 0, 0, 1>
26;279;(8,8);;<1, 2, 0, 0, 2>
26;280;(10,2);;<0, 0, 0, 0, 0>
26;281;(11,2);;<1, 2, 0, 0, 2>
26;283;(19,14);outputNeighborhood;<1, 2, 0, 0, 2>
26;283;(19,14);;<1, 2, 0, 0, 2>
26;286;(13,8);;<1, 2, 0, 0, 2>
26;287;(0,18);;<0, 0, 0, 0, 0>
26;288;(9,1);;<0, 0, 0, 0, 0>
26;289;(0,12);;<1, 2, 0, 0, 2>
26;292;(7,6);outputNeighborhood;<1, 0, 0, 0, 1>
26;292;(7,6);;<1, 2, 0, 0, 2>
26;293;(8,9);outputNeighborhood;<1, 2, 0, 0, 2>
26;293;(8,9);;<1, 2, 0, 0, 2>
26;294;(10,11);;<0, 0, 0, 0, 0>
26;295;(8,6);;<1, 0, 0, 0, 1>
26;297;(9,6);;<0, 0, 0, 0, 0>
26;299;(19,0);outputNeighborhood;<1, 2, 0, 0, 2>
26;299;(19,0);;<1, 2, 0, 0, 2>
26;300;(10,6);outputNeighborhood;<1, 0, 0, 0, 1>
26;300;(10,6);;<1, 0, 0, 0, 1>
26;301;(14,6);;<1, 2, 0, 0, 2>
26;302;(8,12);;<0, 0, 0, 0, 0>
26;311;(5,7);;<1, 2, 0, 0, 2>
26;312;(12,4);;<1, 2, 0, 0, 2>
26;313;(9,7);;<0, 0, 0, 0, 0>
26;314;(10,7);;<1, 0, 0, 0, 1>
26;315;(12,7);outputNeighborhood;<1, 0, 0, 0, 1>
26;315;(12,7);;<1, 2, 0, 0, 2>
26;316;(13,7);;<1, 2, 0, 0, 2>
26;317;(13,16);;<0, 0, 0, 0, 0>
26;319;(17,14);;<1, 2, 0, 0, 2>
26;322;(9,8);;<1, 0, 0, 0, 1>
26;323;(10,4);;<1, 0, 0, 0, 1>
26;328;(5,5);;<1, 2, 0, 0, 2>
26;330;(6,8);;<1, 2, 0, 0, 2>
26;333;(10,8);outputNeighborhood;<1, 0, 0, 0, 1>
26;333;(10,8);;<1, 0, 0, 0, 1>
26;335;(6,9);;<1, 2, 0, 0, 2>
26;336;(11,8);;<1, 0, 0, 0, 1>
26;337;(12,8);outputNeighborhood;<1, 0, 0, 0, 1>
26;337;(12,8);;<1, 2, 0, 0, 2>
26;340;(11,10);;<1, 2, 0, 0, 2>
26;342;(11,9);outputNeighborhood;<1, 0, 0, 0, 1>
26;342;(11,9);;<1, 2, 0, 0, 2>
26;344;(6,12);;<1, 0, 0, 0, 1>
26;346;(4,11);;<1, 2, 0, 0, 2>
26;348;(8,11);;<0, 0, 0, 0, 0>
26;352;(5,9);;<1, 2, 0, 0, 2>
26;353;(4,10);;<1, 2, 0, 0, 2>
26;355;(7,9);outputNeighborhood;<1, 2, 0, 0, 2>
26;355;(7,9);;<1, 2, 0, 0, 2>
26;361;(13,17);;<0, 0, 0, 0, 0>
26;362;(1,14);outputNeighborhood;<1, 2, 0, 0, 2>
26;362;(1,14);;<1, 2, 0, 0, 2>
26;365;(5,10);;<1, 2, 0, 0, 2>
26;366;(6,10);outputNeighborhood;<1, 2, 0, 0, 2>
26;366;(6,10);;<1, 2, 0, 0, 2>
26;368;(15,14);;<1, 2, 0, 0, 2>
26;369;(7,10);outputNeighborhood;<1, 0, 0, 0, 1>
26;369;(7,10);;<1, 2, 0, 0, 2>
26;370;(8,10);;<1, 2, 0, 0, 2>
26;371;(9,11);;<0, 0, 0, 0, 0>
26;372;(10,10);;<0, 0, 0, 0, 0>
26;373;(12,10);;<1, 2, 0, 0, 2>
26;375;(13,10);;<1, 2, 0, 0, 2>
26;376;(7,12);outputNeighborhood;<1, 0, 0, 0, 1>
26;376;(7,12);;<1, 0, 0, 0, 1>
26;381;(2,12);;<1, 2, 0, 0, 2>
26;382;(12,19);outputNeighborhood;<1, 2, 0, 0, 2>
26;382;(12,19);;<1, 2, 0, 0, 2>
26;384;(9,12);;<0, 0, 0, 0, 0>
26;385;(5,11);;<1, 2, 0, 0, 2>
26;387;(11,5);outputNeighborhood;<1, 2, 0, 0, 2>
26;387;(11,5);;<1, 2, 0, 0, 2>
26;388;(4,6);;<1, 2, 0, 0, 2>
26;389;(6,11);outputNeighborhood;<1, 0, 0, 0, 1>
26;389;(6,11);;<1, 2, 0, 0, 2>
26;391;(5,6);;<1, 2, 0, 0, 2>
26;392;(14,11);;<1, 2, 0, 0, 2>
26;394;(13,1);;<1, 2, 0, 0, 2>
26;396;(10,12);;<0, 0, 0, 0, 0>
26;397;(13,11);;<1, 2, 0, 0, 2>
26;398;(11,12);;<1, 0, 0, 0, 1>
26;399;(12,12);outputNeighborhood;<1, 0, 0, 0, 1>
26;399;(12,12);;<1, 2, 0, 0, 2>
27;1;(19,19);outputNeighborhood;<1, 0, 0, 0, 1>
27;1;(19,19);;<1, 2, 0, 0, 2>
27;2;(18,19);;<1, 0, 0, 0, 1>
27;3;(17,19);;<0, 0, 0, 0, 0>
27;4;(15,19);outputNeighborhood;<1, 0, 0, 0, 1>
27;4;(15,19);;<1, 2, 0, 0, 2>
27;5;(14,19);outputNeighborhood;<1, 2, 0, 0, 2>
27;5;(14,19);;<1, 2, 0, 0, 2>
27;8;(2,19);;<0, 0, 0, 0, 0>
27;9;(0,19);;<1, 2, 0, 0, 2>
27;10;(19,18);;<0, 0, 0, 0, 0>
27;11;(14,18);outputNeighborhood;<1, 0, 0, 0, 1>
27;11;(14,18);;<1, 2, 0, 0, 2>
27;12;(12,18);outputNeighborhood;<1, 2, 0, 0, 2>
27;12;(12,18);;<1, 2, 0, 0, 2>
27;13;(11,18);;<1, 0, 0, 0, 1>
27;21;(15,17);;<0, 0, 0, 0, 0>
27;22;(14,17);;<0, 0, 0, 0, 0>
27;23;(11,17);;<0, 0, 0, 0, 0>
27;33;(12,16);;<0, 0, 0, 0, 0>
27;38;(4,16);;<0, 0, 0, 0, 0>
27;43;(14,15);;<1, 0, 0, 0, 1>
27;44;(13,15);outputNeighborhood;<1, 0, 0, 0, 1>
27;44;(13,15);;<1, 0, 0, 0, 1>
27;47;(5,15);;<0, 0, 0, 0, 0>
27;48;(4,15);;<0, 0, 0, 0, 0>
27;49;(2,15);;<0, 0, 0, 0, 0>
27;51;(7,15);;<0, 0, 0, 0, 0>
27;52;(14,14);;<1, 2, 0, 0, 2>
27;53;(12,14);;<1, 0, 0, 0, 1>
27;54;(11,14);;<0, 0, 0, 0, 0>
27;57;(6,14);;<0, 0, 0, 0, 0>
27;58;(5,14);;<1, 0, 0, 0, 1>
27;59;(4,14);outputNeighborhood;<1, 0, 0, 0, 1>
27;59;(4,14);;<1, 2, 0, 0, 2>
27;60;(3,14);outputNeighborhood;<1, 2, 0, 0, 2>
27;60;(3,14);;<1, 2, 0, 0, 2>
27;62;(2,14);;<1, 2, 0, 0, 2>
27;67;(14,13);;<1, 2, 0, 0, 2>
27;68;(13,13);;<1, 2, 0, 0, 2>
27;69;(12,13);outputNeighborhood;<1, 0, 0, 0, 1>
27;69;(12,13);;<1, 2, 0, 0, 2>
27;70;(11,13);;<1, 0, 0, 0, 1>
27;71;(9,13);;<0, 0, 0, 0, 0>
27;72;(8,13);;<0, 0, 0, 0, 0>
27;73;(7,13);outputNeighborhood;<1, 0, 0, 0, 1>
27;73;(7,13);;<1, 2, 0, 0, 2>
27;74;(5,13);outputNeighborhood;<1, 0, 0, 0, 1>
27;74;(5,13);;<1, 2, 0, 0, 2>
27;76;(4,13);outputNeighborhood;<1, 2, 0, 0, 2>
27;76;(4,13);;<1, 2, 0, 0, 2>
27;77;(3,13);;<1, 2, 0, 0, 2>
27;78;(2,13);;<1, 2, 0, 0, 2>
27;83;(10,19);;<0, 0, 0, 0, 0>
27;84;(6,6);;<1, 2, 0, 0, 2>
27;85;(12,0);;<1, 2, 0, 0, 2>
27;90;(13,12);;<1, 2, 0, 0, 2>
27;91;(10,5);outputNeighborhood;<1, 0, 0, 0, 1>
27;91;(10,5);;<1, 2, 0, 0, 2>
27;92;(7,5);outputNeighborhood;<1, 0, 0, 0, 1>
27;92;(7,5);;<1, 2, 0, 0, 2>
27;94;(5,4);;<1, 2, 0, 0, 2>
27;95;(4,12);;<1, 2, 0, 0, 2>
27;99;(9,10);;<0, 0, 0, 0, 0>
27;102;(6,4);outputNeighborhood;<1, 0, 0, 0, 1>
27;102;(6,4);;<1, 2, 0, 0, 2>
27;105;(1,18);;<0, 0, 0, 0, 0>
27;106;(10,9);outputNeighborhood;<1, 0, 0, 0, 1>
27;106;(10,9);;<1, 2, 0, 0, 2>
27;109;(16,19);;<1, 0, 0, 0, 1>
27;111;(7,4);;<1, 0, 0, 0, 1>
27;114;(4,4);;<1, 2, 0, 0, 2>
27;116;(11,19);outputNeighborhood;<1, 0, 0, 0, 1>
27;116;(11,19);;<1, 2, 0, 0, 2>
27;117;(14,7);;<1, 2, 0, 0, 2>
27;120;(3,12);;<1, 2, 0, 0, 2>
27;123;(13,6);;<1, 2, 0, 0, 2>
27;124;(1,1);;<1, 2, 0, 0, 2>
27;129;(9,3);;<0, 0, 0, 0, 0>
27;130;(6,3);;<1, 0, 0, 0, 1>
27;131;(5,3);;<1, 2, 0, 0, 2>
27;132;(6,5);outputNeighborhood;<1, 2, 0, 0, 2>
27;132;(6,5);;<1, 2, 0, 0, 2>
27;138;(4,5);;<1, 2, 0, 0, 2>
27;141;(11,3);;<1, 2, 0, 0, 2>
27;143;(6,13);;<1, 0, 0, 0, 1>
27;145;(0,1);;<1, 2, 0, 0, 2>
27;151;(19,17);;<0, 0, 0, 0, 0>
27;156;(9,9);;<1, 0, 0, 0, 1>
27;157;(12,17);;<0, 0, 0, 0, 0>
27;163;(15,18);;<1, 0, 0, 0, 1>
27;164;(7,7);;<1, 2, 0, 0, 2>
27;165;(11,7);outputNeighborhood;<1, 0, 0, 0, 1>
27;165;(11,7);;<1, 2, 0, 0, 2>
27;166;(12,6);;<1, 2, 0, 0, 2>
27;167;(8,5);;<1, 0, 0, 0, 1>
27;168;(14,16);;<0, 0, 0, 0, 0>
27;169;(6,7);;<1, 2, 0, 0, 2>
27;170;(9,0);;<0, 0, 0, 0, 0>
27;181;(1,19);;<1, 0, 0, 0, 1>
27;182;(15,15);;<0, 0, 0, 0, 0>
27;184;(10,18);;<0, 0, 0, 0, 0>
27;186;(2,1);;<1, 2, 0, 0, 2>
27;187;(1,0);outputNeighborhood;<1, 0, 0, 0, 1>
27;187;(1,0);;<1, 2, 0, 0, 2>
27;188;(8,7);;<1, 2, 0, 0, 2>
27;192;(15,0);;<1, 2, 0, 0, 2>
27;195;(10,13);;<0, 0, 0, 0, 0>
27;196;(9,4);;<0, 0, 0, 0, 0>
27;198;(7,11);outputNeighborhood;<1, 0, 0, 0, 1>
27;198;(7,11);;<1, 2, 0, 0, 2>
27;200;(3,15);;<0, 0, 0, 0, 0>
27;203;(7,8);;<1, 2, 0, 0, 2>
27;208;(9,19);;<0, 0, 0, 0, 0>
27;210;(14,8);;<1, 2, 0, 0, 2>
27;211;(12,5);;<1, 2, 0, 0, 2>
27;212;(7,3);;<0, 0, 0, 0, 0>
27;213;(11,15);;<0, 0, 0, 0, 0>
27;214;(13,14);;<1, 2, 0, 0, 2>
27;215;(5,12);;<1, 2, 0, 0, 2>
27;218;(13,19);;<1, 2, 0, 0, 2>
27;219;(3,16);;<0, 0, 0, 0, 0>
27;222;(10,0);;<0, 0, 0, 0, 0>
27;223;(18,0);;<1, 2, 0, 0, 2>
27;227;(11,4);;<1, 2, 0, 0, 2>
27;228;(12,9);;<1, 2, 0, 0, 2>
27;230;(10,3);;<1, 0, 0, 0, 1>
27;231;(19,1);;<1, 2, 0, 0, 2>
27;233;(12,11);;<1, 2, 0, 0, 2>
27;235;(14,12);;<1, 2, 0, 0, 2>
27;237;(9,5);;<0, 0, 0, 0, 0>
27;240;(13,0);;<1, 2, 0, 0, 2>
27;241;(11,1);;<1, 2, 0, 0, 2>
27;242;(10,1);;<0, 0, 0, 0, 0>
27;244;(11,6);outputNeighborhood;<1, 2, 0, 0, 2>
27;244;(11,6);;<1, 2, 0, 0, 2>
27;246;(11,11);outputNeighborhood;<1, 2, 0, 0, 2>
27;246;(11,11);;<1, 2, 0, 0, 2>
27;248;(16,0);;<1, 2, 0, 0, 2>
27;249;(14,0);;<1, 2, 0, 0, 2>
27;250;(12,1);;<1, 2, 0, 0, 2>
27;254;(15,1);;<1, 2, 0, 0, 2>
27;258;(11,0);outputNeighborhood;<1, 2, 0, 0, 2>
27;258;(11,0);;<1, 2, 0, 0, 2>
27;259;(0,0);outputNeighborhood;<1, 2, 0, 0, 2>
27;259;(0,0);;<1, 2, 0, 0, 2>
27;260;(1,2);;<1, 2, 0, 0, 2>
27;262;(13,9);;<1, 2, 0, 0, 2>
27;264;(3,0);;<0, 0, 0, 0, 0>
27;266;(0,2);;<1, 2, 0, 0, 2>
27;269;(12,15);;<0, 0, 0, 0, 0>
27;270;(6,2);;<0, 0, 0, 0, 0>
27;273;(2,0);;<1, 0, 0, 0, 1>
27;275;(14,1);;<1, 2, 0, 0, 2>
27;276;(13,18);outputNeighborhood;<1, 2, 0, 0, 2>
27;276;(13,18);;<1, 2, 0, 0, 2>
27;277;(7,14);;<1, 0, 0, 0, 1>
27;279;(8,8);;<1, 2, 0, 0, 2>
27;280;(10,2);;<0, 0, 0, 0, 0>
27;281;(11,2);;<1, 2, 0, 0, 2>
27;286;(13,8);;<1, 2, 0, 0, 2>
27;287;(0,18);;<0, 0, 0, 0, 0>
27;292;(7,6);outputNeighborhood;<1, 2, 0, 0, 2>
27;292;(7,6);;<1, 2, 0, 0, 2>
27;293;(8,9);;<1, 2, 0, 0, 2>
27;294;(10,11);;<0, 0, 0, 0, 0>
27;295;(8,6);outputNeighborhood;<1, 0, 0, 0, 1>
27;295;(8,6);;<1, 2, 0, 0, 2>
27;297;(9,6);;<1, 0, 0, 0, 1>
27;299;(19,0);;<1, 2, 0, 0, 2>
27;300;(10,6);;<1, 2, 0, 0, 2>
27;302;(8,12);;<0, 0, 0, 0, 0>
27;310;(8,14);;<0, 0, 0, 0, 0>
27;312;(12,4);;<1, 2, 0, 0, 2>
27;313;(9,7);;<1, 0, 0, 0, 1>
27;314;(10,7);outputNeighborhood;<1, 0, 0, 0, 1>
27;314;(10,7);;<1, 2, 0, 0, 2>
27;315;(12,7);outputNeighborhood;<1, 2, 0, 0, 2>
27;315;(12,7);;<1, 2, 0, 0, 2>
27;316;(13,7);;<1, 2, 0, 0, 2>
27;317;(13,16);;<0, 0, 0, 0, 0>
27;322;(9,8);outputNeighborhood;<1, 0, 0, 0, 1>
27;322;(9,8);;<1, 2, 0, 0, 2>
27;323;(10,4);outputNeighborhood;<1, 0, 0, 0, 1>
27;323;(10,4);;<1, 2, 0, 0, 2>
27;328;(5,5);;<1, 2, 0, 0, 2>
27;333;(10,8);;<1, 2, 0, 0, 2>
27;334;(16,18);;<0, 0, 0, 0, 0>
27;335;(6,9);;<1, 2, 0, 0, 2>
27;336;(11,8);outputNeighborhood;<1, 0, 0, 0, 1>
27;336;(11,8);;<1, 2, 0, 0, 2>
27;337;(12,8);outputNeighborhood;<1, 2, 0, 0, 2>
27;337;(12,8);;<1, 2, 0, 0, 2>
27;340;(11,10);outputNeighborhood;<1, 2, 0, 0, 2>
27;340;(11,10);;<1, 2, 0, 0, 2>
27;342;(11,9);outputNeighborhood;<1, 2, 0, 0, 2>
27;342;(11,9);;<1, 2, 0, 0, 2>
27;344;(6,12);outputNeighborhood;<1, 0, 0, 0, 1>
27;344;(6,12);;<1, 2, 0, 0, 2>
27;346;(4,11);;<1, 2, 0, 0, 2>
27;348;(8,11);;<1, 0, 0, 0, 1>
27;354;(8,4);;<0, 0, 0, 0, 0>
27;355;(7,9);;<1, 2, 0, 0, 2>
27;361;(13,17);;<0, 0, 0, 0, 0>
27;362;(1,14);;<1, 2, 0, 0, 2>
27;365;(5,10);;<1, 2, 0, 0, 2>
27;366;(6,10);;<1, 2, 0, 0, 2>
27;369;(7,10);outputNeighborhood;<1, 2, 0, 0, 2>
27;369;(7,10);;<1, 2, 0, 0, 2>
27;370;(8,10);outputNeighborhood;<1, 2, 0, 0, 2>
27;370;(8,10);;<1, 2, 0, 0, 2>
27;371;(9,11);;<0, 0, 0, 0, 0>
27;372;(10,10);;<1, 0, 0, 0, 1>
27;373;(12,10);;<1, 2, 0, 0, 2>
27;375;(13,10);;<1, 2, 0, 0, 2>
27;376;(7,12);;<1, 2, 0, 0, 2>
27;377;(18,18);;<0, 0, 0, 0, 0>
27;382;(12,19);;<1, 2, 0, 0, 2>
27;384;(9,12);;<0, 0, 0, 0, 0>
27;385;(5,11);;<1, 2, 0, 0, 2>
27;387;(11,5);;<1, 2, 0, 0, 2>
27;389;(6,11);outputNeighborhood;<1, 2, 0, 0, 2>
27;389;(6,11);;<1, 2, 0, 0, 2>
27;391;(5,6);;<1, 2, 0, 0, 2>
27;396;(10,12);;<0, 0, 0, 0, 0>
27;397;(13,11);;<1, 2, 0, 0, 2>
27;398;(11,12);outputNeighborhood;<1, 0, 0, 0, 1>
27;398;(11,12);;<1, 2, 0, 0, 2>
27;399;(12,12);outputNeighborhood;<1, 2, 0, 0, 2>
27;399;(12,12);;<1, 2, 0, 0, 2>
28;1;(19,19);outputNeighborhood;<1, 2, 0, 0, 2>
28;1;(19,19);;<1, 2, 0, 0, 2>
28;2;(18,19);outputNeighborhood;<1, 0, 0, 0, 1>
28;2;(18,19);;<1, 2, 0, 0, 2>
28;3;(17,19);;<1, 0, 0, 0, 1>
28;4;(15,19);outputNeighborhood;<1, 2, 0, 0, 2>
28;4;(15,19);;<1, 2, 0, 0, 2>
28;5;(14,19);;<1, 2, 0, 0, 2>
28;8;(2,19);;<1, 0, 0, 0, 1>
28;9;(0,19);outputNeighborhood;<1, 2, 0, 0, 2>
28;9;(0,19);;<1, 2, 0, 0, 2>
28;10;(19,18);;<0, 0, 0, 0, 0>
28;11;(14,18);outputNeighborhood;<1, 2, 0, 0, 2>
28;11;(14,18);;<1, 2, 0, 0, 2>
28;12;(12,18);;<1, 2, 0, 0, 2>
28;13;(11,18);outputNeighborhood;<1, 0, 0, 0, 1>
28;13;(11,18);;<1, 2, 0, 0, 2>
28;18;(2,18);;<0, 0, 0, 0, 0>
28;19;(18,17);;<0, 0, 0, 0, 0>
28;21;(15,17);;<0, 0, 0, 0, 0>
28;22;(14,17);;<0, 0, 0, 0, 0>
28;23;(11,17);;<1, 0, 0, 0, 1>
28;24;(10,17);;<1, 0, 0, 0, 1>
28;29;(0,17);;<0, 0, 0, 0, 0>
28;33;(12,16);;<0, 0, 0, 0, 0>
28;37;(5,16);;<0, 0, 0, 0, 0>
28;38;(4,16);;<0, 0, 0, 0, 0>
28;42;(16,15);;<0, 0, 0, 0, 0>
28;43;(14,15);outputNeighborhood;<1, 0, 0, 0, 1>
28;43;(14,15);;<1, 2, 0, 0, 2>
28;44;(13,15);;<1, 2, 0, 0, 2>
28;46;(6,15);;<0, 0, 0, 0, 0>
28;47;(5,15);;<0, 0, 0, 0, 0>
28;48;(4,15);;<0, 0, 0, 0, 0>
28;51;(7,15);;<0, 0, 0, 0, 0>
28;52;(14,14);;<1, 2, 0, 0, 2>
28;53;(12,14);outputNeighborhood;<1, 0, 0, 0, 1>
28;53;(12,14);;<1, 2, 0, 0, 2>
28;54;(11,14);;<1, 0, 0, 0, 1>
28;55;(10,14);;<0, 0, 0, 0, 0>
28;57;(6,14);;<1, 0, 0, 0, 1>
28;58;(5,14);outputNeighborhood;<1, 0, 0, 0, 1>
28;58;(5,14);;<1, 2, 0, 0, 2>
28;59;(4,14);outputNeighborhood;<1, 2, 0, 0, 2>
28;59;(4,14);;<1, 2, 0, 0, 2>
28;60;(3,14);;<1, 2, 0, 0, 2>
28;62;(2,14);;<1, 2, 0, 0, 2>
28;67;(14,13);;<1, 2, 0, 0, 2>
28;68;(13,13);;<1, 2, 0, 0, 2>
28;69;(12,13);outputNeighborhood;<1, 2, 0, 0, 2>
28;69;(12,13);;<1, 2, 0, 0, 2>
28;70;(11,13);outputNeighborhood;<1, 0, 0, 0, 1>
28;70;(11,13);;<1, 2, 0, 0, 2>
28;71;(9,13);;<0, 0, 0, 0, 0>
28;72;(8,13);;<0, 0, 0, 0, 0>
28;73;(7,13);outputNeighborhood;<1, 2, 0, 0, 2>
28;73;(7,13);;<1, 2, 0, 0, 2>
28;74;(5,13);outputNeighborhood;<1, 2, 0, 0, 2>
28;74;(5,13);;<1, 2, 0, 0, 2>
28;76;(4,13);;<1, 2, 0, 0, 2>
28;77;(3,13);;<1, 2, 0, 0, 2>
28;83;(10,19);;<0, 0, 0, 0, 0>
28;84;(6,6);;<1, 2, 0, 0, 2>
28;85;(12,0);;<1, 2, 0, 0, 2>
28;90;(13,12);;<1, 2, 0, 0, 2>
28;91;(10,5);outputNeighborhood;<1, 2, 0, 0, 2>
28;91;(10,5);;<1, 2, 0, 0, 2>
28;92;(7,5);outputNeighborhood;<1, 2, 0, 0, 2>
28;92;(7,5);;<1, 2, 0, 0, 2>
28;94;(5,4);;<1, 2, 0, 0, 2>
28;95;(4,12);;<1, 2, 0, 0, 2>
28;99;(9,10);;<1, 0, 0, 0, 1>
28;102;(6,4);outputNeighborhood;<1, 2, 0, 0, 2>
28;102;(6,4);;<1, 2, 0, 0, 2>
28;104;(9,18);;<0, 0, 0, 0, 0>
28;105;(1,18);;<0, 0, 0, 0, 0>
28;106;(10,9);outputNeighborhood;<1, 2, 0, 0, 2>
28;106;(10,9);;<1, 2, 0, 0, 2>
28;109;(16,19);outputNeighborhood;<1, 0, 0, 0, 1>
28;109;(16,19);;<1, 2, 0, 0, 2>
28;111;(7,4);outputNeighborhood;<1, 0, 0, 0, 1>
28;111;(7,4);;<1, 2, 0, 0, 2>
28;114;(4,4);;<1, 2, 0, 0, 2>
28;116;(11,19);outputNeighborhood;<1, 2, 0, 0, 2>
28;116;(11,19);;<1, 2, 0, 0, 2>
28;121;(16,17);;<0, 0, 0, 0, 0>
28;124;(1,1);;<1, 2, 0, 0, 2>
28;129;(9,3);;<0, 0, 0, 0, 0>
28;130;(6,3);outputNeighborhood;<1, 0, 0, 0, 1>
28;130;(6,3);;<1, 2, 0, 0, 2>
28;131;(5,3);;<1, 2, 0, 0, 2>
28;132;(6,5);;<1, 2, 0, 0, 2>
28;141;(11,3);;<1, 2, 0, 0, 2>
28;143;(6,13);outputNeighborhood;<1, 0, 0, 0, 1>
28;143;(6,13);;<1, 2, 0, 0, 2>
28;145;(0,1);;<1, 2, 0, 0, 2>
28;151;(19,17);;<0, 0, 0, 0, 0>
28;152;(2,2);;<1, 2, 0, 0, 2>
28;154;(15,16);;<0, 0, 0, 0, 0>
28;155;(6,1);;<0, 0, 0, 0, 0>
28;156;(9,9);outputNeighborhood;<1, 0, 0, 0, 1>
28;156;(9,9);;<1, 2, 0, 0, 2>
28;157;(12,17);;<0, 0, 0, 0, 0>
28;159;(7,2);;<0, 0, 0, 0, 0>
28;160;(11,16);;<0, 0, 0, 0, 0>
28;161;(4,3);;<1, 2, 0, 0, 2>
28;163;(15,18);outputNeighborhood;<1, 0, 0, 0, 1>
28;163;(15,18);;<1, 2, 0, 0, 2>
28;164;(7,7);;<1, 2, 0, 0, 2>
28;165;(11,7);outputNeighborhood;<1, 2, 0, 0, 2>
28;165;(11,7);;<1, 2, 0, 0, 2>
28;166;(12,6);;<1, 2, 0, 0, 2>
28;167;(8,5);outputNeighborhood;<1, 0, 0, 0, 1>
28;167;(8,5);;<1, 2, 0, 0, 2>
28;168;(14,16);;<0, 0, 0, 0, 0>
28;174;(1,17);;<0, 0, 0, 0, 0>
28;181;(1,19);outputNeighborhood;<1, 0, 0, 0, 1>
28;181;(1,19);;<1, 2, 0, 0, 2>
28;182;(15,15);;<1, 0, 0, 0, 1>
28;184;(10,18);;<1, 0, 0, 0, 1>
28;186;(2,1);;<1, 2, 0, 0, 2>
28;187;(1,0);outputNeighborhood;<1, 2, 0, 0, 2>
28;187;(1,0);;<1, 2, 0, 0, 2>
28;188;(8,7);;<1, 2, 0, 0, 2>
28;189;(17,0);;<1, 2, 0, 0, 2>
28;192;(15,0);;<1, 2, 0, 0, 2>
28;195;(10,13);;<0, 0, 0, 0, 0>
28;196;(9,4);;<0, 0, 0, 0, 0>
28;198;(7,11);outputNeighborhood;<1, 2, 0, 0, 2>
28;198;(7,11);;<1, 2, 0, 0, 2>
28;199;(3,1);;<1, 2, 0, 0, 2>
28;200;(3,15);;<0, 0, 0, 0, 0>
28;201;(5,2);;<1, 2, 0, 0, 2>
28;203;(7,8);;<1, 2, 0, 0, 2>
28;207;(12,3);;<1, 2, 0, 0, 2>
28;208;(9,19);;<0, 0, 0, 0, 0>
28;211;(12,5);;<1, 2, 0, 0, 2>
28;212;(7,3);;<1, 0, 0, 0, 1>
28;213;(11,15);;<0, 0, 0, 0, 0>
28;214;(13,14);;<1, 2, 0, 0, 2>
28;215;(5,12);;<1, 2, 0, 0, 2>
28;218;(13,19);;<1, 2, 0, 0, 2>
28;222;(10,0);;<0, 0, 0, 0, 0>
28;223;(18,0);;<1, 2, 0, 0, 2>
28;227;(11,4);;<1, 2, 0, 0, 2>
28;228;(12,9);;<1, 2, 0, 0, 2>
28;230;(10,3);outputNeighborhood;<1, 0, 0, 0, 1>
28;230;(10,3);;<1, 2, 0, 0, 2>
28;231;(19,1);;<1, 2, 0, 0, 2>
28;233;(12,11);;<1, 2, 0, 0, 2>
28;236;(4,0);;<0, 0, 0, 0, 0>
28;237;(9,5);;<1, 0, 0, 0, 1>
28;241;(11,1);;<1, 2, 0, 0, 2>
28;242;(10,1);;<0, 0, 0, 0, 0>
28;244;(11,6);;<1, 2, 0, 0, 2>
28;246;(11,11);;<1, 2, 0, 0, 2>
28;248;(16,0);;<1, 2, 0, 0, 2>
28;249;(14,0);;<1, 2, 0, 0, 2>
28;253;(16,1);;<1, 2, 0, 0, 2>
28;254;(15,1);;<1, 2, 0, 0, 2>
28;255;(18,1);;<1, 2, 0, 0, 2>
28;257;(9,2);;<0, 0, 0, 0, 0>
28;258;(11,0);;<1, 2, 0, 0, 2>
28;259;(0,0);;<1, 2, 0, 0, 2>
28;260;(1,2);;<1, 2, 0, 0, 2>
28;264;(3,0);;<1, 0, 0, 0, 1>
28;269;(12,15);;<1, 0, 0, 0, 1>
28;270;(6,2);;<1, 0, 0, 0, 1>
28;273;(2,0);outputNeighborhood;<1, 0, 0, 0, 1>
28;273;(2,0);;<1, 2, 0, 0, 2>
28;276;(13,18);;<1, 2, 0, 0, 2>
28;277;(7,14);;<1, 0, 0, 0, 1>
28;279;(8,8);;<1, 2, 0, 0, 2>
28;280;(10,2);;<1, 0, 0, 0, 1>
28;281;(11,2);;<1, 2, 0, 0, 2>
28;286;(13,8);;<1, 2, 0, 0, 2>
28;287;(0,18);;<0, 0, 0, 0, 0>
28;292;(7,6);;<1, 2, 0, 0, 2>
28;293;(8,9);;<1, 2, 0, 0, 2>
28;294;(10,11);;<1, 0, 0, 0, 1>
28;295;(8,6);outputNeighborhood;<1, 2, 0, 0, 2>
28;295;(8,6);;<1, 2, 0, 0, 2>
28;297;(9,6);outputNeighborhood;<1, 0, 0, 0, 1>
28;297;(9,6);;<1, 2, 0, 0, 2>
28;298;(17,18);;<0, 0, 0, 0, 0>
28;299;(19,0);;<1, 2, 0, 0, 2>
28;300;(10,6);outputNeighborhood;<1, 2, 0, 0, 2>
28;300;(10,6);;<1, 2, 0, 0, 2>
28;302;(8,12);;<1, 0, 0, 0, 1>
28;310;(8,14);;<0, 0, 0, 0, 0>
28;312;(12,4);;<1, 2, 0, 0, 2>
28;313;(9,7);outputNeighborhood;<1, 0, 0, 0, 1>
28;313;(9,7);;<1, 2, 0, 0, 2>
28;314;(10,7);outputNeighborhood;<1, 2, 0, 0, 2>
28;314;(10,7);;<1, 2, 0, 0, 2>
28;315;(12,7);;<1, 2, 0, 0, 2>
28;316;(13,7);;<1, 2, 0, 0, 2>
28;317;(13,16);;<0, 0, 0, 0, 0>
28;322;(9,8);outputNeighborhood;<1, 2, 0, 0, 2>
28;322;(9,8);;<1, 2, 0, 0, 2>
28;323;(10,4);outputNeighborhood;<1, 2, 0, 0, 2>
28;323;(10,4);;<1, 2, 0, 0, 2>
28;325;(3,19);;<0, 0, 0, 0, 0>
28;328;(5,5);;<1, 2, 0, 0, 2>
28;329;(8,3);;<0, 0, 0, 0, 0>
28;333;(10,8);outputNeighborhood;<1, 2, 0, 0, 2>
28;333;(10,8);;<1, 2, 0, 0, 2>
28;334;(16,18);;<1, 0, 0, 0, 1>
28;336;(11,8);outputNeighborhood;<1, 2, 0, 0, 2>
28;336;(11,8);;<1, 2, 0, 0, 2>
28;337;(12,8);;<1, 2, 0, 0, 2>
28;340;(11,10);;<1, 2, 0, 0, 2>
28;342;(11,9);;<1, 2, 0, 0, 2>
28;344;(6,12);outputNeighborhood;<1, 2, 0, 0, 2>
28;344;(6,12);;<1, 2, 0, 0, 2>
28;348;(8,11);outputNeighborhood;<1, 0, 0, 0, 1>
28;348;(8,11);;<1, 2, 0, 0, 2>
28;354;(8,4);;<1, 0, 0, 0, 1>
28;355;(7,9);;<1, 2, 0, 0, 2>
28;361;(13,17);;<0, 0, 0, 0, 0>
28;366;(6,10);;<1, 2, 0, 0, 2>
28;368;(15,14);;<1, 2, 0, 0, 2>
28;369;(7,10);;<1, 2, 0, 0, 2>
28;370;(8,10);;<1, 2, 0, 0, 2>
28;371;(9,11);;<0, 0, 0, 0, 0>
28;372;(10,10);outputNeighborhood;<1, 0, 0, 0, 1>
28;372;(10,10);;<1, 2, 0, 0, 2>
28;373;(12,10);;<1, 2, 0, 0, 2>
28;376;(7,12);outputNeighborhood;<1, 2, 0, 0, 2>
28;376;(7,12);;<1, 2, 0, 0, 2>
28;377;(18,18);;<0, 0, 0, 0, 0>
28;382;(12,19);;<1, 2, 0, 0, 2>
28;384;(9,12);;<0, 0, 0, 0, 0>
28;385;(5,11);;<1, 2, 0, 0, 2>
28;387;(11,5);;<1, 2, 0, 0, 2>
28;389;(6,11);;<1, 2, 0, 0, 2>
28;396;(10,12);;<0, 0, 0, 0, 0>
28;398;(11,12);outputNeighborhood;<1, 2, 0, 0, 2>
28;398;(11,12);;<1, 2, 0, 0, 2>
28;399;(12,12);;<1, 2, 0, 0, 2>
29;1;(19,19);;<1, 2, 0, 0, 2>
29;2;(18,19);outputNeighborhood;<1, 2, 0, 0, 2>
29;2;(18,19);;<1, 2, 0, 0, 2>
29;3;(17,19);outputNeighborhood;<1, 0, 0, 0, 1>
29;3;(17,19);;<1, 2, 0, 0, 2>
29;4;(15,19);;<1, 2, 0, 0, 2>
29;5;(14,19);;<1, 2, 0, 0, 2>
29;8;(2,19);outputNeighborhood;<1, 0, 0, 0, 1>
29;8;(2,19);;<1, 2, 0, 0, 2>
29;9;(0,19);;<1, 2, 0, 0, 2>
29;10;(19,18);;<0, 0, 0, 0, 0>
29;11;(14,18);;<1, 2, 0, 0, 2>
29;12;(12,18);;<1, 2, 0, 0, 2>
29;13;(11,18);outputNeighborhood;<1, 2, 0, 0, 2>
29;13;(11,18);;<1, 2, 0, 0, 2>
29;14;(8,18);;<0, 0, 0, 0, 0>
29;17;(3,18);;<0, 0, 0, 0, 0>
29;18;(2,18);;<0, 0, 0, 0, 0>
29;19;(18,17);;<0, 0, 0, 0, 0>
29;20;(17,17);;<0, 0, 0, 0, 0>
29;21;(15,17);;<0, 0, 0, 0, 0>
29;22;(14,17);;<0, 0, 0, 0, 0>
29;23;(11,17);outputNeighborhood;<1, 0, 0, 0, 1>
29;23;(11,17);;<1, 2, 0, 0, 2>
29;24;(10,17);;<1, 2, 0, 0, 2>
29;28;(2,17);;<0, 0, 0, 0, 0>
29;33;(12,16);;<0, 0, 0, 0, 0>
29;37;(5,16);;<0, 0, 0, 0, 0>
29;42;(16,15);;<1, 0, 0, 0, 1>
29;43;(14,15);outputNeighborhood;<1, 2, 0, 0, 2>
29;43;(14,15);;<1, 2, 0, 0, 2>
29;44;(13,15);outputNeighborhood;<1, 2, 0, 0, 2>
29;44;(13,15);;<1, 2, 0, 0, 2>
29;46;(6,15);;<0, 0, 0, 0, 0>
29;47;(5,15);;<0, 0, 0, 0, 0>
29;48;(4,15);;<0, 0, 0, 0, 0>
29;51;(7,15);;<0, 0, 0, 0, 0>
29;52;(14,14);;<1, 2, 0, 0, 2>
29;53;(12,14);outputNeighborhood;<1, 2, 0, 0, 2>
29;53;(12,14);;<1, 2, 0, 0, 2>
29;54;(11,14);outputNeighborhood;<1, 0, 0, 0, 1>
29;54;(11,14);;<1, 2, 0, 0, 2>
29;55;(10,14);;<1, 0, 0, 0, 1>
29;56;(9,14);;<0, 0, 0, 0, 0>
29;57;(6,14);outputNeighborhood;<1, 0, 0, 0, 1>
29;57;(6,14);;<1, 2, 0, 0, 2>
29;58;(5,14);outputNeighborhood;<1, 2, 0, 0, 2>
29;58;(5,14);;<1, 2, 0, 0, 2>
29;59;(4,14);;<1, 2, 0, 0, 2>
29;60;(3,14);;<1, 2, 0, 0, 2>
29;66;(15,13);;<1, 2, 0, 0, 2>
29;67;(14,13);;<1, 2, 0, 0, 2>
29;68;(13,13);;<1, 2, 0, 0, 2>
29;69;(12,13);;<1, 2, 0, 0, 2>
29;70;(11,13);outputNeighborhood;<1, 2, 0, 0, 2>
29;70;(11,13);;<1, 2, 0, 0, 2>
29;71;(9,13);;<0, 0, 0, 0, 0>
29;72;(8,13);;<1, 0, 0, 0, 1>
29;73;(7,13);;<1, 2, 0, 0, 2>
29;74;(5,13);;<1, 2, 0, 0, 2>
29;76;(4,13);;<1, 2, 0, 0, 2>
29;83;(10,19);;<1, 0, 0, 0, 1>
29;91;(10,5);;<1, 2, 0, 0, 2>
29;92;(7,5);;<1, 2, 0, 0, 2>
29;94;(5,4);;<1, 2, 0, 0, 2>
29;99;(9,10);outputNeighborhood;<1, 0, 0, 0, 1>
29;99;(9,10);;<1, 2, 0, 0, 2>
29;102;(6,4);;<1, 2, 0, 0, 2>
29;104;(9,18);;<1, 0, 0, 0, 1>
29;105;(1,18);;<0, 0, 0, 0, 0>
29;106;(10,9);;<1, 2, 0, 0, 2>
29;108;(8,2);;<0, 0, 0, 0, 0>
29;109;(16,19);outputNeighborhood;<1, 2, 0, 0, 2>
29;109;(16,19);;<1, 2, 0, 0, 2>
29;111;(7,4);outputNeighborhood;<1, 2, 0, 0, 2>
29;111;(7,4);;<1, 2, 0, 0, 2>
29;112;(6,0);;<0, 0, 0, 0, 0>
29;116;(11,19);;<1, 2, 0, 0, 2>
29;121;(16,17);;<0, 0, 0, 0, 0>
29;124;(1,1);;<1, 2, 0, 0, 2>
29;125;(4,19);;<0, 0, 0, 0, 0>
29;129;(9,3);;<0, 0, 0, 0, 0>
29;130;(6,3);outputNeighborhood;<1, 2, 0, 0, 2>
29;130;(6,3);;<1, 2, 0, 0, 2>
29;131;(5,3);;<1, 2, 0, 0, 2>
29;132;(6,5);;<1, 2, 0, 0, 2>
29;136;(16,14);;<1, 2, 0, 0, 2>
29;140;(7,1);;<0, 0, 0, 0, 0>
29;141;(11,3);;<1, 2, 0, 0, 2>
29;143;(6,13);outputNeighborhood;<1, 2, 0, 0, 2>
29;143;(6,13);;<1, 2, 0, 0, 2>
29;152;(2,2);;<1, 2, 0, 0, 2>
29;154;(15,16);;<0, 0, 0, 0, 0>
29;155;(6,1);;<1, 0, 0, 0, 1>
29;156;(9,9);outputNeighborhood;<1, 2, 0, 0, 2>
29;156;(9,9);;<1, 2, 0, 0, 2>
29;157;(12,17);;<1, 0, 0, 0, 1>
29;159;(7,2);;<1, 0, 0, 0, 1>
29;160;(11,16);;<1, 0, 0, 0, 1>
29;161;(4,3);;<1, 2, 0, 0, 2>
29;162;(5,1);;<1, 2, 0, 0, 2>
29;163;(15,18);outputNeighborhood;<1, 2, 0, 0, 2>
29;163;(15,18);;<1, 2, 0, 0, 2>
29;164;(7,7);;<1, 2, 0, 0, 2>
29;165;(11,7);;<1, 2, 0, 0, 2>
29;167;(8,5);outputNeighborhood;<1, 2, 0, 0, 2>
29;167;(8,5);;<1, 2, 0, 0, 2>
29;168;(14,16);;<1, 0, 0, 0, 1>
29;174;(1,17);;<0, 0, 0, 0, 0>
29;181;(1,19);outputNeighborhood;<1, 2, 0, 0, 2>
29;181;(1,19);;<1, 2, 0, 0, 2>
29;182;(15,15);outputNeighborhood;<1, 0, 0, 0, 1>
29;182;(15,15);;<1, 2, 0, 0, 2>
29;183;(4,1);;<1, 2, 0, 0, 2>
29;184;(10,18);outputNeighborhood;<1, 0, 0, 0, 1>
29;184;(10,18);;<1, 2, 0, 0, 2>
29;185;(4,2);;<1, 2, 0, 0, 2>
29;186;(2,1);;<1, 2, 0, 0, 2>
29;187;(1,0);;<1, 2, 0, 0, 2>
29;188;(8,7);;<1, 2, 0, 0, 2>
29;189;(17,0);;<1, 2, 0, 0, 2>
29;192;(15,0);;<1, 2, 0, 0, 2>
29;193;(16,16);;<0, 0, 0, 0, 0>
29;195;(10,13);;<0, 0, 0, 0, 0>
29;196;(9,4);;<1, 0, 0, 0, 1>
29;198;(7,11);;<1, 2, 0, 0, 2>
29;199;(3,1);;<1, 2, 0, 0, 2>
29;201;(5,2);;<1, 2, 0, 0, 2>
29;207;(12,3);;<1, 2, 0, 0, 2>
29;208;(9,19);;<0, 0, 0, 0, 0>
29;212;(7,3);outputNeighborhood;<1, 0, 0, 0, 1>
29;212;(7,3);;<1, 2, 0, 0, 2>
29;213;(11,15);;<1, 0, 0, 0, 1>
29;214;(13,14);;<1, 2, 0, 0, 2>
29;215;(5,12);;<1, 2, 0, 0, 2>
29;216;(5,0);;<0, 0, 0, 0, 0>
29;222;(10,0);;<0, 0, 0, 0, 0>
29;223;(18,0);;<1, 2, 0, 0, 2>
29;227;(11,4);;<1, 2, 0, 0, 2>
29;229;(9,17);;<0, 0, 0, 0, 0>
29;230;(10,3);outputNeighborhood;<1, 2, 0, 0, 2>
29;230;(10,3);;<1, 2, 0, 0, 2>
29;233;(12,11);;<1, 2, 0, 0, 2>
29;236;(4,0);;<1, 0, 0, 0, 1>
29;237;(9,5);outputNeighborhood;<1, 0, 0, 0, 1>
29;237;(9,5);;<1, 2, 0, 0, 2>
29;239;(12,2);;<1, 2, 0, 0, 2>
29;241;(11,1);;<1, 2, 0, 0, 2>
29;242;(10,1);;<1, 0, 0, 0, 1>
29;244;(11,6);;<1, 2, 0, 0, 2>
29;246;(11,11);;<1, 2, 0, 0, 2>
29;248;(16,0);;<1, 2, 0, 0, 2>
29;251;(6,16);;<0, 0, 0, 0, 0>
29;252;(17,1);;<1, 2, 0, 0, 2>
29;253;(16,1);;<1, 2, 0, 0, 2>
29;255;(18,1);;<1, 2, 0, 0, 2>
29;257;(9,2);;<0, 0, 0, 0, 0>
29;258;(11,0);;<1, 2, 0, 0, 2>
29;259;(0,0);;<1, 2, 0, 0, 2>
29;264;(3,0);outputNeighborhood;<1, 0, 0, 0, 1>
29;264;(3,0);;<1, 2, 0, 0, 2>
29;267;(3,2);;<1, 2, 0, 0, 2>
29;269;(12,15);outputNeighborhood;<1, 0, 0, 0, 1>
29;269;(12,15);;<1, 2, 0, 0, 2>
29;270;(6,2);outputNeighborhood;<1, 0, 0, 0, 1>
29;270;(6,2);;<1, 2, 0, 0, 2>
29;271;(10,16);;<1, 2, 0, 0, 2>
29;273;(2,0);outputNeighborhood;<1, 2, 0, 0, 2>
29;273;(2,0);;<1, 2, 0, 0, 2>
29;276;(13,18);;<1, 2, 0, 0, 2>
29;277;(7,14);;<1, 2, 0, 0, 2>
29;279;(8,8);;<1, 2, 0, 0, 2>
29;280;(10,2);outputNeighborhood;<1, 0, 0, 0, 1>
29;280;(10,2);;<1, 2, 0, 0, 2>
29;281;(11,2);;<1, 2, 0, 0, 2>
29;287;(0,18);;<0, 0, 0, 0, 0>
29;288;(9,1);;<0, 0, 0, 0, 0>
29;292;(7,6);;<1, 2, 0, 0, 2>
29;293;(8,9);;<1, 2, 0, 0, 2>
29;294;(10,11);outputNeighborhood;<1, 0, 0, 0, 1>
29;294;(10,11);;<1, 2, 0, 0, 2>
29;295;(8,6);;<1, 2, 0, 0, 2>
29;296;(10,15);;<1, 0, 0, 0, 1>
29;297;(9,6);outputNeighborhood;<1, 2, 0, 0, 2>
29;297;(9,6);;<1, 2, 0, 0, 2>
29;298;(17,18);;<1, 0, 0, 0, 1>
29;299;(19,0);;<1, 2, 0, 0, 2>
29;300;(10,6);;<1, 2, 0, 0, 2>
29;302;(8,12);outputNeighborhood;<1, 0, 0, 0, 1>
29;302;(8,12);;<1, 2, 0, 0, 2>
29;310;(8,14);;<0, 0, 0, 0, 0>
29;313;(9,7);outputNeighborhood;<1, 2, 0, 0, 2>
29;313;(9,7);;<1, 2, 0, 0, 2>
29;314;(10,7);;<1, 2, 0, 0, 2>
29;317;(13,16);;<0, 0, 0, 0, 0>
29;322;(9,8);;<1, 2, 0, 0, 2>
29;323;(10,4);;<1, 2, 0, 0, 2>
29;325;(3,19);;<1, 0, 0, 0, 1>
29;329;(8,3);;<1, 0, 0, 0, 1>
29;333;(10,8);;<1, 2, 0, 0, 2>
29;334;(16,18);outputNeighborhood;<1, 0, 0, 0, 1>
29;334;(16,18);;<1, 2, 0, 0, 2>
29;338;(17,15);;<0, 0, 0, 0, 0>
29;340;(11,10);;<1, 2, 0, 0, 2>
29;342;(11,9);;<1, 2, 0, 0, 2>
29;344;(6,12);;<1, 2, 0, 0, 2>
29;348;(8,11);outputNeighborhood;<1, 2, 0, 0, 2>
29;348;(8,11);;<1, 2, 0, 0, 2>
29;354;(8,4);outputNeighborhood;<1, 0, 0, 0, 1>
29;354;(8,4);;<1, 2, 0, 0, 2>
29;355;(7,9);;<1, 2, 0, 0, 2>
29;361;(13,17);;<0, 0, 0, 0, 0>
29;368;(15,14);;<1, 2, 0, 0, 2>
29;369;(7,10);;<1, 2, 0, 0, 2>
29;370;(8,10);;<1, 2, 0, 0, 2>
29;371;(9,11);;<1, 0, 0, 0, 1>
29;372;(10,10);outputNeighborhood;<1, 2, 0, 0, 2>
29;372;(10,10);;<1, 2, 0, 0, 2>
29;373;(12,10);;<1, 2, 0, 0, 2>
29;376;(7,12);;<1, 2, 0, 0, 2>
29;377;(18,18);;<0, 0, 0, 0, 0>
29;382;(12,19);;<1, 2, 0, 0, 2>
29;384;(9,12);;<0, 0, 0, 0, 0>
29;387;(11,5);;<1, 2, 0, 0, 2>
29;389;(6,11);;<1, 2, 0, 0, 2>
29;396;(10,12);;<1, 0, 0, 0, 1>
29;398;(11,12);;<1, 2, 0, 0, 2>
29;399;(12,12);;<1, 2, 0, 0, 2>
30;1;(19,19);;<1, 2, 0, 0, 2>
30;2;(18,19);;<1, 2, 0, 0, 2>
30;3;(17,19);outputNeighborhood;<1, 2, 0, 0, 2>
30;3;(17,19);;<1, 2, 0, 0, 2>
30;4;(15,19);;<1, 2, 0, 0, 2>
30;6;(6,19);;<0, 0, 0, 0, 0>
30;7;(5,19);;<0, 0, 0, 0, 0>
30;8;(2,19);outputNeighborhood;<1, 2, 0, 0, 2>
30;8;(2,19);;<1, 2, 0, 0, 2>
30;9;(0,19);;<1, 2, 0, 0, 2>
30;10;(19,18);;<0, 0, 0, 0, 0>
30;11;(14,18);;<1, 2, 0, 0, 2>
30;12;(12,18);;<1, 2, 0, 0, 2>
30;13;(11,18);;<1, 2, 0, 0, 2>
30;14;(8,18);;<0, 0, 0, 0, 0>
30;16;(4,18);;<0, 0, 0, 0, 0>
30;17;(3,18);;<1, 0, 0, 0, 1>
30;18;(2,18);;<0, 0, 0, 0, 0>
30;19;(18,17);;<0, 0, 0, 0, 0>
30;20;(17,17);;<0, 0, 0, 0, 0>
30;21;(15,17);;<0, 0, 0, 0, 0>
30;22;(14,17);;<1, 0, 0, 0, 1>
30;23;(11,17);outputNeighborhood;<1, 2, 0, 0, 2>
30;23;(11,17);;<1, 2, 0, 0, 2>
30;24;(10,17);outputNeighborhood;<1, 2, 0, 0, 2>
30;24;(10,17);;<1, 2, 0, 0, 2>
30;27;(3,17);;<1, 0, 0, 0, 1>
30;28;(2,17);;<0, 0, 0, 0, 0>
30;32;(17,16);;<0, 0, 0, 0, 0>
30;33;(12,16);;<1, 0, 0, 0, 1>
30;34;(7,18);;<0, 0, 0, 0, 0>
30;35;(9,16);;<0, 0, 0, 0, 0>
30;36;(7,16);;<0, 0, 0, 0, 0>
30;42;(16,15);outputNeighborhood;<1, 0, 0, 0, 1>
30;42;(16,15);;<1, 2, 0, 0, 2>
30;43;(14,15);;<1, 2, 0, 0, 2>
30;44;(13,15);;<1, 2, 0, 0, 2>
30;45;(9,15);;<1, 0, 0, 0, 1>
30;46;(6,15);;<0, 0, 0, 0, 0>
30;47;(5,15);;<0, 0, 0, 0, 0>
30;51;(7,15);;<0, 0, 0, 0, 0>
30;52;(14,14);;<1, 2, 0, 0, 2>
30;53;(12,14);;<1, 2, 0, 0, 2>
30;54;(11,14);outputNeighborhood;<1, 2, 0, 0, 2>
30;54;(11,14);;<1, 2, 0, 0, 2>
30;55;(10,14);outputNeighborhood;<1, 0, 0, 0, 1>
30;55;(10,14);;<1, 2, 0, 0, 2>
30;56;(9,14);;<0, 0, 0, 0, 0>
30;57;(6,14);outputNeighborhood;<1, 2, 0, 0, 2>
30;57;(6,14);;<1, 2, 0, 0, 2>
30;58;(5,14);;<1, 2, 0, 0, 2>
30;59;(4,14);;<1, 2, 0, 0, 2>
30;61;(8,15);;<0, 0, 0, 0, 0>
30;63;(8,17);;<0, 0, 0, 0, 0>
30;65;(16,13);;<1, 2, 0, 0, 2>
30;66;(15,13);;<1, 2, 0, 0, 2>
30;69;(12,13);;<1, 2, 0, 0, 2>
30;70;(11,13);;<1, 2, 0, 0, 2>
30;71;(9,13);;<0, 0, 0, 0, 0>
30;72;(8,13);outputNeighborhood;<1, 0, 0, 0, 1>
30;72;(8,13);;<1, 2, 0, 0, 2>
30;73;(7,13);;<1, 2, 0, 0, 2>
30;74;(5,13);;<1, 2, 0, 0, 2>
30;83;(10,19);outputNeighborhood;<1, 0, 0, 0, 1>
30;83;(10,19);;<1, 2, 0, 0, 2>
30;91;(10,5);;<1, 2, 0, 0, 2>
30;92;(7,5);;<1, 2, 0, 0, 2>
30;99;(9,10);outputNeighborhood;<1, 2, 0, 0, 2>
30;99;(9,10);;<1, 2, 0, 0, 2>
30;102;(6,4);;<1, 2, 0, 0, 2>
30;104;(9,18);outputNeighborhood;<1, 0, 0, 0, 1>
30;104;(9,18);;<1, 0, 0, 0, 1>
30;105;(1,18);;<0, 0, 0, 0, 0>
30;106;(10,9);;<1, 2, 0, 0, 2>
30;108;(8,2);;<1, 0, 0, 0, 1>
30;109;(16,19);;<1, 2, 0, 0, 2>
30;111;(7,4);;<1, 2, 0, 0, 2>
30;112;(6,0);;<0, 0, 0, 0, 0>
30;116;(11,19);;<1, 2, 0, 0, 2>
30;121;(16,17);;<0, 0, 0, 0, 0>
30;125;(4,19);;<1, 0, 0, 0, 1>
30;129;(9,3);;<1, 0, 0, 0, 1>
30;130;(6,3);;<1, 2, 0, 0, 2>
30;131;(5,3);;<1, 2, 0, 0, 2>
30;136;(16,14);;<1, 2, 0, 0, 2>
30;140;(7,1);;<1, 0, 0, 0, 1>
30;141;(11,3);;<1, 2, 0, 0, 2>
30;143;(6,13);;<1, 2, 0, 0, 2>
30;154;(15,16);;<1, 0, 0, 0, 1>
30;155;(6,1);outputNeighborhood;<1, 0, 0, 0, 1>
30;155;(6,1);;<1, 2, 0, 0, 2>
30;156;(9,9);;<1, 2, 0, 0, 2>
30;157;(12,17);outputNeighborhood;<1, 0, 0, 0, 1>
30;157;(12,17);;<1, 2, 0, 0, 2>
30;158;(8,1);;<0, 0, 0, 0, 0>
30;159;(7,2);outputNeighborhood;<1, 0, 0, 0, 1>
30;159;(7,2);;<1, 2, 0, 0, 2>
30;160;(11,16);outputNeighborhood;<1, 0, 0, 0, 1>
30;160;(11,16);;<1, 2, 0, 0, 2>
30;162;(5,1);;<1, 2, 0, 0, 2>
30;163;(15,18);;<1, 2, 0, 0, 2>
30;167;(8,5);;<1, 2, 0, 0, 2>
30;168;(14,16);outputNeighborhood;<1, 0, 0, 0, 1>
30;168;(14,16);;<1, 0, 0, 0, 1>
30;170;(9,0);;<0, 0, 0, 0, 0>
30;181;(1,19);;<1, 2, 0, 0, 2>
30;182;(15,15);outputNeighborhood;<1, 2, 0, 0, 2>
30;182;(15,15);;<1, 2, 0, 0, 2>
30;183;(4,1);;<1, 2, 0, 0, 2>
30;184;(10,18);outputNeighborhood;<1, 2, 0, 0, 2>
30;184;(10,18);;<1, 2, 0, 0, 2>
30;185;(4,2);;<1, 2, 0, 0, 2>
30;186;(2,1);;<1, 2, 0, 0, 2>
30;187;(1,0);;<1, 2, 0, 0, 2>
30;189;(17,0);;<1, 2, 0, 0, 2>
30;193;(16,16);;<0, 0, 0, 0, 0>
30;195;(10,13);;<1, 0, 0, 0, 1>
30;196;(9,4);outputNeighborhood;<1, 0, 0, 0, 1>
30;196;(9,4);;<1, 2, 0, 0, 2>
30;198;(7,11);;<1, 2, 0, 0, 2>
30;199;(3,1);;<1, 2, 0, 0, 2>
30;201;(5,2);;<1, 2, 0, 0, 2>
30;204;(7,0);;<0, 0, 0, 0, 0>
30;208;(9,19);;<1, 0, 0, 0, 1>
30;209;(8,19);;<0, 0, 0, 0, 0>
30;212;(7,3);outputNeighborhood;<1, 2, 0, 0, 2>
30;212;(7,3);;<1, 2, 0, 0, 2>
30;213;(11,15);outputNeighborhood;<1, 0, 0, 0, 1>
30;213;(11,15);;<1, 2, 0, 0, 2>
30;214;(13,14);;<1, 2, 0, 0, 2>
30;216;(5,0);;<1, 0, 0, 0, 1>
30;222;(10,0);;<1, 0, 0, 0, 1>
30;223;(18,0);;<1, 2, 0, 0, 2>
30;227;(11,4);;<1, 2, 0, 0, 2>
30;229;(9,17);;<1, 0, 0, 0, 1>
30;230;(10,3);;<1, 2, 0, 0, 2>
30;232;(18,15);;<0, 0, 0, 0, 0>
30;233;(12,11);;<1, 2, 0, 0, 2>
30;236;(4,0);outputNeighborhood;<1, 0, 0, 0, 1>
30;236;(4,0);;<1, 2, 0, 0, 2>
30;237;(9,5);outputNeighborhood;<1, 2, 0, 0, 2>
30;237;(9,5);;<1, 2, 0, 0, 2>
30;239;(12,2);;<1, 2, 0, 0, 2>
30;241;(11,1);;<1, 2, 0, 0, 2>
30;242;(10,1);outputNeighborhood;<1, 0, 0, 0, 1>
30;242;(10,1);;<1, 2, 0, 0, 2>
30;246;(11,11);;<1, 2, 0, 0, 2>
30;248;(16,0);;<1, 2, 0, 0, 2>
30;250;(12,1);;<1, 2, 0, 0, 2>
30;251;(6,16);;<0, 0, 0, 0, 0>
30;252;(17,1);;<1, 2, 0, 0, 2>
30;257;(9,2);;<0, 0, 0, 0, 0>
30;258;(11,0);;<1, 2, 0, 0, 2>
30;264;(3,0);outputNeighborhood;<1, 2, 0, 0, 2>
30;264;(3,0);;<1, 2, 0, 0, 2>
30;267;(3,2);;<1, 2, 0, 0, 2>
30;269;(12,15);outputNeighborhood;<1, 2, 0, 0, 2>
30;269;(12,15);;<1, 2, 0, 0, 2>
30;270;(6,2);outputNeighborhood;<1, 2, 0, 0, 2>
30;270;(6,2);;<1, 2, 0, 0, 2>
30;271;(10,16);;<1, 2, 0, 0, 2>
30;273;(2,0);;<1, 2, 0, 0, 2>
30;276;(13,18);;<1, 2, 0, 0, 2>
30;277;(7,14);outputNeighborhood;<1, 2, 0, 0, 2>
30;277;(7,14);;<1, 2, 0, 0, 2>
30;280;(10,2);outputNeighborhood;<1, 2, 0, 0, 2>
30;280;(10,2);;<1, 2, 0, 0, 2>
30;281;(11,2);;<1, 2, 0, 0, 2>
30;288;(9,1);;<0, 0, 0, 0, 0>
30;293;(8,9);;<1, 2, 0, 0, 2>
30;294;(10,11);outputNeighborhood;<1, 2, 0, 0, 2>
30;294;(10,11);;<1, 2, 0, 0, 2>
30;295;(8,6);;<1, 2, 0, 0, 2>
30;296;(10,15);;<1, 2, 0, 0, 2>
30;297;(9,6);;<1, 2, 0, 0, 2>
30;298;(17,18);outputNeighborhood;<1, 0, 0, 0, 1>
30;298;(17,18);;<1, 2, 0, 0, 2>
30;300;(10,6);;<1, 2, 0, 0, 2>
30;302;(8,12);outputNeighborhood;<1, 2, 0, 0, 2>
30;302;(8,12);;<1, 2, 0, 0, 2>
30;310;(8,14);;<1, 0, 0, 0, 1>
30;313;(9,7);;<1, 2, 0, 0, 2>
30;317;(13,16);;<1, 0, 0, 0, 1>
30;319;(17,14);;<1, 2, 0, 0, 2>
30;322;(9,8);;<1, 2, 0, 0, 2>
30;323;(10,4);;<1, 2, 0, 0, 2>
30;325;(3,19);outputNeighborhood;<1, 0, 0, 0, 1>
30;325;(3,19);;<1, 2, 0, 0, 2>
30;329;(8,3);outputNeighborhood;<1, 0, 0, 0, 1>
30;329;(8,3);;<1, 2, 0, 0, 2>
30;334;(16,18);outputNeighborhood;<1, 2, 0, 0, 2>
30;334;(16,18);;<1, 2, 0, 0, 2>
30;338;(17,15);;<1, 0, 0, 0, 1>
30;340;(11,10);;<1, 2, 0, 0, 2>
30;344;(6,12);;<1, 2, 0, 0, 2>
30;348;(8,11);;<1, 2, 0, 0, 2>
30;354;(8,4);outputNeighborhood;<1, 2, 0, 0, 2>
30;354;(8,4);;<1, 2, 0, 0, 2>
30;361;(13,17);;<1, 0, 0, 0, 1>
30;368;(15,14);;<1, 2, 0, 0, 2>
30;369;(7,10);;<1, 2, 0, 0, 2>
30;370;(8,10);;<1, 2, 0, 0, 2>
30;371;(9,11);outputNeighborhood;<1, 0, 0, 0, 1>
30;371;(9,11);;<1, 2, 0, 0, 2>
30;372;(10,10);;<1, 2, 0, 0, 2>
30;376;(7,12);;<1, 2, 0, 0, 2>
30;377;(18,18);;<1, 0, 0, 0, 1>
30;382;(12,19);;<1, 2, 0, 0, 2>
30;384;(9,12);;<1, 0, 0, 0, 1>
30;387;(11,5);;<1, 2, 0, 0, 2>
30;396;(10,12);outputNeighborhood;<1, 0, 0, 0, 1>
30;396;(10,12);;<1, 2, 0, 0, 2>
30;398;(11,12);;<1, 2, 0, 0, 2>
30;399;(12,12);;<1, 2, 0, 0, 2>
31;1;(19,19);;<1, 2, 0, 0, 2>
31;2;(18,19);;<1, 2, 0, 0, 2>
31;3;(17,19);;<1, 2, 0, 0, 2>
31;5;(14,19);;<1, 2, 0, 0, 2>
31;6;(6,19);;<0, 0, 0, 0, 0>
31;7;(5,19);;<1, 0, 0, 0, 1>
31;8;(2,19);;<1, 2, 0, 0, 2>
31;10;(19,18);;<1, 0, 0, 0, 1>
31;11;(14,18);;<1, 2, 0, 0, 2>
31;12;(12,18);;<1, 2, 0, 0, 2>
31;13;(11,18);;<1, 2, 0, 0, 2>
31;14;(8,18);;<0, 0, 0, 0, 0>
31;16;(4,18);;<1, 0, 0, 0, 1>
31;17;(3,18);outputNeighborhood;<1, 0, 0, 0, 1>
31;17;(3,18);;<1, 2, 0, 0, 2>
31;18;(2,18);;<1, 0, 0, 0, 1>
31;19;(18,17);;<0, 0, 0, 0, 0>
31;20;(17,17);;<0, 0, 0, 0, 0>
31;21;(15,17);;<1, 0, 0, 0, 1>
31;22;(14,17);outputNeighborhood;<1, 0, 0, 0, 1>
31;22;(14,17);;<1, 2, 0, 0, 2>
31;23;(11,17);;<1, 2, 0, 0, 2>
31;24;(10,17);;<1, 2, 0, 0, 2>
31;25;(7,17);;<0, 0, 0, 0, 0>
31;27;(3,17);;<1, 0, 0, 0, 1>
31;28;(2,17);;<0, 0, 0, 0, 0>
31;31;(18,16);;<0, 0, 0, 0, 0>
31;32;(17,16);;<0, 0, 0, 0, 0>
31;33;(12,16);outputNeighborhood;<1, 0, 0, 0, 1>
31;33;(12,16);;<1, 2, 0, 0, 2>
31;35;(9,16);;<1, 0, 0, 0, 1>
31;41;(19,15);;<0, 0, 0, 0, 0>
31;42;(16,15);outputNeighborhood;<1, 2, 0, 0, 2>
31;42;(16,15);;<1, 2, 0, 0, 2>
31;43;(14,15);;<1, 2, 0, 0, 2>
31;44;(13,15);;<1, 2, 0, 0, 2>
31;45;(9,15);outputNeighborhood;<1, 0, 0, 0, 1>
31;45;(9,15);;<1, 0, 0, 0, 1>
31;51;(7,15);;<0, 0, 0, 0, 0>
31;53;(12,14);;<1, 2, 0, 0, 2>
31;54;(11,14);;<1, 2, 0, 0, 2>
31;55;(10,14);outputNeighborhood;<1, 2, 0, 0, 2>
31;55;(10,14);;<1, 2, 0, 0, 2>
31;56;(9,14);;<1, 0, 0, 0, 1>
31;57;(6,14);;<1, 2, 0, 0, 2>
31;61;(8,15);;<1, 0, 0, 0, 1>
31;63;(8,17);;<0, 0, 0, 0, 0>
31;65;(16,13);;<1, 2, 0, 0, 2>
31;69;(12,13);;<1, 2, 0, 0, 2>
31;70;(11,13);;<1, 2, 0, 0, 2>
31;71;(9,13);;<1, 0, 0, 0, 1>
31;72;(8,13);outputNeighborhood;<1, 2, 0, 0, 2>
31;72;(8,13);;<1, 2, 0, 0, 2>
31;73;(7,13);;<1, 2, 0, 0, 2>
31;83;(10,19);outputNeighborhood;<1, 2, 0, 0, 2>
31;83;(10,19);;<1, 2, 0, 0, 2>
31;85;(12,0);;<1, 2, 0, 0, 2>
31;91;(10,5);;<1, 2, 0, 0, 2>
31;93;(8,16);;<0, 0, 0, 0, 0>
31;96;(18,14);;<1, 2, 0, 0, 2>
31;99;(9,10);;<1, 2, 0, 0, 2>
31;104;(9,18);;<1, 2, 0, 0, 2>
31;105;(1,18);;<1, 0, 0, 0, 1>
31;108;(8,2);outputNeighborhood;<1, 0, 0, 0, 1>
31;108;(8,2);;<1, 2, 0, 0, 2>
31;109;(16,19);;<1, 2, 0, 0, 2>
31;111;(7,4);;<1, 2, 0, 0, 2>
31;112;(6,0);;<1, 0, 0, 0, 1>
31;116;(11,19);;<1, 2, 0, 0, 2>
31;121;(16,17);;<0, 0, 0, 0, 0>
31;125;(4,19);outputNeighborhood;<1, 0, 0, 0, 1>
31;125;(4,19);;<1, 2, 0, 0, 2>
31;129;(9,3);outputNeighborhood;<1, 0, 0, 0, 1>
31;129;(9,3);;<1, 2, 0, 0, 2>
31;130;(6,3);;<1, 2, 0, 0, 2>
31;136;(16,14);;<1, 2, 0, 0, 2>
31;140;(7,1);outputNeighborhood;<1, 0, 0, 0, 1>
31;140;(7,1);;<1, 2, 0, 0, 2>
31;141;(11,3);;<1, 2, 0, 0, 2>
31;143;(6,13);;<1, 2, 0, 0, 2>
31;151;(19,17);;<0, 0, 0, 0, 0>
31;154;(15,16);outputNeighborhood;<1, 0, 0, 0, 1>
31;154;(15,16);;<1, 2, 0, 0, 2>
31;155;(6,1);outputNeighborhood;<1, 2, 0, 0, 2>
31;155;(6,1);;<1, 2, 0, 0, 2>
31;156;(9,9);;<1, 2, 0, 0, 2>
31;157;(12,17);outputNeighborhood;<1, 2, 0, 0, 2>
31;157;(12,17);;<1, 2, 0, 0, 2>
31;158;(8,1);;<1, 0, 0, 0, 1>
31;159;(7,2);outputNeighborhood;<1, 2, 0, 0, 2>
31;159;(7,2);;<1, 2, 0, 0, 2>
31;160;(11,16);outputNeighborhood;<1, 2, 0, 0, 2>
31;160;(11,16);;<1, 2, 0, 0, 2>
31;162;(5,1);;<1, 2, 0, 0, 2>
31;163;(15,18);;<1, 2, 0, 0, 2>
31;167;(8,5);;<1, 2, 0, 0, 2>
31;168;(14,16);;<1, 2, 0, 0, 2>
31;170;(9,0);;<1, 0, 0, 0, 1>
31;181;(1,19);;<1, 2, 0, 0, 2>
31;182;(15,15);;<1, 2, 0, 0, 2>
31;183;(4,1);;<1, 2, 0, 0, 2>
31;184;(10,18);;<1, 2, 0, 0, 2>
31;185;(4,2);;<1, 2, 0, 0, 2>
31;189;(17,0);;<1, 2, 0, 0, 2>
31;193;(16,16);;<1, 0, 0, 0, 1>
31;195;(10,13);outputNeighborhood;<1, 0, 0, 0, 1>
31;195;(10,13);;<1, 2, 0, 0, 2>
31;196;(9,4);outputNeighborhood;<1, 2, 0, 0, 2>
31;196;(9,4);;<1, 2, 0, 0, 2>
31;198;(7,11);;<1, 2, 0, 0, 2>
31;199;(3,1);;<1, 2, 0, 0, 2>
31;201;(5,2);;<1, 2, 0, 0, 2>
31;204;(7,0);;<0, 0, 0, 0, 0>
31;208;(9,19);outputNeighborhood;<1, 0, 0, 0, 1>
31;208;(9,19);;<1, 2, 0, 0, 2>
31;209;(8,19);;<0, 0, 0, 0, 0>
31;212;(7,3);;<1, 2, 0, 0, 2>
31;213;(11,15);outputNeighborhood;<1, 2, 0, 0, 2>
31;213;(11,15);;<1, 2, 0, 0, 2>
31;214;(13,14);;<1, 2, 0, 0, 2>
31;216;(5,0);outputNeighborhood;<1, 0, 0, 0, 1>
31;216;(5,0);;<1, 2, 0, 0, 2>
31;218;(13,19);;<1, 2, 0, 0, 2>
31;219;(3,16);;<0, 0, 0, 0, 0>
31;222;(10,0);outputNeighborhood;<1, 0, 0, 0, 1>
31;222;(10,0);;<1, 2, 0, 0, 2>
31;223;(18,0);;<1, 2, 0, 0, 2>
31;225;(8,0);;<0, 0, 0, 0, 0>
31;227;(11,4);;<1, 2, 0, 0, 2>
31;229;(9,17);outputNeighborhood;<1, 0, 0, 0, 1>
31;229;(9,17);;<1, 2, 0, 0, 2>
31;230;(10,3);;<1, 2, 0, 0, 2>
31;232;(18,15);;<1, 0, 0, 0, 1>
31;234;(17,13);;<1, 2, 0, 0, 2>
31;236;(4,0);outputNeighborhood;<1, 2, 0, 0, 2>
31;236;(4,0);;<1, 2, 0, 0, 2>
31;237;(9,5);;<1, 2, 0, 0, 2>
31;241;(11,1);;<1, 2, 0, 0, 2>
31;242;(10,1);outputNeighborhood;<1, 2, 0, 0, 2>
31;242;(10,1);;<1, 2, 0, 0, 2>
31;246;(11,11);;<1, 2, 0, 0, 2>
31;250;(12,1);;<1, 2, 0, 0, 2>
31;257;(9,2);;<1, 0, 0, 0, 1>
31;258;(11,0);;<1, 2, 0, 0, 2>
31;264;(3,0);;<1, 2, 0, 0, 2>
31;268;(4,17);;<0, 0, 0, 0, 0>
31;269;(12,15);;<1, 2, 0, 0, 2>
31;270;(6,2);;<1, 2, 0, 0, 2>
31;271;(10,16);;<1, 2, 0, 0, 2>
31;273;(2,0);;<1, 2, 0, 0, 2>
31;276;(13,18);;<1, 2, 0, 0, 2>
31;277;(7,14);;<1, 2, 0, 0, 2>
31;280;(10,2);;<1, 2, 0, 0, 2>
31;281;(11,2);;<1, 2, 0, 0, 2>
31;287;(0,18);;<0, 0, 0, 0, 0>
31;288;(9,1);;<0, 0, 0, 0, 0>
31;291;(7,19);;<0, 0, 0, 0, 0>
31;294;(10,11);;<1, 2, 0, 0, 2>
31;296;(10,15);outputNeighborhood;<1, 2, 0, 0, 2>
31;296;(10,15);;<1, 2, 0, 0, 2>
31;297;(9,6);;<1, 2, 0, 0, 2>
31;298;(17,18);outputNeighborhood;<1, 2, 0, 0, 2>
31;298;(17,18);;<1, 2, 0, 0, 2>
31;302;(8,12);;<1, 2, 0, 0, 2>
31;310;(8,14);outputNeighborhood;<1, 0, 0, 0, 1>
31;310;(8,14);;<1, 2, 0, 0, 2>
31;317;(13,16);outputNeighborhood;<1, 0, 0, 0, 1>
31;317;(13,16);;<1, 2, 0, 0, 2>
31;319;(17,14);;<1, 2, 0, 0, 2>
31;323;(10,4);;<1, 2, 0, 0, 2>
31;325;(3,19);outputNeighborhood;<1, 2, 0, 0, 2>
31;325;(3,19);;<1, 2, 0, 0, 2>
31;329;(8,3);outputNeighborhood;<1, 2, 0, 0, 2>
31;329;(8,3);;<1, 2, 0, 0, 2>
31;334;(16,18);;<1, 2, 0, 0, 2>
31;338;(17,15);outputNeighborhood;<1, 0, 0, 0, 1>
31;338;(17,15);;<1, 2, 0, 0, 2>
31;348;(8,11);;<1, 2, 0, 0, 2>
31;354;(8,4);;<1, 2, 0, 0, 2>
31;356;(5,18);;<0, 0, 0, 0, 0>
31;361;(13,17);outputNeighborhood;<1, 0, 0, 0, 1>
31;361;(13,17);;<1, 2, 0, 0, 2>
31;368;(15,14);;<1, 2, 0, 0, 2>
31;370;(8,10);;<1, 2, 0, 0, 2>
31;371;(9,11);outputNeighborhood;<1, 2, 0, 0, 2>
31;371;(9,11);;<1, 2, 0, 0, 2>
31;372;(10,10);;<1, 2, 0, 0, 2>
31;376;(7,12);;<1, 2, 0, 0, 2>
31;377;(18,18);outputNeighborhood;<1, 0, 0, 0, 1>
31;377;(18,18);;<1, 2, 0, 0, 2>
31;382;(12,19);;<1, 2, 0, 0, 2>
31;384;(9,12);outputNeighborhood;<1, 0, 0, 0, 1>
31;384;(9,12);;<1, 2, 0, 0, 2>
31;396;(10,12);outputNeighborhood;<1, 2, 0, 0, 2>
31;396;(10,12);;<1, 2, 0, 0, 2>
31;398;(11,12);;<1, 2, 0, 0, 2>
31;399;(12,12);;<1, 2, 0, 0, 2>
32;1;(19,19);;<1, 2, 0, 0, 2>
32;2;(18,19);;<1, 2, 0, 0, 2>
32;3;(17,19);;<1, 2, 0, 0, 2>
32;4;(15,19);;<1, 2, 0, 0, 2>
32;5;(14,19);;<1, 2, 0, 0, 2>
32;6;(6,19);;<1, 0, 0, 0, 1>
32;7;(5,19);outputNeighborhood;<1, 0, 0, 0, 1>
32;7;(5,19);;<1, 2, 0, 0, 2>
32;8;(2,19);;<1, 2, 0, 0, 2>
32;9;(0,19);;<1, 2, 0, 0, 2>
32;10;(19,18);outputNeighborhood;<1, 0, 0, 0, 1>
32;10;(19,18);;<1, 2, 0, 0, 2>
32;11;(14,18);;<1, 2, 0, 0, 2>
32;12;(12,18);;<1, 2, 0, 0, 2>
32;13;(11,18);;<1, 2, 0, 0, 2>
32;14;(8,18);;<0, 0, 0, 0, 0>
32;15;(6,18);;<0, 0, 0, 0, 0>
32;16;(4,18);outputNeighborhood;<1, 0, 0, 0, 1>
32;16;(4,18);;<1, 2, 0, 0, 2>
32;17;(3,18);outputNeighborhood;<1, 2, 0, 0, 2>
32;17;(3,18);;<1, 2, 0, 0, 2>
32;18;(2,18);outputNeighborhood;<1, 0, 0, 0, 1>
32;18;(2,18);;<1, 2, 0, 0, 2>
32;19;(18,17);;<0, 0, 0, 0, 0>
32;20;(17,17);;<0, 0, 0, 0, 0>
32;21;(15,17);outputNeighborhood;<1, 0, 0, 0, 1>
32;21;(15,17);;<1, 2, 0, 0, 2>
32;22;(14,17);outputNeighborhood;<1, 2, 0, 0, 2>
32;22;(14,17);;<1, 2, 0, 0, 2>
32;23;(11,17);;<1, 2, 0, 0, 2>
32;24;(10,17);;<1, 2, 0, 0, 2>
32;25;(7,17);;<0, 0, 0, 0, 0>
32;26;(5,17);;<0, 0, 0, 0, 0>
32;27;(3,17);;<1, 0, 0, 0, 1>
32;28;(2,17);;<1, 0, 0, 0, 1>
32;29;(0,17);;<0, 0, 0, 0, 0>
32;30;(19,16);;<0, 0, 0, 0, 0>
32;31;(18,16);;<0, 0, 0, 0, 0>
32;32;(17,16);;<1, 0, 0, 0, 1>
32;33;(12,16);outputNeighborhood;<1, 2, 0, 0, 2>
32;33;(12,16);;<1, 2, 0, 0, 2>
32;34;(7,18);;<0, 0, 0, 0, 0>
32;35;(9,16);outputNeighborhood;<1, 0, 0, 0, 1>
32;35;(9,16);;<1, 2, 0, 0, 2>
32;36;(7,16);;<0, 0, 0, 0, 0>
32;38;(4,16);;<0, 0, 0, 0, 0>
32;39;(1,16);;<0, 0, 0, 0, 0>
32;41;(19,15);;<1, 0, 0, 0, 1>
32;42;(16,15);;<1, 2, 0, 0, 2>
32;43;(14,15);;<1, 2, 0, 0, 2>
32;44;(13,15);;<1, 2, 0, 0, 2>
32;45;(9,15);;<1, 2, 0, 0, 2>
32;46;(6,15);;<0, 0, 0, 0, 0>
32;51;(7,15);;<1, 0, 0, 0, 1>
32;52;(14,14);;<1, 2, 0, 0, 2>
32;53;(12,14);;<1, 2, 0, 0, 2>
32;54;(11,14);;<1, 2, 0, 0, 2>
32;55;(10,14);;<1, 2, 0, 0, 2>
32;56;(9,14);outputNeighborhood;<1, 0, 0, 0, 1>
32;56;(9,14);;<1, 2, 0, 0, 2>
32;57;(6,14);;<1, 2, 0, 0, 2>
32;61;(8,15);outputNeighborhood;<1, 0, 0, 0, 1>
32;61;(8,15);;<1, 2, 0, 0, 2>
32;63;(8,17);;<0, 0, 0, 0, 0>
32;64;(18,13);;<1, 2, 0, 0, 2>
32;69;(12,13);;<1, 2, 0, 0, 2>
32;70;(11,13);;<1, 2, 0, 0, 2>
32;71;(9,13);outputNeighborhood;<1, 0, 0, 0, 1>
32;71;(9,13);;<1, 2, 0, 0, 2>
32;72;(8,13);;<1, 2, 0, 0, 2>
32;73;(7,13);;<1, 2, 0, 0, 2>
32;75;(0,15);;<0, 0, 0, 0, 0>
32;83;(10,19);;<1, 2, 0, 0, 2>
32;85;(12,0);;<1, 2, 0, 0, 2>
32;93;(8,16);;<1, 0, 0, 0, 1>
32;96;(18,14);;<1, 2, 0, 0, 2>
32;99;(9,10);;<1, 2, 0, 0, 2>
32;104;(9,18);outputNeighborhood;<1, 2, 0, 0, 2>
32;104;(9,18);;<1, 2, 0, 0, 2>
32;105;(1,18);outputNeighborhood;<1, 0, 0, 0, 1>
32;105;(1,18);;<1, 2, 0, 0, 2>
32;108;(8,2);outputNeighborhood;<1, 2, 0, 0, 2>
32;108;(8,2);;<1, 2, 0, 0, 2>
32;112;(6,0);outputNeighborhood;<1, 0, 0, 0, 1>
32;112;(6,0);;<1, 2, 0, 0, 2>
32;116;(11,19);;<1, 2, 0, 0, 2>
32;121;(16,17);;<1, 0, 0, 0, 1>
32;125;(4,19);outputNeighborhood;<1, 2, 0, 0, 2>
32;125;(4,19);;<1, 2, 0, 0, 2>
32;129;(9,3);outputNeighborhood;<1, 2, 0, 0, 2>
32;129;(9,3);;<1, 2, 0, 0, 2>
32;136;(16,14);;<1, 2, 0, 0, 2>
32;140;(7,1);outputNeighborhood;<1, 2, 0, 0, 2>
32;140;(7,1);;<1, 2, 0, 0, 2>
32;141;(11,3);;<1, 2, 0, 0, 2>
32;151;(19,17);;<0, 0, 0, 0, 0>
32;154;(15,16);outputNeighborhood;<1, 2, 0, 0, 2>
32;154;(15,16);;<1, 2, 0, 0, 2>
32;155;(6,1);;<1, 2, 0, 0, 2>
32;157;(12,17);;<1, 2, 0, 0, 2>
32;158;(8,1);outputNeighborhood;<1, 0, 0, 0, 1>
32;158;(8,1);;<1, 2, 0, 0, 2>
32;159;(7,2);;<1, 2, 0, 0, 2>
32;160;(11,16);;<1, 2, 0, 0, 2>
32;162;(5,1);;<1, 2, 0, 0, 2>
32;163;(15,18);;<1, 2, 0, 0, 2>
32;168;(14,16);outputNeighborhood;<1, 2, 0, 0, 2>
32;168;(14,16);;<1, 2, 0, 0, 2>
32;170;(9,0);outputNeighborhood;<1, 0, 0, 0, 1>
32;170;(9,0);;<1, 2, 0, 0, 2>
32;174;(1,17);;<0, 0, 0, 0, 0>
32;181;(1,19);;<1, 2, 0, 0, 2>
32;182;(15,15);;<1, 2, 0, 0, 2>
32;183;(4,1);;<1, 2, 0, 0, 2>
32;184;(10,18);;<1, 2, 0, 0, 2>
32;187;(1,0);;<1, 2, 0, 0, 2>
32;193;(16,16);outputNeighborhood;<1, 0, 0, 0, 1>
32;193;(16,16);;<1, 2, 0, 0, 2>
32;195;(10,13);outputNeighborhood;<1, 2, 0, 0, 2>
32;195;(10,13);;<1, 2, 0, 0, 2>
32;196;(9,4);;<1, 2, 0, 0, 2>
32;201;(5,2);;<1, 2, 0, 0, 2>
32;204;(7,0);;<1, 0, 0, 0, 1>
32;206;(2,16);;<0, 0, 0, 0, 0>
32;208;(9,19);outputNeighborhood;<1, 2, 0, 0, 2>
32;208;(9,19);;<1, 2, 0, 0, 2>
32;209;(8,19);;<0, 0, 0, 0, 0>
32;212;(7,3);;<1, 2, 0, 0, 2>
32;213;(11,15);;<1, 2, 0, 0, 2>
32;214;(13,14);;<1, 2, 0, 0, 2>
32;216;(5,0);outputNeighborhood;<1, 2, 0, 0, 2>
32;216;(5,0);;<1, 2, 0, 0, 2>
32;218;(13,19);;<1, 2, 0, 0, 2>
32;219;(3,16);;<0, 0, 0, 0, 0>
32;222;(10,0);outputNeighborhood;<1, 2, 0, 0, 2>
32;222;(10,0);;<1, 2, 0, 0, 2>
32;223;(18,0);;<1, 2, 0, 0, 2>
32;225;(8,0);;<1, 0, 0, 0, 1>
32;229;(9,17);outputNeighborhood;<1, 2, 0, 0, 2>
32;229;(9,17);;<1, 2, 0, 0, 2>
32;230;(10,3);;<1, 2, 0, 0, 2>
32;232;(18,15);outputNeighborhood;<1, 0, 0, 0, 1>
32;232;(18,15);;<1, 2, 0, 0, 2>
32;234;(17,13);;<1, 2, 0, 0, 2>
32;236;(4,0);;<1, 2, 0, 0, 2>
32;237;(9,5);;<1, 2, 0, 0, 2>
32;241;(11,1);;<1, 2, 0, 0, 2>
32;242;(10,1);;<1, 2, 0, 0, 2>
32;257;(9,2);outputNeighborhood;<1, 0, 0, 0, 1>
32;257;(9,2);;<1, 2, 0, 0, 2>
32;258;(11,0);;<1, 2, 0, 0, 2>
32;264;(3,0);;<1, 2, 0, 0, 2>
32;268;(4,17);;<1, 0, 0, 0, 1>
32;269;(12,15);;<1, 2, 0, 0, 2>
32;270;(6,2);;<1, 2, 0, 0, 2>
32;271;(10,16);;<1, 2, 0, 0, 2>
32;273;(2,0);;<1, 2, 0, 0, 2>
32;276;(13,18);;<1, 2, 0, 0, 2>
32;277;(7,14);;<1, 2, 0, 0, 2>
32;280;(10,2);;<1, 2, 0, 0, 2>
32;281;(11,2);;<1, 2, 0, 0, 2>
32;283;(19,14);;<1, 2, 0, 0, 2>
32;287;(0,18);;<1, 0, 0, 0, 1>
32;288;(9,1);;<1, 0, 0, 0, 1>
32;291;(7,19);;<0, 0, 0, 0, 0>
32;294;(10,11);;<1, 2, 0, 0, 2>
32;296;(10,15);;<1, 2, 0, 0, 2>
32;298;(17,18);;<1, 2, 0, 0, 2>
32;299;(19,0);;<1, 2, 0, 0, 2>
32;302;(8,12);;<1, 2, 0, 0, 2>
32;310;(8,14);outputNeighborhood;<1, 2, 0, 0, 2>
32;310;(8,14);;<1, 2, 0, 0, 2>
32;317;(13,16);outputNeighborhood;<1, 2, 0, 0, 2>
32;317;(13,16);;<1, 2, 0, 0, 2>
32;319;(17,14);;<1, 2, 0, 0, 2>
32;323;(10,4);;<1, 2, 0, 0, 2>
32;325;(3,19);;<1, 2, 0, 0, 2>
32;329;(8,3);;<1, 2, 0, 0, 2>
32;334;(16,18);;<1, 2, 0, 0, 2>
32;338;(17,15);outputNeighborhood;<1, 2, 0, 0, 2>
32;338;(17,15);;<1, 2, 0, 0, 2>
32;348;(8,11);;<1, 2, 0, 0, 2>
32;354;(8,4);;<1, 2, 0, 0, 2>
32;356;(5,18);;<1, 0, 0, 0, 1>
32;361;(13,17);outputNeighborhood;<1, 2, 0, 0, 2>
32;361;(13,17);;<1, 2, 0, 0, 2>
32;368;(15,14);;<1, 2, 0, 0, 2>
32;371;(9,11);;<1, 2, 0, 0, 2>
32;376;(7,12);;<1, 2, 0, 0, 2>
32;377;(18,18);outputNeighborhood;<1, 2, 0, 0, 2>
32;377;(18,18);;<1, 2, 0, 0, 2>
32;384;(9,12);outputNeighborhood;<1, 2, 0, 0, 2>
32;384;(9,12);;<1, 2, 0, 0, 2>
32;396;(10,12);;<1, 2, 0, 0, 2>
32;398;(11,12);;<1, 2, 0, 0, 2>
33;1;(19,19);;<1, 2, 0, 0, 2>
33;2;(18,19);;<1, 2, 0, 0, 2>
33;4;(15,19);;<1, 2, 0, 0, 2>
33;6;(6,19);outputNeighborhood;<1, 0, 0, 0, 1>
33;6;(6,19);;<1, 2, 0, 0, 2>
33;7;(5,19);outputNeighborhood;<1, 2, 0, 0, 2>
33;7;(5,19);;<1, 2, 0, 0, 2>
33;8;(2,19);;<1, 2, 0, 0, 2>
33;9;(0,19);;<1, 2, 0, 0, 2>
33;10;(19,18);outputNeighborhood;<1, 2, 0, 0, 2>
33;10;(19,18);;<1, 2, 0, 0, 2>
33;11;(14,18);;<1, 2, 0, 0, 2>
33;14;(8,18);;<0, 0, 0, 0, 0>
33;15;(6,18);;<1, 0, 0, 0, 1>
33;16;(4,18);outputNeighborhood;<1, 2, 0, 0, 2>
33;16;(4,18);;<1, 2, 0, 0, 2>
33;17;(3,18);;<1, 2, 0, 0, 2>
33;18;(2,18);outputNeighborhood;<1, 2, 0, 0, 2>
33;18;(2,18);;<1, 2, 0, 0, 2>
33;19;(18,17);;<0, 0, 0, 0, 0>
33;20;(17,17);;<1, 0, 0, 0, 1>
33;21;(15,17);outputNeighborhood;<1, 2, 0, 0, 2>
33;21;(15,17);;<1, 2, 0, 0, 2>
33;22;(14,17);;<1, 2, 0, 0, 2>
33;24;(10,17);;<1, 2, 0, 0, 2>
33;25;(7,17);;<0, 0, 0, 0, 0>
33;26;(5,17);;<1, 0, 0, 0, 1>
33;27;(3,17);;<1, 2, 0, 0, 2>
33;28;(2,17);outputNeighborhood;<1, 0, 0, 0, 1>
33;28;(2,17);;<1, 2, 0, 0, 2>
33;29;(0,17);;<0, 0, 0, 0, 0>
33;30;(19,16);;<0, 0, 0, 0, 0>
33;31;(18,16);;<1, 0, 0, 0, 1>
33;32;(17,16);outputNeighborhood;<1, 0, 0, 0, 1>
33;32;(17,16);;<1, 2, 0, 0, 2>
33;34;(7,18);;<0, 0, 0, 0, 0>
33;35;(9,16);outputNeighborhood;<1, 2, 0, 0, 2>
33;35;(9,16);;<1, 2, 0, 0, 2>
33;36;(7,16);;<1, 0, 0, 0, 1>
33;37;(5,16);;<0, 0, 0, 0, 0>
33;38;(4,16);;<0, 0, 0, 0, 0>
33;39;(1,16);;<0, 0, 0, 0, 0>
33;40;(0,16);;<0, 0, 0, 0, 0>
33;41;(19,15);outputNeighborhood;<1, 0, 0, 0, 1>
33;41;(19,15);;<1, 2, 0, 0, 2>
33;42;(16,15);;<1, 2, 0, 0, 2>
33;45;(9,15);outputNeighborhood;<1, 2, 0, 0, 2>
33;45;(9,15);;<1, 2, 0, 0, 2>
33;46;(6,15);;<1, 0, 0, 0, 1>
33;47;(5,15);;<0, 0, 0, 0, 0>
33;48;(4,15);;<0, 0, 0, 0, 0>
33;49;(2,15);;<0, 0, 0, 0, 0>
33;50;(1,15);;<0, 0, 0, 0, 0>
33;51;(7,15);outputNeighborhood;<1, 0, 0, 0, 1>
33;51;(7,15);;<1, 2, 0, 0, 2>
33;54;(11,14);;<1, 2, 0, 0, 2>
33;55;(10,14);;<1, 2, 0, 0, 2>
33;56;(9,14);outputNeighborhood;<1, 2, 0, 0, 2>
33;56;(9,14);;<1, 2, 0, 0, 2>
33;57;(6,14);;<1, 2, 0, 0, 2>
33;61;(8,15);outputNeighborhood;<1, 2, 0, 0, 2>
33;61;(8,15);;<1, 2, 0, 0, 2>
33;63;(8,17);;<1, 0, 0, 0, 1>
33;64;(18,13);;<1, 2, 0, 0, 2>
33;70;(11,13);;<1, 2, 0, 0, 2>
33;71;(9,13);outputNeighborhood;<1, 2, 0, 0, 2>
33;71;(9,13);;<1, 2, 0, 0, 2>
33;72;(8,13);;<1, 2, 0, 0, 2>
33;73;(7,13);;<1, 2, 0, 0, 2>
33;75;(0,15);;<1, 0, 0, 0, 1>
33;83;(10,19);;<1, 2, 0, 0, 2>
33;88;(19,13);;<1, 2, 0, 0, 2>
33;93;(8,16);outputNeighborhood;<1, 0, 0, 0, 1>
33;93;(8,16);;<1, 2, 0, 0, 2>
33;96;(18,14);;<1, 2, 0, 0, 2>
33;104;(9,18);;<1, 2, 0, 0, 2>
33;105;(1,18);outputNeighborhood;<1, 2, 0, 0, 2>
33;105;(1,18);;<1, 2, 0, 0, 2>
33;108;(8,2);;<1, 2, 0, 0, 2>
33;109;(16,19);;<1, 2, 0, 0, 2>
33;112;(6,0);outputNeighborhood;<1, 2, 0, 0, 2>
33;112;(6,0);;<1, 2, 0, 0, 2>
33;121;(16,17);outputNeighborhood;<1, 0, 0, 0, 1>
33;121;(16,17);;<1, 2, 0, 0, 2>
33;125;(4,19);;<1, 2, 0, 0, 2>
33;129;(9,3);;<1, 2, 0, 0, 2>
33;136;(16,14);;<1, 2, 0, 0, 2>
33;140;(7,1);;<1, 2, 0, 0, 2>
33;151;(19,17);;<0, 0, 0, 0, 0>
33;154;(15,16);;<1, 2, 0, 0, 2>
33;155;(6,1);;<1, 2, 0, 0, 2>
33;158;(8,1);outputNeighborhood;<1, 2, 0, 0, 2>
33;158;(8,1);;<1, 2, 0, 0, 2>
33;159;(7,2);;<1, 2, 0, 0, 2>
33;160;(11,16);;<1, 2, 0, 0, 2>
33;162;(5,1);;<1, 2, 0, 0, 2>
33;163;(15,18);;<1, 2, 0, 0, 2>
33;168;(14,16);;<1, 2, 0, 0, 2>
33;170;(9,0);outputNeighborhood;<1, 2, 0, 0, 2>
33;170;(9,0);;<1, 2, 0, 0, 2>
33;174;(1,17);;<1, 0, 0, 0, 1>
33;181;(1,19);;<1, 2, 0, 0, 2>
33;182;(15,15);;<1, 2, 0, 0, 2>
33;187;(1,0);;<1, 2, 0, 0, 2>
33;193;(16,16);outputNeighborhood;<1, 2, 0, 0, 2>
33;193;(16,16);;<1, 2, 0, 0, 2>
33;195;(10,13);;<1, 2, 0, 0, 2>
33;196;(9,4);;<1, 2, 0, 0, 2>
33;204;(7,0);outputNeighborhood;<1, 0, 0, 0, 1>
33;204;(7,0);;<1, 2, 0, 0, 2>
33;206;(2,16);;<0, 0, 0, 0, 0>
33;208;(9,19);;<1, 2, 0, 0, 2>
33;209;(8,19);;<1, 0, 0, 0, 1>
33;213;(11,15);;<1, 2, 0, 0, 2>
33;216;(5,0);;<1, 2, 0, 0, 2>
33;219;(3,16);;<0, 0, 0, 0, 0>
33;222;(10,0);;<1, 2, 0, 0, 2>
33;225;(8,0);outputNeighborhood;<1, 0, 0, 0, 1>
33;225;(8,0);;<1, 2, 0, 0, 2>
33;229;(9,17);;<1, 2, 0, 0, 2>
33;230;(10,3);;<1, 2, 0, 0, 2>
33;232;(18,15);outputNeighborhood;<1, 2, 0, 0, 2>
33;232;(18,15);;<1, 2, 0, 0, 2>
33;236;(4,0);;<1, 2, 0, 0, 2>
33;241;(11,1);;<1, 2, 0, 0, 2>
33;242;(10,1);;<1, 2, 0, 0, 2>
33;251;(6,16);;<0, 0, 0, 0, 0>
33;257;(9,2);outputNeighborhood;<1, 2, 0, 0, 2>
33;257;(9,2);;<1, 2, 0, 0, 2>
33;258;(11,0);;<1, 2, 0, 0, 2>
33;259;(0,0);;<1, 2, 0, 0, 2>
33;261;(0,14);;<1, 2, 0, 0, 2>
33;268;(4,17);outputNeighborhood;<1, 0, 0, 0, 1>
33;268;(4,17);;<1, 2, 0, 0, 2>
33;270;(6,2);;<1, 2, 0, 0, 2>
33;271;(10,16);;<1, 2, 0, 0, 2>
33;273;(2,0);;<1, 2, 0, 0, 2>
33;277;(7,14);;<1, 2, 0, 0, 2>
33;280;(10,2);;<1, 2, 0, 0, 2>
33;281;(11,2);;<1, 2, 0, 0, 2>
33;282;(6,17);;<0, 0, 0, 0, 0>
33;283;(19,14);;<1, 2, 0, 0, 2>
33;287;(0,18);outputNeighborhood;<1, 0, 0, 0, 1>
33;287;(0,18);;<1, 2, 0, 0, 2>
33;288;(9,1);outputNeighborhood;<1, 0, 0, 0, 1>
33;288;(9,1);;<1, 2, 0, 0, 2>
33;291;(7,19);;<1, 0, 0, 0, 1>
33;296;(10,15);;<1, 2, 0, 0, 2>
33;298;(17,18);;<1, 2, 0, 0, 2>
33;299;(19,0);;<1, 2, 0, 0, 2>
33;302;(8,12);;<1, 2, 0, 0, 2>
33;310;(8,14);;<1, 2, 0, 0, 2>
33;319;(17,14);;<1, 2, 0, 0, 2>
33;325;(3,19);;<1, 2, 0, 0, 2>
33;329;(8,3);;<1, 2, 0, 0, 2>
33;334;(16,18);;<1, 2, 0, 0, 2>
33;338;(17,15);;<1, 2, 0, 0, 2>
33;356;(5,18);outputNeighborhood;<1, 0, 0, 0, 1>
33;356;(5,18);;<1, 2, 0, 0, 2>
33;361;(13,17);;<1, 2, 0, 0, 2>
33;371;(9,11);;<1, 2, 0, 0, 2>
33;377;(18,18);;<1, 2, 0, 0, 2>
33;384;(9,12);;<1, 2, 0, 0, 2>
33;396;(10,12);;<1, 2, 0, 0, 2>
34;1;(19,19);;<1, 2, 0, 0, 2>
34;3;(17,19);;<1, 2, 0, 0, 2>
34;6;(6,19);outputNeighborhood;<1, 2, 0, 0, 2>
34;6;(6,19);;<1, 2, 0, 0, 2>
34;7;(5,19);;<1, 2, 0, 0, 2>
34;8;(2,19);;<1, 2, 0, 0, 2>
34;9;(0,19);;<1, 2, 0, 0, 2>
34;10;(19,18);;<1, 2, 0, 0, 2>
34;14;(8,18);;<1, 0, 0, 0, 1>
34;15;(6,18);outputNeighborhood;<1, 0, 0, 0, 1>
34;15;(6,18);;<1, 2, 0, 0, 2>
34;16;(4,18);;<1, 2, 0, 0, 2>
34;17;(3,18);;<1, 2, 0, 0, 2>
34;18;(2,18);;<1, 2, 0, 0, 2>
34;19;(18,17);;<1, 0, 0, 0, 1>
34;20;(17,17);outputNeighborhood;<1, 0, 0, 0, 1>
34;20;(17,17);;<1, 2, 0, 0, 2>
34;21;(15,17);;<1, 2, 0, 0, 2>
34;22;(14,17);;<1, 2, 0, 0, 2>
34;24;(10,17);;<1, 2, 0, 0, 2>
34;25;(7,17);;<1, 0, 0, 0, 1>
34;26;(5,17);outputNeighborhood;<1, 0, 0, 0, 1>
34;26;(5,17);;<1, 2, 0, 0, 2>
34;27;(3,17);outputNeighborhood;<1, 2, 0, 0, 2>
34;27;(3,17);;<1, 2, 0, 0, 2>
34;28;(2,17);outputNeighborhood;<1, 2, 0, 0, 2>
34;28;(2,17);;<1, 2, 0, 0, 2>
34;29;(0,17);;<1, 0, 0, 0, 1>
34;30;(19,16);;<1, 0, 0, 0, 1>
34;31;(18,16);outputNeighborhood;<1, 0, 0, 0, 1>
34;31;(18,16);;<1, 2, 0, 0, 2>
34;32;(17,16);outputNeighborhood;<1, 2, 0, 0, 2>
34;32;(17,16);;<1, 2, 0, 0, 2>
34;34;(7,18);;<1, 0, 0, 0, 1>
34;35;(9,16);;<1, 2, 0, 0, 2>
34;36;(7,16);outputNeighborhood;<1, 0, 0, 0, 1>
34;36;(7,16);;<1, 2, 0, 0, 2>
34;37;(5,16);;<0, 0, 0, 0, 0>
34;38;(4,16);;<0, 0, 0, 0, 0>
34;39;(1,16);;<0, 0, 0, 0, 0>
34;40;(0,16);;<0, 0, 0, 0, 0>
34;41;(19,15);outputNeighborhood;<1, 2, 0, 0, 2>
34;41;(19,15);;<1, 2, 0, 0, 2>
34;42;(16,15);;<1, 2, 0, 0, 2>
34;45;(9,15);;<1, 2, 0, 0, 2>
34;46;(6,15);outputNeighborhood;<1, 0, 0, 0, 1>
34;46;(6,15);;<1, 2, 0, 0, 2>
34;47;(5,15);;<1, 0, 0, 0, 1>
34;48;(4,15);;<0, 0, 0, 0, 0>
34;49;(2,15);;<0, 0, 0, 0, 0>
34;50;(1,15);;<1, 0, 0, 0, 1>
34;51;(7,15);outputNeighborhood;<1, 2, 0, 0, 2>
34;51;(7,15);;<1, 2, 0, 0, 2>
34;57;(6,14);;<1, 2, 0, 0, 2>
34;58;(5,14);;<1, 2, 0, 0, 2>
34;61;(8,15);;<1, 2, 0, 0, 2>
34;63;(8,17);outputNeighborhood;<1, 0, 0, 0, 1>
34;63;(8,17);;<1, 2, 0, 0, 2>
34;73;(7,13);;<1, 2, 0, 0, 2>
34;75;(0,15);outputNeighborhood;<1, 0, 0, 0, 1>
34;75;(0,15);;<1, 2, 0, 0, 2>
34;83;(10,19);;<1, 2, 0, 0, 2>
34;88;(19,13);;<1, 2, 0, 0, 2>
34;93;(8,16);outputNeighborhood;<1, 2, 0, 0, 2>
34;93;(8,16);;<1, 2, 0, 0, 2>
34;96;(18,14);;<1, 2, 0, 0, 2>
34;104;(9,18);;<1, 2, 0, 0, 2>
34;105;(1,18);;<1, 2, 0, 0, 2>
34;108;(8,2);;<1, 2, 0, 0, 2>
34;109;(16,19);;<1, 2, 0, 0, 2>
34;112;(6,0);;<1, 2, 0, 0, 2>
34;121;(16,17);outputNeighborhood;<1, 2, 0, 0, 2>
34;121;(16,17);;<1, 2, 0, 0, 2>
34;125;(4,19);;<1, 2, 0, 0, 2>
34;129;(9,3);;<1, 2, 0, 0, 2>
34;140;(7,1);;<1, 2, 0, 0, 2>
34;143;(6,13);;<1, 2, 0, 0, 2>
34;151;(19,17);;<0, 0, 0, 0, 0>
34;154;(15,16);;<1, 2, 0, 0, 2>
34;155;(6,1);;<1, 2, 0, 0, 2>
34;158;(8,1);;<1, 2, 0, 0, 2>
34;159;(7,2);;<1, 2, 0, 0, 2>
34;163;(15,18);;<1, 2, 0, 0, 2>
34;170;(9,0);;<1, 2, 0, 0, 2>
34;174;(1,17);outputNeighborhood;<1, 0, 0, 0, 1>
34;174;(1,17);;<1, 2, 0, 0, 2>
34;181;(1,19);;<1, 2, 0, 0, 2>
34;193;(16,16);;<1, 2, 0, 0, 2>
34;200;(3,15);;<0, 0, 0, 0, 0>
34;204;(7,0);outputNeighborhood;<1, 2, 0, 0, 2>
34;204;(7,0);;<1, 2, 0, 0, 2>
34;206;(2,16);;<0, 0, 0, 0, 0>
34;208;(9,19);;<1, 2, 0, 0, 2>
34;209;(8,19);outputNeighborhood;<1, 0, 0, 0, 1>
34;209;(8,19);;<1, 2, 0, 0, 2>
34;216;(5,0);;<1, 2, 0, 0, 2>
34;219;(3,16);;<0, 0, 0, 0, 0>
34;220;(0,13);;<1, 2, 0, 0, 2>
34;222;(10,0);;<1, 2, 0, 0, 2>
34;225;(8,0);outputNeighborhood;<1, 2, 0, 0, 2>
34;225;(8,0);;<1, 2, 0, 0, 2>
34;229;(9,17);;<1, 2, 0, 0, 2>
34;232;(18,15);;<1, 2, 0, 0, 2>
34;241;(11,1);;<1, 2, 0, 0, 2>
34;242;(10,1);;<1, 2, 0, 0, 2>
34;251;(6,16);;<1, 0, 0, 0, 1>
34;257;(9,2);;<1, 2, 0, 0, 2>
34;259;(0,0);;<1, 2, 0, 0, 2>
34;261;(0,14);;<1, 2, 0, 0, 2>
34;268;(4,17);outputNeighborhood;<1, 2, 0, 0, 2>
34;268;(4,17);;<1, 2, 0, 0, 2>
34;271;(10,16);;<1, 2, 0, 0, 2>
34;277;(7,14);;<1, 2, 0, 0, 2>
34;280;(10,2);;<1, 2, 0, 0, 2>
34;282;(6,17);;<1, 0, 0, 0, 1>
34;283;(19,14);;<1, 2, 0, 0, 2>
34;287;(0,18);outputNeighborhood;<1, 2, 0, 0, 2>
34;287;(0,18);;<1, 2, 0, 0, 2>
34;288;(9,1);outputNeighborhood;<1, 2, 0, 0, 2>
34;288;(9,1);;<1, 2, 0, 0, 2>
34;291;(7,19);outputNeighborhood;<1, 0, 0, 0, 1>
34;291;(7,19);;<1, 2, 0, 0, 2>
34;298;(17,18);;<1, 2, 0, 0, 2>
34;310;(8,14);;<1, 2, 0, 0, 2>
34;319;(17,14);;<1, 2, 0, 0, 2>
34;325;(3,19);;<1, 2, 0, 0, 2>
34;334;(16,18);;<1, 2, 0, 0, 2>
34;338;(17,15);;<1, 2, 0, 0, 2>
34;356;(5,18);outputNeighborhood;<1, 2, 0, 0, 2>
34;356;(5,18);;<1, 2, 0, 0, 2>
34;362;(1,14);;<1, 2, 0, 0, 2>
34;377;(18,18);;<1, 2, 0, 0, 2>
35;2;(18,19);;<1, 2, 0, 0, 2>
35;3;(17,19);;<1, 2, 0, 0, 2>
35;6;(6,19);;<1, 2, 0, 0, 2>
35;7;(5,19);;<1, 2, 0, 0, 2>
35;9;(0,19);;<1, 2, 0, 0, 2>
35;10;(19,18);;<1, 2, 0, 0, 2>
35;14;(8,18);outputNeighborhood;<1, 0, 0, 0, 1>
35;14;(8,18);;<1, 2, 0, 0, 2>
35;15;(6,18);outputNeighborhood;<1, 2, 0, 0, 2>
35;15;(6,18);;<1, 2, 0, 0, 2>
35;16;(4,18);;<1, 2, 0, 0, 2>
35;18;(2,18);;<1, 2, 0, 0, 2>
35;19;(18,17);outputNeighborhood;<1, 0, 0, 0, 1>
35;19;(18,17);;<1, 2, 0, 0, 2>
35;20;(17,17);outputNeighborhood;<1, 2, 0, 0, 2>
35;20;(17,17);;<1, 2, 0, 0, 2>
35;21;(15,17);;<1, 2, 0, 0, 2>
35;24;(10,17);;<1, 2, 0, 0, 2>
35;25;(7,17);outputNeighborhood;<1, 0, 0, 0, 1>
35;25;(7,17);;<1, 2, 0, 0, 2>
35;26;(5,17);outputNeighborhood;<1, 2, 0, 0, 2>
35;26;(5,17);;<1, 2, 0, 0, 2>
35;27;(3,17);;<1, 2, 0, 0, 2>
35;28;(2,17);;<1, 2, 0, 0, 2>
35;29;(0,17);outputNeighborhood;<1, 0, 0, 0, 1>
35;29;(0,17);;<1, 2, 0, 0, 2>
35;30;(19,16);outputNeighborhood;<1, 0, 0, 0, 1>
35;30;(19,16);;<1, 2, 0, 0, 2>
35;31;(18,16);outputNeighborhood;<1, 2, 0, 0, 2>
35;31;(18,16);;<1, 2, 0, 0, 2>
35;32;(17,16);;<1, 2, 0, 0, 2>
35;34;(7,18);outputNeighborhood;<1, 0, 0, 0, 1>
35;34;(7,18);;<1, 2, 0, 0, 2>
35;35;(9,16);;<1, 2, 0, 0, 2>
35;36;(7,16);outputNeighborhood;<1, 2, 0, 0, 2>
35;36;(7,16);;<1, 2, 0, 0, 2>
35;37;(5,16);;<1, 0, 0, 0, 1>
35;38;(4,16);;<0, 0, 0, 0, 0>
35;39;(1,16);;<1, 0, 0, 0, 1>
35;40;(0,16);;<1, 0, 0, 0, 1>
35;41;(19,15);;<1, 2, 0, 0, 2>
35;46;(6,15);outputNeighborhood;<1, 2, 0, 0, 2>
35;46;(6,15);;<1, 2, 0, 0, 2>
35;47;(5,15);outputNeighborhood;<1, 0, 0, 0, 1>
35;47;(5,15);;<1, 2, 0, 0, 2>
35;48;(4,15);;<1, 0, 0, 0, 1>
35;49;(2,15);;<1, 0, 0, 0, 1>
35;50;(1,15);outputNeighborhood;<1, 0, 0, 0, 1>
35;50;(1,15);;<1, 2, 0, 0, 2>
35;51;(7,15);;<1, 2, 0, 0, 2>
35;57;(6,14);;<1, 2, 0, 0, 2>
35;58;(5,14);;<1, 2, 0, 0, 2>
35;59;(4,14);;<1, 2, 0, 0, 2>
35;61;(8,15);;<1, 2, 0, 0, 2>
35;62;(2,14);;<1, 2, 0, 0, 2>
35;63;(8,17);outputNeighborhood;<1, 2, 0, 0, 2>
35;63;(8,17);;<1, 2, 0, 0, 2>
35;74;(5,13);;<1, 2, 0, 0, 2>
35;75;(0,15);outputNeighborhood;<1, 2, 0, 0, 2>
35;75;(0,15);;<1, 2, 0, 0, 2>
35;79;(1,13);;<1, 2, 0, 0, 2>
35;83;(10,19);;<1, 2, 0, 0, 2>
35;93;(8,16);;<1, 2, 0, 0, 2>
35;96;(18,14);;<1, 2, 0, 0, 2>
35;104;(9,18);;<1, 2, 0, 0, 2>
35;105;(1,18);;<1, 2, 0, 0, 2>
35;112;(6,0);;<1, 2, 0, 0, 2>
35;121;(16,17);;<1, 2, 0, 0, 2>
35;140;(7,1);;<1, 2, 0, 0, 2>
35;143;(6,13);;<1, 2, 0, 0, 2>
35;151;(19,17);;<1, 0, 0, 0, 1>
35;158;(8,1);;<1, 2, 0, 0, 2>
35;170;(9,0);;<1, 2, 0, 0, 2>
35;174;(1,17);outputNeighborhood;<1, 2, 0, 0, 2>
35;174;(1,17);;<1, 2, 0, 0, 2>
35;181;(1,19);;<1, 2, 0, 0, 2>
35;184;(10,18);;<1, 2, 0, 0, 2>
35;193;(16,16);;<1, 2, 0, 0, 2>
35;200;(3,15);;<0, 0, 0, 0, 0>
35;204;(7,0);;<1, 2, 0, 0, 2>
35;206;(2,16);;<0, 0, 0, 0, 0>
35;208;(9,19);;<1, 2, 0, 0, 2>
35;209;(8,19);outputNeighborhood;<1, 2, 0, 0, 2>
35;209;(8,19);;<1, 2, 0, 0, 2>
35;220;(0,13);;<1, 2, 0, 0, 2>
35;225;(8,0);;<1, 2, 0, 0, 2>
35;229;(9,17);;<1, 2, 0, 0, 2>
35;232;(18,15);;<1, 2, 0, 0, 2>
35;251;(6,16);outputNeighborhood;<1, 0, 0, 0, 1>
35;251;(6,16);;<1, 2, 0, 0, 2>
35;261;(0,14);;<1, 2, 0, 0, 2>
35;268;(4,17);;<1, 2, 0, 0, 2>
35;277;(7,14);;<1, 2, 0, 0, 2>
35;282;(6,17);outputNeighborhood;<1, 0, 0, 0, 1>
35;282;(6,17);;<1, 2, 0, 0, 2>
35;283;(19,14);;<1, 2, 0, 0, 2>
35;287;(0,18);;<1, 2, 0, 0, 2>
35;291;(7,19);outputNeighborhood;<1, 2, 0, 0, 2>
35;291;(7,19);;<1, 2, 0, 0, 2>
35;298;(17,18);;<1, 2, 0, 0, 2>
35;334;(16,18);;<1, 2, 0, 0, 2>
35;338;(17,15);;<1, 2, 0, 0, 2>
35;356;(5,18);;<1, 2, 0, 0, 2>
35;362;(1,14);;<1, 2, 0, 0, 2>
35;377;(18,18);;<1, 2, 0, 0, 2>
36;1;(19,19);;<1, 2, 0, 0, 2>
36;2;(18,19);;<1, 2, 0, 0, 2>
36;6;(6,19);;<1, 2, 0, 0, 2>
36;9;(0,19);;<1, 2, 0, 0, 2>
36;10;(19,18);;<1, 2, 0, 0, 2>
36;14;(8,18);outputNeighborhood;<1, 2, 0, 0, 2>
36;14;(8,18);;<1, 2, 0, 0, 2>
36;15;(6,18);;<1, 2, 0, 0, 2>
36;19;(18,17);outputNeighborhood;<1, 2, 0, 0, 2>
36;19;(18,17);;<1, 2, 0, 0, 2>
36;20;(17,17);;<1, 2, 0, 0, 2>
36;25;(7,17);outputNeighborhood;<1, 2, 0, 0, 2>
36;25;(7,17);;<1, 2, 0, 0, 2>
36;26;(5,17);;<1, 2, 0, 0, 2>
36;28;(2,17);;<1, 2, 0, 0, 2>
36;29;(0,17);outputNeighborhood;<1, 2, 0, 0, 2>
36;29;(0,17);;<1, 2, 0, 0, 2>
36;30;(19,16);outputNeighborhood;<1, 2, 0, 0, 2>
36;30;(19,16);;<1, 2, 0, 0, 2>
36;31;(18,16);;<1, 2, 0, 0, 2>
36;32;(17,16);;<1, 2, 0, 0, 2>
36;34;(7,18);outputNeighborhood;<1, 2, 0, 0, 2>
36;34;(7,18);;<1, 2, 0, 0, 2>
36;36;(7,16);;<1, 2, 0, 0, 2>
36;37;(5,16);outputNeighborhood;<1, 0, 0, 0, 1>
36;37;(5,16);;<1, 2, 0, 0, 2>
36;38;(4,16);;<1, 0, 0, 0, 1>
36;39;(1,16);outputNeighborhood;<1, 0, 0, 0, 1>
36;39;(1,16);;<1, 2, 0, 0, 2>
36;40;(0,16);outputNeighborhood;<1, 0, 0, 0, 1>
36;40;(0,16);;<1, 2, 0, 0, 2>
36;41;(19,15);;<1, 2, 0, 0, 2>
36;46;(6,15);;<1, 2, 0, 0, 2>
36;47;(5,15);outputNeighborhood;<1, 2, 0, 0, 2>
36;47;(5,15);;<1, 2, 0, 0, 2>
36;48;(4,15);outputNeighborhood;<1, 0, 0, 0, 1>
36;48;(4,15);;<1, 2, 0, 0, 2>
36;49;(2,15);outputNeighborhood;<1, 0, 0, 0, 1>
36;49;(2,15);;<1, 2, 0, 0, 2>
36;50;(1,15);outputNeighborhood;<1, 2, 0, 0, 2>
36;50;(1,15);;<1, 2, 0, 0, 2>
36;51;(7,15);;<1, 2, 0, 0, 2>
36;57;(6,14);;<1, 2, 0, 0, 2>
36;58;(5,14);;<1, 2, 0, 0, 2>
36;59;(4,14);;<1, 2, 0, 0, 2>
36;60;(3,14);;<1, 2, 0, 0, 2>
36;62;(2,14);;<1, 2, 0, 0, 2>
36;63;(8,17);;<1, 2, 0, 0, 2>
36;74;(5,13);;<1, 2, 0, 0, 2>
36;75;(0,15);;<1, 2, 0, 0, 2>
36;76;(4,13);;<1, 2, 0, 0, 2>
36;78;(2,13);;<1, 2, 0, 0, 2>
36;79;(1,13);;<1, 2, 0, 0, 2>
36;93;(8,16);;<1, 2, 0, 0, 2>
36;104;(9,18);;<1, 2, 0, 0, 2>
36;105;(1,18);;<1, 2, 0, 0, 2>
36;121;(16,17);;<1, 2, 0, 0, 2>
36;151;(19,17);outputNeighborhood;<1, 0, 0, 0, 1>
36;151;(19,17);;<1, 2, 0, 0, 2>
36;174;(1,17);;<1, 2, 0, 0, 2>
36;184;(10,18);;<1, 2, 0, 0, 2>
36;200;(3,15);;<1, 0, 0, 0, 1>
36;204;(7,0);;<1, 2, 0, 0, 2>
36;206;(2,16);;<1, 0, 0, 0, 1>
36;208;(9,19);;<1, 2, 0, 0, 2>
36;209;(8,19);;<1, 2, 0, 0, 2>
36;219;(3,16);;<0, 0, 0, 0, 0>
36;225;(8,0);;<1, 2, 0, 0, 2>
36;229;(9,17);;<1, 2, 0, 0, 2>
36;232;(18,15);;<1, 2, 0, 0, 2>
36;251;(6,16);outputNeighborhood;<1, 2, 0, 0, 2>
36;251;(6,16);;<1, 2, 0, 0, 2>
36;261;(0,14);;<1, 2, 0, 0, 2>
36;268;(4,17);;<1, 2, 0, 0, 2>
36;282;(6,17);outputNeighborhood;<1, 2, 0, 0, 2>
36;282;(6,17);;<1, 2, 0, 0, 2>
36;283;(19,14);;<1, 2, 0, 0, 2>
36;287;(0,18);;<1, 2, 0, 0, 2>
36;291;(7,19);;<1, 2, 0, 0, 2>
36;298;(17,18);;<1, 2, 0, 0, 2>
36;356;(5,18);;<1, 2, 0, 0, 2>
36;362;(1,14);;<1, 2, 0, 0, 2>
36;377;(18,18);;<1, 2, 0, 0, 2>
37;1;(19,19);;<1, 2, 0, 0, 2>
37;10;(19,18);;<1, 2, 0, 0, 2>
37;16;(4,18);;<1, 2, 0, 0, 2>
37;18;(2,18);;<1, 2, 0, 0, 2>
37;19;(18,17);;<1, 2, 0, 0, 2>
37;20;(17,17);;<1, 2, 0, 0, 2>
37;26;(5,17);;<1, 2, 0, 0, 2>
37;27;(3,17);;<1, 2, 0, 0, 2>
37;28;(2,17);;<1, 2, 0, 0, 2>
37;29;(0,17);;<1, 2, 0, 0, 2>
37;30;(19,16);;<1, 2, 0, 0, 2>
37;31;(18,16);;<1, 2, 0, 0, 2>
37;36;(7,16);;<1, 2, 0, 0, 2>
37;37;(5,16);outputNeighborhood;<1, 2, 0, 0, 2>
37;37;(5,16);;<1, 2, 0, 0, 2>
37;38;(4,16);outputNeighborhood;<1, 0, 0, 0, 1>
37;38;(4,16);;<1, 2, 0, 0, 2>
37;39;(1,16);outputNeighborhood;<1, 2, 0, 0, 2>
37;39;(1,16);;<1, 2, 0, 0, 2>
37;40;(0,16);outputNeighborhood;<1, 2, 0, 0, 2>
37;40;(0,16);;<1, 2, 0, 0, 2>
37;41;(19,15);;<1, 2, 0, 0, 2>
37;46;(6,15);;<1, 2, 0, 0, 2>
37;47;(5,15);;<1, 2, 0, 0, 2>
37;48;(4,15);outputNeighborhood;<1, 2, 0, 0, 2>
37;48;(4,15);;<1, 2, 0, 0, 2>
37;49;(2,15);outputNeighborhood;<1, 2, 0, 0, 2>
37;49;(2,15);;<1, 2, 0, 0, 2>
37;50;(1,15);;<1, 2, 0, 0, 2>
37;58;(5,14);;<1, 2, 0, 0, 2>
37;59;(4,14);;<1, 2, 0, 0, 2>
37;60;(3,14);;<1, 2, 0, 0, 2>
37;62;(2,14);;<1, 2, 0, 0, 2>
37;75;(0,15);;<1, 2, 0, 0, 2>
37;76;(4,13);;<1, 2, 0, 0, 2>
37;77;(3,13);;<1, 2, 0, 0, 2>
37;78;(2,13);;<1, 2, 0, 0, 2>
37;105;(1,18);;<1, 2, 0, 0, 2>
37;151;(19,17);outputNeighborhood;<1, 2, 0, 0, 2>
37;151;(19,17);;<1, 2, 0, 0, 2>
37;174;(1,17);;<1, 2, 0, 0, 2>
37;200;(3,15);outputNeighborhood;<1, 0, 0, 0, 1>
37;200;(3,15);;<1, 2, 0, 0, 2>
37;206;(2,16);outputNeighborhood;<1, 0, 0, 0, 1>
37;206;(2,16);;<1, 2, 0, 0, 2>
37;219;(3,16);;<1, 0, 0, 0, 1>
37;251;(6,16);;<1, 2, 0, 0, 2>
37;261;(0,14);;<1, 2, 0, 0, 2>
37;268;(4,17);;<1, 2, 0, 0, 2>
37;282;(6,17);;<1, 2, 0, 0, 2>
37;287;(0,18);;<1, 2, 0, 0, 2>
37;356;(5,18);;<1, 2, 0, 0, 2>
37;362;(1,14);;<1, 2, 0, 0, 2>
37;377;(18,18);;<1, 2, 0, 0, 2>
38;16;(4,18);;<1, 2, 0, 0, 2>
38;17;(3,18);;<1, 2, 0, 0, 2>
38;18;(2,18);;<1, 2, 0, 0, 2>
38;26;(5,17);;<1, 2, 0, 0, 2>
38;27;(3,17);;<1, 2, 0, 0, 2>
38;28;(2,17);;<1, 2, 0, 0, 2>
38;37;(5,16);;<1, 2, 0, 0, 2>
38;38;(4,16);outputNeighborhood;<1, 2, 0, 0, 2>
38;38;(4,16);;<1, 2, 0, 0, 2>
38;39;(1,16);;<1, 2, 0, 0, 2>
38;40;(0,16);;<1, 2, 0, 0, 2>
38;47;(5,15);;<1, 2, 0, 0, 2>
38;48;(4,15);;<1, 2, 0, 0, 2>
38;49;(2,15);;<1, 2, 0, 0, 2>
38;50;(1,15);;<1, 2, 0, 0, 2>
38;59;(4,14);;<1, 2, 0, 0, 2>
38;60;(3,14);;<1, 2, 0, 0, 2>
38;62;(2,14);;<1, 2, 0, 0, 2>
38;77;(3,13);;<1, 2, 0, 0, 2>
38;174;(1,17);;<1, 2, 0, 0, 2>
38;200;(3,15);outputNeighborhood;<1, 2, 0, 0, 2>
38;200;(3,15);;<1, 2, 0, 0, 2>
38;206;(2,16);outputNeighborhood;<1, 2, 0, 0, 2>
38;206;(2,16);;<1, 2, 0, 0, 2>
38;219;(3,16);outputNeighborhood;<1, 0, 0, 0, 1>
38;219;(3,16);;<1, 2, 0, 0, 2>
38;251;(6,16);;<1, 2, 0, 0, 2>
38;268;(4,17);;<1, 2, 0, 0, 2>
39;17;(3,18);;<1, 2, 0, 0, 2>
39;27;(3,17);;<1, 2, 0, 0, 2>
39;28;(2,17);;<1, 2, 0, 0, 2>
39;37;(5,16);;<1, 2, 0, 0, 2>
39;38;(4,16);;<1, 2, 0, 0, 2>
39;39;(1,16);;<1, 2, 0, 0, 2>
39;48;(4,15);;<1, 2, 0, 0, 2>
39;49;(2,15);;<1, 2, 0, 0, 2>
39;60;(3,14);;<1, 2, 0, 0, 2>
39;200;(3,15);;<1, 2, 0, 0, 2>
39;206;(2,16);;<1, 2, 0, 0, 2>
39;219;(3,16);outputNeighborhood;<1, 2, 0, 0, 2>
39;219;(3,16);;<1, 2, 0, 0, 2>
39;268;(4,17);;<1, 2, 0, 0, 2>
39;1;(19,19);;<1, 2, 0, 0, 2>
39;2;(18,19);;<1, 2, 0, 0, 2>
39;3;(17,19);;<1, 2, 0, 0, 2>
39;4;(15,19);;<1, 2, 0, 0, 2>
39;5;(14,19);;<1, 2, 0, 0, 2>
39;6;(6,19);;<1, 2, 0, 0, 2>
39;7;(5,19);;<1, 2, 0, 0, 2>
39;8;(2,19);;<1, 2, 0, 0, 2>
39;9;(0,19);;<1, 2, 0, 0, 2>
39;10;(19,18);;<1, 2, 0, 0, 2>
39;11;(14,18);;<1, 2, 0, 0, 2>
39;12;(12,18);;<1, 2, 0, 0, 2>
39;13;(11,18);;<1, 2, 0, 0, 2>
39;14;(8,18);;<1, 2, 0, 0, 2>
39;15;(6,18);;<1, 2, 0, 0, 2>
39;16;(4,18);;<1, 2, 0, 0, 2>
39;17;(3,18);;<1, 2, 0, 0, 2>
39;18;(2,18);;<1, 2, 0, 0, 2>
39;19;(18,17);;<1, 2, 0, 0, 2>
39;20;(17,17);;<1, 2, 0, 0, 2>
39;21;(15,17);;<1, 2, 0, 0, 2>
39;22;(14,17);;<1, 2, 0, 0, 2>
39;23;(11,17);;<1, 2, 0, 0, 2>
39;24;(10,17);;<1, 2, 0, 0, 2>
39;25;(7,17);;<1, 2, 0, 0, 2>
39;26;(5,17);;<1, 2, 0, 0, 2>
39;27;(3,17);;<1, 2, 0, 0, 2>
39;28;(2,17);;<1, 2, 0, 0, 2>
39;29;(0,17);;<1, 2, 0, 0, 2>
39;30;(19,16);;<1, 2, 0, 0, 2>
39;31;(18,16);;<1, 2, 0, 0, 2>
39;32;(17,16);;<1, 2, 0, 0, 2>
39;33;(12,16);;<1, 2, 0, 0, 2>
39;34;(7,18);;<1, 2, 0, 0, 2>
39;35;(9,16);;<1, 2, 0, 0, 2>
39;36;(7,16);;<1, 2, 0, 0, 2>
39;37;(5,16);;<1, 2, 0, 0, 2>
39;38;(4,16);;<1, 2, 0, 0, 2>
39;39;(1,16);;<1, 2, 0, 0, 2>
39;40;(0,16);;<1, 2, 0, 0, 2>
39;41;(19,15);;<1, 2, 0, 0, 2>
39;42;(16,15);;<1, 2, 0, 0, 2>
39;43;(14,15);;<1, 2, 0, 0, 2>
39;44;(13,15);;<1, 2, 0, 0, 2>
39;45;(9,15);;<1, 2, 0, 0, 2>
39;46;(6,15);;<1, 2, 0, 0, 2>
39;47;(5,15);;<1, 2, 0, 0, 2>
39;48;(4,15);;<1, 2, 0, 0, 2>
39;49;(2,15);;<1, 2, 0, 0, 2>
39;50;(1,15);;<1, 2, 0, 0, 2>
39;51;(7,15);;<1, 2, 0, 0, 2>
39;52;(14,14);;<1, 2, 0, 0, 2>
39;53;(12,14);;<1, 2, 0, 0, 2>
39;54;(11,14);;<1, 2, 0, 0, 2>
39;55;(10,14);;<1, 2, 0, 0, 2>
39;56;(9,14);;<1, 2, 0, 0, 2>
39;57;(6,14);;<1, 2, 0, 0, 2>
39;58;(5,14);;<1, 2, 0, 0, 2>
39;59;(4,14);;<1, 2, 0, 0, 2>
39;60;(3,14);;<1, 2, 0, 0, 2>
39;61;(8,15);;<1, 2, 0, 0, 2>
39;62;(2,14);;<1, 2, 0, 0, 2>
39;63;(8,17);;<1, 2, 0, 0, 2>
39;64;(18,13);;<1, 2, 0, 0, 2>
39;65;(16,13);;<1, 2, 0, 0, 2>
39;66;(15,13);;<1, 2, 0, 0, 2>
39;67;(14,13);;<1, 2, 0, 0, 2>
39;68;(13,13);;<1, 2, 0, 0, 2>
39;69;(12,13);;<1, 2, 0, 0, 2>
39;70;(11,13);;<1, 2, 0, 0, 2>
39;71;(9,13);;<1, 2, 0, 0, 2>
39;72;(8,13);;<1, 2, 0, 0, 2>
39;73;(7,13);;<1, 2, 0, 0, 2>
39;74;(5,13);;<1, 2, 0, 0, 2>
39;75;(0,15);;<1, 2, 0, 0, 2>
39;76;(4,13);;<1, 2, 0, 0, 2>
39;77;(3,13);;<1, 2, 0, 0, 2>
39;78;(2,13);;<1, 2, 0, 0, 2>
39;79;(1,13);;<1, 2, 0, 0, 2>
39;80;(19,12);;<1, 2, 0, 0, 2>
39;81;(18,12);;<1, 2, 0, 0, 2>
39;82;(17,12);;<1, 2, 0, 0, 2>
39;83;(10,19);;<1, 2, 0, 0, 2>
39;84;(6,6);;<1, 2, 0, 0, 2>
39;85;(12,0);;<1, 2, 0, 0, 2>
39;86;(18,5);;<1, 2, 0, 0, 2>
39;87;(17,5);;<1, 2, 0, 0, 2>
39;88;(19,13);;<1, 2, 0, 0, 2>
39;89;(15,5);;<1, 2, 0, 0, 2>
39;90;(13,12);;<1, 2, 0, 0, 2>
39;91;(10,5);;<1, 2, 0, 0, 2>
39;92;(7,5);;<1, 2, 0, 0, 2>
39;93;(8,16);;<1, 2, 0, 0, 2>
39;94;(5,4);;<1, 2, 0, 0, 2>
39;95;(4,12);;<1, 2, 0, 0, 2>
39;96;(18,14);;<1, 2, 0, 0, 2>
39;97;(1,12);;<1, 2, 0, 0, 2>
39;98;(18,3);;<1, 2, 0, 0, 2>
39;99;(9,10);;<1, 2, 0, 0, 2>
39;100;(2,8);;<1, 2, 0, 0, 2>
39;101;(19,4);;<1, 2, 0, 0, 2>
39;102;(6,4);;<1, 2, 0, 0, 2>
39;103;(18,4);;<1, 2, 0, 0, 2>
39;104;(9,18);;<1, 2, 0, 0, 2>
39;105;(1,18);;<1, 2, 0, 0, 2>
39;106;(10,9);;<1, 2, 0, 0, 2>
39;107;(16,4);;<1, 2, 0, 0, 2>
39;108;(8,2);;<1, 2, 0, 0, 2>
39;109;(16,19);;<1, 2, 0, 0, 2>
39;110;(13,2);;<1, 2, 0, 0, 2>
39;111;(7,4);;<1, 2, 0, 0, 2>
39;112;(6,0);;<1, 2, 0, 0, 2>
39;113;(18,2);;<1, 2, 0, 0, 2>
39;114;(4,4);;<1, 2, 0, 0, 2>
39;115;(0,5);;<1, 2, 0, 0, 2>
39;116;(11,19);;<1, 2, 0, 0, 2>
39;117;(14,7);;<1, 2, 0, 0, 2>
39;118;(3,4);;<1, 2, 0, 0, 2>
39;119;(1,4);;<1, 2, 0, 0, 2>
39;120;(3,12);;<1, 2, 0, 0, 2>
39;121;(16,17);;<1, 2, 0, 0, 2>
39;122;(19,3);;<1, 2, 0, 0, 2>
39;123;(13,6);;<1, 2, 0, 0, 2>
39;124;(1,1);;<1, 2, 0, 0, 2>
39;125;(4,19);;<1, 2, 0, 0, 2>
39;126;(13,3);;<1, 2, 0, 0, 2>
39;127;(17,10);;<1, 2, 0, 0, 2>
39;128;(15,3);;<1, 2, 0, 0, 2>
39;129;(9,3);;<1, 2, 0, 0, 2>
39;130;(6,3);;<1, 2, 0, 0, 2>
39;131;(5,3);;<1, 2, 0, 0, 2>
39;132;(6,5);;<1, 2, 0, 0, 2>
39;133;(16,9);;<1, 2, 0, 0, 2>
39;134;(17,3);;<1, 2, 0, 0, 2>
39;135;(0,10);;<1, 2, 0, 0, 2>
39;136;(16,14);;<1, 2, 0, 0, 2>
39;137;(2,3);;<1, 2, 0, 0, 2>
39;138;(4,5);;<1, 2, 0, 0, 2>
39;139;(13,5);;<1, 2, 0, 0, 2>
39;140;(7,1);;<1, 2, 0, 0, 2>
39;141;(11,3);;<1, 2, 0, 0, 2>
39;142;(1,3);;<1, 2, 0, 0, 2>
39;143;(6,13);;<1, 2, 0, 0, 2>
39;144;(0,3);;<1, 2, 0, 0, 2>
39;145;(0,1);;<1, 2, 0, 0, 2>
39;146;(3,7);;<1, 2, 0, 0, 2>
39;147;(3,3);;<1, 2, 0, 0, 2>
39;148;(0,11);;<1, 2, 0, 0, 2>
39;149;(2,5);;<1, 2, 0, 0, 2>
39;150;(18,9);;<1, 2, 0, 0, 2>
39;151;(19,17);;<1, 2, 0, 0, 2>
39;152;(2,2);;<1, 2, 0, 0, 2>
39;153;(3,8);;<1, 2, 0, 0, 2>
39;154;(15,16);;<1, 2, 0, 0, 2>
39;155;(6,1);;<1, 2, 0, 0, 2>
39;156;(9,9);;<1, 2, 0, 0, 2>
39;157;(12,17);;<1, 2, 0, 0, 2>
39;158;(8,1);;<1, 2, 0, 0, 2>
39;159;(7,2);;<1, 2, 0, 0, 2>
39;160;(11,16);;<1, 2, 0, 0, 2>
39;161;(4,3);;<1, 2, 0, 0, 2>
39;162;(5,1);;<1, 2, 0, 0, 2>
39;163;(15,18);;<1, 2, 0, 0, 2>
39;164;(7,7);;<1, 2, 0, 0, 2>
39;165;(11,7);;<1, 2, 0, 0, 2>
39;166;(12,6);;<1, 2, 0, 0, 2>
39;167;(8,5);;<1, 2, 0, 0, 2>
39;168;(14,16);;<1, 2, 0, 0, 2>
39;169;(6,7);;<1, 2, 0, 0, 2>
39;170;(9,0);;<1, 2, 0, 0, 2>
39;171;(14,3);;<1, 2, 0, 0, 2>
39;172;(17,6);;<1, 2, 0, 0, 2>
39;173;(17,4);;<1, 2, 0, 0, 2>
39;174;(1,17);;<1, 2, 0, 0, 2>
39;175;(2,4);;<1, 2, 0, 0, 2>
39;176;(13,4);;<1, 2, 0, 0, 2>
39;177;(1,6);;<1, 2, 0, 0, 2>
39;178;(16,2);;<1, 2, 0, 0, 2>
39;179;(18,8);;<1, 2, 0, 0, 2>
39;180;(15,4);;<1, 2, 0, 0, 2>
39;181;(1,19);;<1, 2, 0, 0, 2>
39;182;(15,15);;<1, 2, 0, 0, 2>
39;183;(4,1);;<1, 2, 0, 0, 2>
39;184;(10,18);;<1, 2, 0, 0, 2>
39;185;(4,2);;<1, 2, 0, 0, 2>
39;186;(2,1);;<1, 2, 0, 0, 2>
39;187;(1,0);;<1, 2, 0, 0, 2>
39;188;(8,7);;<1, 2, 0, 0, 2>
39;189;(17,0);;<1, 2, 0, 0, 2>
39;190;(16,5);;<1, 2, 0, 0, 2>
39;191;(18,7);;<1, 2, 0, 0, 2>
39;192;(15,0);;<1, 2, 0, 0, 2>
39;193;(16,16);;<1, 2, 0, 0, 2>
39;194;(2,11);;<1, 2, 0, 0, 2>
39;195;(10,13);;<1, 2, 0, 0, 2>
39;196;(9,4);;<1, 2, 0, 0, 2>
39;197;(1,11);;<1, 2, 0, 0, 2>
39;198;(7,11);;<1, 2, 0, 0, 2>
39;199;(3,1);;<1, 2, 0, 0, 2>
39;200;(3,15);;<1, 2, 0, 0, 2>
39;201;(5,2);;<1, 2, 0, 0, 2>
39;202;(17,11);;<1, 2, 0, 0, 2>
39;203;(7,8);;<1, 2, 0, 0, 2>
39;204;(7,0);;<1, 2, 0, 0, 2>
39;205;(19,7);;<1, 2, 0, 0, 2>
39;206;(2,16);;<1, 2, 0, 0, 2>
39;207;(12,3);;<1, 2, 0, 0, 2>
39;208;(9,19);;<1, 2, 0, 0, 2>
39;209;(8,19);;<1, 2, 0, 0, 2>
39;210;(14,8);;<1, 2, 0, 0, 2>
39;211;(12,5);;<1, 2, 0, 0, 2>
39;212;(7,3);;<1, 2, 0, 0, 2>
39;213;(11,15);;<1, 2, 0, 0, 2>
39;214;(13,14);;<1, 2, 0, 0, 2>
39;215;(5,12);;<1, 2, 0, 0, 2>
39;216;(5,0);;<1, 2, 0, 0, 2>
39;217;(1,9);;<1, 2, 0, 0, 2>
39;218;(13,19);;<1, 2, 0, 0, 2>
39;219;(3,16);;<1, 2, 0, 0, 2>
39;220;(0,13);;<1, 2, 0, 0, 2>
39;221;(19,2);;<1, 2, 0, 0, 2>
39;222;(10,0);;<1, 2, 0, 0, 2>
39;223;(18,0);;<1, 2, 0, 0, 2>
39;224;(3,11);;<1, 2, 0, 0, 2>
39;225;(8,0);;<1, 2, 0, 0, 2>
39;226;(14,9);;<1, 2, 0, 0, 2>
39;227;(11,4);;<1, 2, 0, 0, 2>
39;228;(12,9);;<1, 2, 0, 0, 2>
39;229;(9,17);;<1, 2, 0, 0, 2>
39;230;(10,3);;<1, 2, 0, 0, 2>
39;231;(19,1);;<1, 2, 0, 0, 2>
39;232;(18,15);;<1, 2, 0, 0, 2>
39;233;(12,11);;<1, 2, 0, 0, 2>
39;234;(17,13);;<1, 2, 0, 0, 2>
39;235;(14,12);;<1, 2, 0, 0, 2>
39;236;(4,0);;<1, 2, 0, 0, 2>
39;237;(9,5);;<1, 2, 0, 0, 2>
39;238;(3,6);;<1, 2, 0, 0, 2>
39;239;(12,2);;<1, 2, 0, 0, 2>
39;240;(13,0);;<1, 2, 0, 0, 2>
39;241;(11,1);;<1, 2, 0, 0, 2>
39;242;(10,1);;<1, 2, 0, 0, 2>
39;243;(15,6);;<1, 2, 0, 0, 2>
39;244;(11,6);;<1, 2, 0, 0, 2>
39;245;(2,6);;<1, 2, 0, 0, 2>
39;246;(11,11);;<1, 2, 0, 0, 2>
39;247;(15,11);;<1, 2, 0, 0, 2>
39;248;(16,0);;<1, 2, 0, 0, 2>
39;249;(14,0);;<1, 2, 0, 0, 2>
39;250;(12,1);;<1, 2, 0, 0, 2>
39;251;(6,16);;<1, 2, 0, 0, 2>
39;252;(17,1);;<1, 2, 0, 0, 2>
39;253;(16,1);;<1, 2, 0, 0, 2>
39;254;(15,1);;<1, 2, 0, 0, 2>
39;255;(18,1);;<1, 2, 0, 0, 2>
39;256;(2,7);;<1, 2, 0, 0, 2>
39;257;(9,2);;<1, 2, 0, 0, 2>
39;258;(11,0);;<1, 2, 0, 0, 2>
39;259;(0,0);;<1, 2, 0, 0, 2>
39;260;(1,2);;<1, 2, 0, 0, 2>
39;261;(0,14);;<1, 2, 0, 0, 2>
39;262;(13,9);;<1, 2, 0, 0, 2>
39;263;(14,10);;<1, 2, 0, 0, 2>
39;264;(3,0);;<1, 2, 0, 0, 2>
39;265;(3,5);;<1, 2, 0, 0, 2>
39;266;(0,2);;<1, 2, 0, 0, 2>
39;267;(3,2);;<1, 2, 0, 0, 2>
39;268;(4,17);;<1, 2, 0, 0, 2>
39;269;(12,15);;<1, 2, 0, 0, 2>
39;270;(6,2);;<1, 2, 0, 0, 2>
39;271;(10,16);;<1, 2, 0, 0, 2>
39;272;(14,5);;<1, 2, 0, 0, 2>
39;273;(2,0);;<1, 2, 0, 0, 2>
39;274;(19,5);;<1, 2, 0, 0, 2>
39;275;(14,1);;<1, 2, 0, 0, 2>
39;276;(13,18);;<1, 2, 0, 0, 2>
39;277;(7,14);;<1, 2, 0, 0, 2>
39;278;(16,7);;<1, 2, 0, 0, 2>
39;279;(8,8);;<1, 2, 0, 0, 2>
39;280;(10,2);;<1, 2, 0, 0, 2>
39;281;(11,2);;<1, 2, 0, 0, 2>
39;282;(6,17);;<1, 2, 0, 0, 2>
39;283;(19,14);;<1, 2, 0, 0, 2>
39;284;(14,4);;<1, 2, 0, 0, 2>
39;285;(14,2);;<1, 2, 0, 0, 2>
39;286;(13,8);;<1, 2, 0, 0, 2>
39;287;(0,18);;<1, 2, 0, 0, 2>
39;288;(9,1);;<1, 2, 0, 0, 2>
39;289;(0,12);;<1, 2, 0, 0, 2>
39;290;(19,10);;<1, 2, 0, 0, 2>
39;291;(7,19);;<1, 2, 0, 0, 2>
39;292;(7,6);;<1, 2, 0, 0, 2>
39;293;(8,9);;<1, 2, 0, 0, 2>
39;294;(10,11);;<1, 2, 0, 0, 2>
39;295;(8,6);;<1, 2, 0, 0, 2>
39;296;(10,15);;<1, 2, 0, 0, 2>
39;297;(9,6);;<1, 2, 0, 0, 2>
39;298;(17,18);;<1, 2, 0, 0, 2>
39;299;(19,0);;<1, 2, 0, 0, 2>
39;300;(10,6);;<1, 2, 0, 0, 2>
39;301;(14,6);;<1, 2, 0, 0, 2>
39;302;(8,12);;<1, 2, 0, 0, 2>
39;303;(16,6);;<1, 2, 0, 0, 2>
39;304;(18,6);;<1, 2, 0, 0, 2>
39;305;(17,2);;<1, 2, 0, 0, 2>
39;306;(0,7);;<1, 2, 0, 0, 2>
39;307;(15,8);;<1, 2, 0, 0, 2>
39;308;(1,7);;<1, 2, 0, 0, 2>
39;309;(4,7);;<1, 2, 0, 0, 2>
39;310;(8,14);;<1, 2, 0, 0, 2>
39;311;(5,7);;<1, 2, 0, 0, 2>
39;312;(12,4);;<1, 2, 0, 0, 2>
39;313;(9,7);;<1, 2, 0, 0, 2>
39;314;(10,7);;<1, 2, 0, 0, 2>
39;315;(12,7);;<1, 2, 0, 0, 2>
39;316;(13,7);;<1, 2, 0, 0, 2>
39;317;(13,16);;<1, 2, 0, 0, 2>
39;318;(15,7);;<1, 2, 0, 0, 2>
39;319;(17,14);;<1, 2, 0, 0, 2>
39;320;(17,7);;<1, 2, 0, 0, 2>
39;321;(1,8);;<1, 2, 0, 0, 2>
39;322;(9,8);;<1, 2, 0, 0, 2>
39;323;(10,4);;<1, 2, 0, 0, 2>
39;324;(0,8);;<1, 2, 0, 0, 2>
39;325;(3,19);;<1, 2, 0, 0, 2>
39;326;(4,8);;<1, 2, 0, 0, 2>
39;327;(5,8);;<1, 2, 0, 0, 2>
39;328;(5,5);;<1, 2, 0, 0, 2>
39;329;(8,3);;<1, 2, 0, 0, 2>
39;330;(6,8);;<1, 2, 0, 0, 2>
39;331;(0,6);;<1, 2, 0, 0, 2>
39;332;(19,6);;<1, 2, 0, 0, 2>
39;333;(10,8);;<1, 2, 0, 0, 2>
39;334;(16,18);;<1, 2, 0, 0, 2>
39;335;(6,9);;<1, 2, 0, 0, 2>
39;336;(11,8);;<1, 2, 0, 0, 2>
39;337;(12,8);;<1, 2, 0, 0, 2>
39;338;(17,15);;<1, 2, 0, 0, 2>
39;339;(17,8);;<1, 2, 0, 0, 2>
39;340;(11,10);;<1, 2, 0, 0, 2>
39;341;(16,3);;<1, 2, 0, 0, 2>
39;342;(11,9);;<1, 2, 0, 0, 2>
39;343;(19,8);;<1, 2, 0, 0, 2>
39;344;(6,12);;<1, 2, 0, 0, 2>
39;345;(15,2);;<1, 2, 0, 0, 2>
39;346;(4,11);;<1, 2, 0, 0, 2>
39;347;(0,9);;<1, 2, 0, 0, 2>
39;348;(8,11);;<1, 2, 0, 0, 2>
39;349;(2,9);;<1, 2, 0, 0, 2>
39;350;(3,9);;<1, 2, 0, 0, 2>
39;351;(4,9);;<1, 2, 0, 0, 2>
39;352;(5,9);;<1, 2, 0, 0, 2>
39;353;(4,10);;<1, 2, 0, 0, 2>
39;354;(8,4);;<1, 2, 0, 0, 2>
39;355;(7,9);;<1, 2, 0, 0, 2>
39;356;(5,18);;<1, 2, 0, 0, 2>
39;357;(15,9);;<1, 2, 0, 0, 2>
39;358;(17,9);;<1, 2, 0, 0, 2>
39;359;(19,9);;<1, 2, 0, 0, 2>
39;360;(1,10);;<1, 2, 0, 0, 2>
39;361;(13,17);;<1, 2, 0, 0, 2>
39;362;(1,14);;<1, 2, 0, 0, 2>
39;363;(2,10);;<1, 2, 0, 0, 2>
39;364;(3,10);;<1, 2, 0, 0, 2>
39;365;(5,10);;<1, 2, 0, 0, 2>
39;366;(6,10);;<1, 2, 0, 0, 2>
39;367;(19,11);;<1, 2, 0, 0, 2>
39;368;(15,14);;<1, 2, 0, 0, 2>
39;369;(7,10);;<1, 2, 0, 0, 2>
39;370;(8,10);;<1, 2, 0, 0, 2>
39;371;(9,11);;<1, 2, 0, 0, 2>
39;372;(10,10);;<1, 2, 0, 0, 2>
39;373;(12,10);;<1, 2, 0, 0, 2>
39;374;(16,12);;<1, 2, 0, 0, 2>
39;375;(13,10);;<1, 2, 0, 0, 2>
39;376;(7,12);;<1, 2, 0, 0, 2>
39;377;(18,18);;<1, 2, 0, 0, 2>
39;378;(15,10);;<1, 2, 0, 0, 2>
39;379;(16,10);;<1, 2, 0, 0, 2>
39;380;(0,4);;<1, 2, 0, 0, 2>
39;381;(2,12);;<1, 2, 0, 0, 2>
39;382;(12,19);;<1, 2, 0, 0, 2>
39;383;(18,10);;<1, 2, 0, 0, 2>
39;384;(9,12);;<1, 2, 0, 0, 2>
39;385;(5,11);;<1, 2, 0, 0, 2>
39;386;(16,11);;<1, 2, 0, 0, 2>
39;387;(11,5);;<1, 2, 0, 0, 2>
39;388;(4,6);;<1, 2, 0, 0, 2>
39;389;(6,11);;<1, 2, 0, 0, 2>
39;390;(1,5);;<1, 2, 0, 0, 2>
39;391;(5,6);;<1, 2, 0, 0, 2>
39;392;(14,11);;<1, 2, 0, 0, 2>
39;393;(18,11);;<1, 2, 0, 0, 2>
39;394;(13,1);;<1, 2, 0, 0, 2>
39;395;(16,8);;<1, 2, 0, 0, 2>
39;396;(10,12);;<1, 2, 0, 0, 2>
39;397;(13,11);;<1, 2, 0, 0, 2>
39;398;(11,12);;<1, 2, 0, 0, 2>
39;399;(12,12);;<1, 2, 0, 0, 2>
39;400;(15,12);;<1, 2, 0, 0, 2>
