sep=;
time;model_id;model_name;port_name;data
0;1;(19,19);;<0, 0, 0, 0, 0>
0;2;(18,19);;<0, 0, 0, 0, 0>
0;3;(17,19);;<0, 0, 0, 0, 0>
0;4;(15,19);;<0, 0, 0, 0, 0>
0;5;(14,19);;<0, 0, 0, 0, 0>
0;6;(6,19);;<0, 0, 0, 0, 0>
0;7;(5,19);;<0, 0, 0, 0, 0>
0;8;(2,19);;<0, 0, 0, 0, 0>
0;9;(0,19);;<0, 0, 0, 0, 0>
0;10;(19,18);;<0, 0, 0, 0, 0>
0;11;(14,18);;<0, 0, 0, 0, 0>
0;12;(12,18);;<0, 0, 0, 0, 0>
0;13;(11,18);;<0, 0, 0, 0, 0>
0;14;(8,18);;<0, 0, 0, 0, 0>
0;15;(6,18);;<0, 0, 0, 0, 0>
0;16;(4,18);;<0, 0, 0, 0, 0>
0;17;(3,18);;<0, 0, 0, 0, 0>
0;18;(2,18);;<0, 0, 0, 0, 0>
0;19;(18,17);;<0, 0, 0, 0, 0>
0;20;(17,17);;<0, 0, 0, 0, 0>
0;21;(15,17);;<0, 0, 0, 0, 0>
0;22;(14,17);;<0, 0, 0, 0, 0>
0;23;(11,17);;<0, 0, 0, 0, 0>
0;24;(10,17);;<0, 0, 0, 0, 0>
0;25;(7,17);;<0, 0, 0, 0, 0>
0;26;(5,17);;<0, 0, 0, 0, 0>
0;27;(3,17);;<0, 0, 0, 0, 0>
0;28;(2,17);;<0, 0, 0, 0, 0>
0;29;(0,17);;<0, 0, 0, 0, 0>
0;30;(19,16);;<0, 0, 0, 0, 0>
0;31;(18,16);;<0, 0, 0, 0, 0>
0;32;(17,16);;<0, 0, 0, 0, 0>
0;33;(12,16);;<0, 0, 0, 0, 0>
0;34;(7,18);;<0, 0, 0, 0, 0>
0;35;(9,16);;<0, 0, 0, 0, 0>
0;36;(7,16);;<0, 0, 0, 0, 0>
0;37;(5,16);;<0, 0, 0, 0, 0>
0;38;(4,16);;<0, 0, 0, 0, 0>
0;39;(1,16);;<0, 0, 0, 0, 0>
0;40;(0,16);;<0, 0, 0, 0, 0>
0;41;(19,15);;<0, 0, 0, 0, 0>
0;42;(16,15);;<0, 0, 0, 0, 0>
0;43;(14,15);;<0, 0, 0, 0, 0>
0;44;(13,15);;<0, 0, 0, 0, 0>
0;45;(9,15);;<0, 0, 0, 0, 0>
0;46;(6,15);;<0, 0, 0, 0, 0>
0;47;(5,15);;<0, 0, 0, 0, 0>
0;48;(4,15);;<0, 0, 0, 0, 0>
0;49;(2,15);;<0, 0, 0, 0, 0>
0;50;(1,15);;<0, 0, 0, 0, 0>
0;51;(7,15);;<0, 0, 0, 0, 0>
0;52;(14,14);;<0, 0, 0, 0, 0>
0;53;(12,14);;<0, 0, 0, 0, 0>
0;54;(11,14);;<0, 0, 0, 0, 0>
0;55;(10,14);;<0, 0, 0, 0, 0>
0;56;(9,14);;<0, 0, 0, 0, 0>
0;57;(6,14);;<0, 0, 0, 0, 0>
0;58;(5,14);;<0, 0, 0, 0, 0>
0;59;(4,14);;<0, 0, 0, 0, 0>
0;60;(3,14);;<0, 0, 0, 0, 0>
0;61;(8,15);;<0, 0, 0, 0, 0>
0;62;(2,14);;<0, 0, 0, 0, 0>
0;63;(8,17);;<0, 0, 0, 0, 0>
0;64;(18,13);;<0, 0, 0, 0, 0>
0;65;(16,13);;<0, 0, 0, 0, 0>
0;66;(15,13);;<0, 0, 0, 0, 0>
0;67;(14,13);;<0, 0, 0, 0, 0>
0;68;(13,13);;<0, 0, 0, 0, 0>
0;69;(12,13);;<0, 0, 0, 0, 0>
0;70;(11,13);;<0, 0, 0, 0, 0>
0;71;(9,13);;<0, 0, 0, 0, 0>
0;72;(8,13);;<0, 0, 0, 0, 0>
0;73;(7,13);;<0, 0, 0, 0, 0>
0;74;(5,13);;<0, 0, 0, 0, 0>
0;75;(0,15);;<0, 0, 0, 0, 0>
0;76;(4,13);;<0, 0, 0, 0, 0>
0;77;(3,13);;<0, 0, 0, 0, 0>
0;78;(2,13);;<0, 0, 0, 0, 0>
0;79;(1,13);;<0, 0, 0, 0, 0>
0;80;(19,12);;<0, 0, 0, 0, 0>
0;81;(18,12);;<0, 0, 0, 0, 0>
0;82;(17,12);;<0, 0, 0, 0, 0>
0;83;(10,19);;<0, 0, 0, 0, 0>
0;84;(6,6);;<0, 0, 0, 0, 0>
0;85;(12,0);;<0, 0, 0, 0, 0>
0;86;(18,5);;<0, 0, 0, 0, 0>
0;87;(17,5);;<0, 0, 0, 0, 0>
0;88;(19,13);;<0, 0, 0, 0, 0>
0;89;(15,5);;<0, 0, 0, 0, 0>
0;90;(13,12);;<0, 0, 0, 0, 0>
0;91;(10,5);;<0, 0, 0, 0, 0>
0;92;(7,5);;<0, 0, 0, 0, 0>
0;93;(8,16);;<0, 0, 0, 0, 0>
0;94;(5,4);;<0, 0, 0, 0, 0>
0;95;(4,12);;<0, 0, 0, 0, 0>
0;96;(18,14);;<0, 0, 0, 0, 0>
0;97;(1,12);;<0, 0, 0, 0, 0>
0;98;(18,3);;<0, 0, 0, 0, 0>
0;99;(9,10);;<0, 0, 0, 0, 0>
0;100;(2,8);;<0, 0, 0, 0, 0>
0;101;(19,4);;<0, 0, 0, 0, 0>
0;102;(6,4);;<0, 0, 0, 0, 0>
0;103;(18,4);;<0, 0, 0, 0, 0>
0;104;(9,18);;<0, 0, 0, 0, 0>
0;105;(1,18);;<0, 0, 0, 0, 0>
0;106;(10,9);;<0, 0, 0, 0, 0>
0;107;(16,4);;<0, 0, 0, 0, 0>
0;108;(8,2);;<0, 0, 0, 0, 0>
0;109;(16,19);;<0, 0, 0, 0, 0>
0;110;(13,2);;<0, 0, 0, 0, 0>
0;111;(7,4);;<0, 0, 0, 0, 0>
0;112;(6,0);;<0, 0, 0, 0, 0>
0;113;(18,2);;<0, 0, 0, 0, 0>
0;114;(4,4);;<0, 0, 0, 0, 0>
0;115;(0,5);;<0, 0, 0, 0, 0>
0;116;(11,19);;<0, 0, 0, 0, 0>
0;117;(14,7);;<0, 0, 0, 0, 0>
0;118;(3,4);;<0, 0, 0, 0, 0>
0;119;(1,4);;<0, 0, 0, 0, 0>
0;120;(3,12);;<0, 0, 0, 0, 0>
0;121;(16,17);;<0, 0, 0, 0, 0>
0;122;(19,3);;<0, 0, 0, 0, 0>
0;123;(13,6);;<0, 0, 0, 0, 0>
0;124;(1,1);;<0, 0, 0, 0, 0>
0;125;(4,19);;<0, 0, 0, 0, 0>
0;126;(13,3);;<0, 0, 0, 0, 0>
0;127;(17,10);;<0, 0, 0, 0, 0>
0;128;(15,3);;<0, 0, 0, 0, 0>
0;129;(9,3);;<0, 0, 0, 0, 0>
0;130;(6,3);;<0, 0, 0, 0, 0>
0;131;(5,3);;<0, 0, 0, 0, 0>
0;132;(6,5);;<0, 0, 0, 0, 0>
0;133;(16,9);;<0, 0, 0, 0, 0>
0;134;(17,3);;<0, 0, 0, 0, 0>
0;135;(0,10);;<0, 0, 0, 0, 0>
0;136;(16,14);;<0, 0, 0, 0, 0>
0;137;(2,3);;<0, 0, 0, 0, 0>
0;138;(4,5);;<0, 0, 0, 0, 0>
0;139;(13,5);;<0, 0, 0, 0, 0>
0;140;(7,1);;<0, 0, 0, 0, 0>
0;141;(11,3);;<0, 0, 0, 0, 0>
0;142;(1,3);;<0, 0, 0, 0, 0>
0;143;(6,13);;<0, 0, 0, 0, 0>
0;144;(0,3);;<0, 0, 0, 0, 0>
0;145;(0,1);;<0, 0, 0, 0, 0>
0;146;(3,7);;<0, 0, 0, 0, 0>
0;147;(3,3);;<0, 0, 0, 0, 0>
0;148;(0,11);;<0, 0, 0, 0, 0>
0;149;(2,5);;<0, 0, 0, 0, 0>
0;150;(18,9);;<0, 0, 0, 0, 0>
0;151;(19,17);;<0, 0, 0, 0, 0>
0;152;(2,2);;<0, 0, 0, 0, 0>
0;153;(3,8);;<0, 0, 0, 0, 0>
0;154;(15,16);;<0, 0, 0, 0, 0>
0;155;(6,1);;<0, 0, 0, 0, 0>
0;156;(9,9);;<0, 0, 0, 0, 0>
0;157;(12,17);;<0, 0, 0, 0, 0>
0;158;(8,1);;<0, 0, 0, 0, 0>
0;159;(7,2);;<0, 0, 0, 0, 0>
0;160;(11,16);;<0, 0, 0, 0, 0>
0;161;(4,3);;<0, 0, 0, 0, 0>
0;162;(5,1);;<0, 0, 0, 0, 0>
0;163;(15,18);;<0, 0, 0, 0, 0>
0;164;(7,7);;<0, 0, 0, 0, 0>
0;165;(11,7);;<0, 0, 0, 0, 0>
0;166;(12,6);;<0, 0, 0, 0, 0>
0;167;(8,5);;<0, 0, 0, 0, 0>
0;168;(14,16);;<0, 0, 0, 0, 0>
0;169;(6,7);;<0, 0, 0, 0, 0>
0;170;(9,0);;<0, 0, 0, 0, 0>
0;171;(14,3);;<0, 0, 0, 0, 0>
0;172;(17,6);;<0, 0, 0, 0, 0>
0;173;(17,4);;<0, 0, 0, 0, 0>
0;174;(1,17);;<0, 0, 0, 0, 0>
0;175;(2,4);;<0, 0, 0, 0, 0>
0;176;(13,4);;<0, 0, 0, 0, 0>
0;177;(1,6);;<0, 0, 0, 0, 0>
0;178;(16,2);;<0, 0, 0, 0, 0>
0;179;(18,8);;<0, 0, 0, 0, 0>
0;180;(15,4);;<0, 0, 0, 0, 0>
0;181;(1,19);;<0, 0, 0, 0, 0>
0;182;(15,15);;<0, 0, 0, 0, 0>
0;183;(4,1);;<0, 0, 0, 0, 0>
0;184;(10,18);;<0, 0, 0, 0, 0>
0;185;(4,2);;<0, 0, 0, 0, 0>
0;186;(2,1);;<0, 0, 0, 0, 0>
0;187;(1,0);;<0, 0, 0, 0, 0>
0;188;(8,7);;<0, 0, 0, 0, 0>
0;189;(17,0);;<0, 0, 0, 0, 0>
0;190;(16,5);;<0, 0, 0, 0, 0>
0;191;(18,7);;<0, 0, 0, 0, 0>
0;192;(15,0);;<0, 0, 0, 0, 0>
0;193;(16,16);;<0, 0, 0, 0, 0>
0;194;(2,11);;<0, 0, 0, 0, 0>
0;195;(10,13);;<0, 0, 0, 0, 0>
0;196;(9,4);;<0, 0, 0, 0, 0>
0;197;(1,11);;<0, 0, 0, 0, 0>
0;198;(7,11);;<0, 0, 0, 0, 0>
0;199;(3,1);;<0, 0, 0, 0, 0>
0;200;(3,15);;<0, 0, 0, 0, 0>
0;201;(5,2);;<0, 0, 0, 0, 0>
0;202;(17,11);;<0, 0, 0, 0, 0>
0;203;(7,8);;<0, 0, 0, 0, 0>
0;204;(7,0);;<0, 0, 0, 0, 0>
0;205;(19,7);;<0, 0, 0, 0, 0>
0;206;(2,16);;<0, 0, 0, 0, 0>
0;207;(12,3);;<0, 0, 0, 0, 0>
0;208;(9,19);;<0, 0, 0, 0, 0>
0;209;(8,19);;<0, 0, 0, 0, 0>
0;210;(14,8);;<0, 0, 0, 0, 0>
0;211;(12,5);;<0, 0, 0, 0, 0>
0;212;(7,3);;<0, 0, 0, 0, 0>
0;213;(11,15);;<0, 0, 0, 0, 0>
0;214;(13,14);;<0, 0, 0, 0, 0>
0;215;(5,12);;<0, 0, 0, 0, 0>
0;216;(5,0);;<0, 0, 0, 0, 0>
0;217;(1,9);;<0, 0, 0, 0, 0>
0;218;(13,19);;<0, 0, 0, 0, 0>
0;219;(3,16);;<0, 0, 0, 0, 0>
0;220;(0,13);;<0, 0, 0, 0, 0>
0;221;(19,2);;<0, 0, 0, 0, 0>
0;222;(10,0);;<0, 0, 0, 0, 0>
0;223;(18,0);;<0, 0, 0, 0, 0>
0;224;(3,11);;<0, 0, 0, 0, 0>
0;225;(8,0);;<0, 0, 0, 0, 0>
0;226;(14,9);;<0, 0, 0, 0, 0>
0;227;(11,4);;<0, 0, 0, 0, 0>
0;228;(12,9);;<0, 0, 0, 0, 0>
0;229;(9,17);;<0, 0, 0, 0, 0>
0;230;(10,3);;<0, 0, 0, 0, 0>
0;231;(19,1);;<0, 0, 0, 0, 0>
0;232;(18,15);;<0, 0, 0, 0, 0>
0;233;(12,11);;<0, 0, 0, 0, 0>
0;234;(17,13);;<0, 0, 0, 0, 0>
0;235;(14,12);;<0, 0, 0, 0, 0>
0;236;(4,0);;<0, 0, 0, 0, 0>
0;237;(9,5);;<0, 0, 0, 0, 0>
0;238;(3,6);;<0, 0, 0, 0, 0>
0;239;(12,2);;<0, 0, 0, 0, 0>
0;240;(13,0);;<0, 0, 0, 0, 0>
0;241;(11,1);;<0, 0, 0, 0, 0>
0;242;(10,1);;<0, 0, 0, 0, 0>
0;243;(15,6);;<0, 0, 0, 0, 0>
0;244;(11,6);;<0, 0, 0, 0, 0>
0;245;(2,6);;<0, 0, 0, 0, 0>
0;246;(11,11);;<0, 0, 0, 0, 0>
0;247;(15,11);;<0, 0, 0, 0, 0>
0;248;(16,0);;<0, 0, 0, 0, 0>
0;249;(14,0);;<0, 0, 0, 0, 0>
0;250;(12,1);;<0, 0, 0, 0, 0>
0;251;(6,16);;<0, 0, 0, 0, 0>
0;252;(17,1);;<0, 0, 0, 0, 0>
0;253;(16,1);;<0, 0, 0, 0, 0>
0;254;(15,1);;<0, 0, 0, 0, 0>
0;255;(18,1);;<0, 0, 0, 0, 0>
0;256;(2,7);;<0, 0, 0, 0, 0>
0;257;(9,2);;<0, 0, 0, 0, 0>
0;258;(11,0);;<0, 0, 0, 0, 0>
0;259;(0,0);;<0, 0, 0, 0, 0>
0;260;(1,2);;<0, 0, 0, 0, 0>
0;261;(0,14);;<0, 0, 0, 0, 0>
0;262;(13,9);;<0, 0, 0, 0, 0>
0;263;(14,10);;<0, 0, 0, 0, 0>
0;264;(3,0);;<0, 0, 0, 0, 0>
0;265;(3,5);;<0, 0, 0, 0, 0>
0;266;(0,2);;<0, 0, 0, 0, 0>
0;267;(3,2);;<0, 0, 0, 0, 0>
0;268;(4,17);;<0, 0, 0, 0, 0>
0;269;(12,15);;<0, 0, 0, 0, 0>
0;270;(6,2);;<0, 0, 0, 0, 0>
0;271;(10,16);;<0, 0, 0, 0, 0>
0;272;(14,5);;<0, 0, 0, 0, 0>
0;273;(2,0);;<0, 0, 0, 0, 0>
0;274;(19,5);;<0, 0, 0, 0, 0>
0;275;(14,1);;<0, 0, 0, 0, 0>
0;276;(13,18);;<0, 0, 0, 0, 0>
0;277;(7,14);;<0, 0, 0, 0, 0>
0;278;(16,7);;<0, 0, 0, 0, 0>
0;279;(8,8);;<0, 0, 0, 0, 0>
0;280;(10,2);;<0, 0, 0, 0, 0>
0;281;(11,2);;<0, 0, 0, 0, 0>
0;282;(6,17);;<0, 0, 0, 0, 0>
0;283;(19,14);;<0, 0, 0, 0, 0>
0;284;(14,4);;<0, 0, 0, 0, 0>
0;285;(14,2);;<0, 0, 0, 0, 0>
0;286;(13,8);;<0, 0, 0, 0, 0>
0;287;(0,18);;<0, 0, 0, 0, 0>
0;288;(9,1);;<0, 0, 0, 0, 0>
0;289;(0,12);;<0, 0, 0, 0, 0>
0;290;(19,10);;<0, 0, 0, 0, 0>
0;291;(7,19);;<0, 0, 0, 0, 0>
0;292;(7,6);;<0, 0, 0, 0, 0>
0;293;(8,9);;<0, 0, 0, 0, 0>
0;294;(10,11);;<0, 0, 0, 0, 0>
0;295;(8,6);;<0, 0, 0, 0, 0>
0;296;(10,15);;<0, 0, 0, 0, 0>
0;297;(9,6);;<0, 0, 0, 0, 0>
0;298;(17,18);;<0, 0, 0, 0, 0>
0;299;(19,0);;<0, 0, 0, 0, 0>
0;300;(10,6);;<0, 0, 0, 0, 0>
0;301;(14,6);;<0, 0, 0, 0, 0>
0;302;(8,12);;<0, 0, 0, 0, 0>
0;303;(16,6);;<0, 0, 0, 0, 0>
0;304;(18,6);;<0, 0, 0, 0, 0>
0;305;(17,2);;<0, 0, 0, 0, 0>
0;306;(0,7);;<0, 0, 0, 0, 0>
0;307;(15,8);;<0, 0, 0, 0, 0>
0;308;(1,7);;<0, 0, 0, 0, 0>
0;309;(4,7);;<0, 0, 0, 0, 0>
0;310;(8,14);;<0, 0, 0, 0, 0>
0;311;(5,7);;<0, 0, 0, 0, 0>
0;312;(12,4);;<0, 0, 0, 0, 0>
0;313;(9,7);;<0, 0, 0, 0, 0>
0;314;(10,7);;<0, 0, 0, 0, 0>
0;315;(12,7);;<0, 0, 0, 0, 0>
0;316;(13,7);;<0, 0, 0, 0, 0>
0;317;(13,16);;<0, 0, 0, 0, 0>
0;318;(15,7);;<0, 0, 0, 0, 0>
0;319;(17,14);;<0, 0, 0, 0, 0>
0;320;(17,7);;<0, 0, 0, 0, 0>
0;321;(1,8);;<0, 0, 0, 0, 0>
0;322;(9,8);;<0, 0, 0, 0, 0>
0;323;(10,4);;<0, 0, 0, 0, 0>
0;324;(0,8);;<0, 0, 0, 0, 0>
0;325;(3,19);;<0, 0, 0, 0, 0>
0;326;(4,8);;<0, 0, 0, 0, 0>
0;327;(5,8);;<0, 0, 0, 0, 0>
0;328;(5,5);;<0, 0, 0, 0, 0>
0;329;(8,3);;<0, 0, 0, 0, 0>
0;330;(6,8);;<0, 0, 0, 0, 0>
0;331;(0,6);;<0, 0, 0, 0, 0>
0;332;(19,6);;<0, 0, 0, 0, 0>
0;333;(10,8);;<0, 0, 0, 0, 0>
0;334;(16,18);;<0, 0, 0, 0, 0>
0;335;(6,9);;<0, 0, 0, 0, 0>
0;336;(11,8);;<0, 0, 0, 0, 0>
0;337;(12,8);;<0, 0, 0, 0, 0>
0;338;(17,15);;<0, 0, 0, 0, 0>
0;339;(17,8);;<0, 0, 0, 0, 0>
0;340;(11,10);;<0, 0, 0, 0, 0>
0;341;(16,3);;<0, 0, 0, 0, 0>
0;342;(11,9);;<0, 0, 0, 0, 0>
0;343;(19,8);;<0, 0, 0, 0, 0>
0;344;(6,12);;<0, 0, 0, 0, 0>
0;345;(15,2);;<0, 0, 0, 0, 0>
0;346;(4,11);;<0, 0, 0, 0, 0>
0;347;(0,9);;<0, 0, 0, 0, 0>
0;348;(8,11);;<0, 0, 0, 0, 0>
0;349;(2,9);;<0, 0, 0, 0, 0>
0;350;(3,9);;<0, 0, 0, 0, 0>
0;351;(4,9);;<0, 0, 0, 0, 0>
0;352;(5,9);;<0, 0, 0, 0, 0>
0;353;(4,10);;<0, 0, 0, 0, 0>
0;354;(8,4);;<0, 0, 0, 0, 0>
0;355;(7,9);;<0, 0, 0, 0, 0>
0;356;(5,18);;<0, 0, 0, 0, 0>
0;357;(15,9);;<0, 0, 0, 0, 0>
0;358;(17,9);;<0, 0, 0, 0, 0>
0;359;(19,9);;<0, 0, 0, 0, 0>
0;360;(1,10);;<0, 0, 0, 0, 0>
0;361;(13,17);;<0, 0, 0, 0, 0>
0;362;(1,14);;<0, 0, 0, 0, 0>
0;363;(2,10);;<0, 0, 0, 0, 0>
0;364;(3,10);;<0, 0, 0, 0, 0>
0;365;(5,10);;<0, 0, 0, 0, 0>
0;366;(6,10);;<0, 0, 0, 0, 0>
0;367;(19,11);;<0, 0, 0, 0, 0>
0;368;(15,14);;<0, 0, 0, 0, 0>
0;369;(7,10);;<0, 0, 0, 0, 0>
0;370;(8,10);;<0, 0, 0, 0, 0>
0;371;(9,11);;<0, 0, 0, 0, 0>
0;372;(10,10);;<0, 0, 0, 0, 0>
0;373;(12,10);;<0, 0, 0, 0, 0>
0;374;(16,12);;<0, 0, 0, 0, 0>
0;375;(13,10);;<0, 0, 0, 0, 0>
0;376;(7,12);;<0, 0, 0, 0, 0>
0;377;(18,18);;<0, 0, 0, 0, 0>
0;378;(15,10);;<0, 0, 0, 0, 0>
0;379;(16,10);;<0, 0, 0, 0, 0>
0;380;(0,4);;<0, 0, 0, 0, 0>
0;381;(2,12);;<0, 0, 0, 0, 0>
0;382;(12,19);;<0, 0, 0, 0, 0>
0;383;(18,10);;<0, 0, 0, 0, 0>
0;384;(9,12);;<0, 0, 0, 0, 0>
0;385;(5,11);;<0, 0, 0, 0, 0>
0;386;(16,11);;<0, 0, 0, 0, 0>
0;387;(11,5);;<0, 0, 0, 0, 0>
0;388;(4,6);;<0, 0, 0, 0, 0>
0;389;(6,11);;<0, 0, 0, 0, 0>
0;390;(1,5);;<0, 0, 0, 0, 0>
0;391;(5,6);;<0, 0, 0, 0, 0>
0;392;(14,11);;<0, 0, 0, 0, 0>
0;393;(18,11);;<0, 0, 0, 0, 0>
0;394;(13,1);;<0, 0, 0, 0, 0>
0;395;(16,8);;<0, 0, 0, 0, 0>
0;396;(10,12);;<0, 0, 0, 0, 0>
0;397;(13,11);;<0, 0, 0, 0, 0>
0;398;(11,12);;<0, 0, 0, 0, 0>
0;399;(12,12);;<0, 0, 0, 0, 0>
0;400;(15,12);;<0, 0, 0, 0, 0>
0;1;(19,19);outputNeighborhood;<0, 0, 0, 0, 0>
0;1;(19,19);;<0, 0, 0, 0, 0>
0;2;(18,19);outputNeighborhood;<0, 0, 0, 0, 0>
0;2;(18,19);;<0, 0, 0, 0, 0>
0;3;(17,19);outputNeighborhood;<0, 0, 0, 0, 0>
0;3;(17,19);;<0, 0, 0, 0, 0>
0;4;(15,19);outputNeighborhood;<0, 0, 0, 0, 0>
0;4;(15,19);;<0, 0, 0, 0, 0>
0;5;(14,19);outputNeighborhood;<0, 0, 0, 0, 0>
0;5;(14,19);;<0, 0, 0, 0, 0>
0;6;(6,19);outputNeighborhood;<0, 0, 0, 0, 0>
0;6;(6,19);;<0, 0, 0, 0, 0>
0;7;(5,19);outputNeighborhood;<0, 0, 0, 0, 0>
0;7;(5,19);;<0, 0, 0, 0, 0>
0;8;(2,19);outputNeighborhood;<0, 0, 0, 0, 0>
0;8;(2,19);;<0, 0, 0, 0, 0>
0;9;(0,19);outputNeighborhood;<0, 0, 0, 0, 0>
0;9;(0,19);;<0, 0, 0, 0, 0>
0;10;(19,18);outputNeighborhood;<0, 0, 0, 0, 0>
0;10;(19,18);;<0, 0, 0, 0, 0>
0;11;(14,18);outputNeighborhood;<0, 0, 0, 0, 0>
0;11;(14,18);;<0, 0, 0, 0, 0>
0;12;(12,18);outputNeighborhood;<0, 0, 0, 0, 0>
0;12;(12,18);;<0, 0, 0, 0, 0>
0;13;(11,18);outputNeighborhood;<0, 0, 0, 0, 0>
0;13;(11,18);;<0, 0, 0, 0, 0>
0;14;(8,18);outputNeighborhood;<0, 0, 0, 0, 0>
0;14;(8,18);;<0, 0, 0, 0, 0>
0;15;(6,18);outputNeighborhood;<0, 0, 0, 0, 0>
0;15;(6,18);;<0, 0, 0, 0, 0>
0;16;(4,18);outputNeighborhood;<0, 0, 0, 0, 0>
0;16;(4,18);;<0, 0, 0, 0, 0>
0;17;(3,18);outputNeighborhood;<0, 0, 0, 0, 0>
0;17;(3,18);;<0, 0, 0, 0, 0>
0;18;(2,18);outputNeighborhood;<0, 0, 0, 0, 0>
0;18;(2,18);;<0, 0, 0, 0, 0>
0;19;(18,17);outputNeighborhood;<0, 0, 0, 0, 0>
0;19;(18,17);;<0, 0, 0, 0, 0>
0;20;(17,17);outputNeighborhood;<0, 0, 0, 0, 0>
0;20;(17,17);;<0, 0, 0, 0, 0>
0;21;(15,17);outputNeighborhood;<0, 0, 0, 0, 0>
0;21;(15,17);;<0, 0, 0, 0, 0>
0;22;(14,17);outputNeighborhood;<0, 0, 0, 0, 0>
0;22;(14,17);;<0, 0, 0, 0, 0>
0;23;(11,17);outputNeighborhood;<0, 0, 0, 0, 0>
0;23;(11,17);;<1, 0, 0, 0, 1>
0;24;(10,17);outputNeighborhood;<0, 0, 0, 0, 0>
0;24;(10,17);;<0, 0, 0, 0, 0>
0;25;(7,17);outputNeighborhood;<0, 0, 0, 0, 0>
0;25;(7,17);;<0, 0, 0, 0, 0>
0;26;(5,17);outputNeighborhood;<0, 0, 0, 0, 0>
0;26;(5,17);;<0, 0, 0, 0, 0>
0;27;(3,17);outputNeighborhood;<0, 0, 0, 0, 0>
0;27;(3,17);;<0, 0, 0, 0, 0>
0;28;(2,17);outputNeighborhood;<0, 0, 0, 0, 0>
0;28;(2,17);;<0, 0, 0, 0, 0>
0;29;(0,17);outputNeighborhood;<0, 0, 0, 0, 0>
0;29;(0,17);;<0, 0, 0, 0, 0>
0;30;(19,16);outputNeighborhood;<0, 0, 0, 0, 0>
0;30;(19,16);;<0, 0, 0, 0, 0>
0;31;(18,16);outputNeighborhood;<0, 0, 0, 0, 0>
0;31;(18,16);;<0, 0, 0, 0, 0>
0;32;(17,16);outputNeighborhood;<0, 0, 0, 0, 0>
0;32;(17,16);;<0, 0, 0, 0, 0>
0;33;(12,16);outputNeighborhood;<0, 0, 0, 0, 0>
0;33;(12,16);;<0, 0, 0, 0, 0>
0;34;(7,18);outputNeighborhood;<0, 0, 0, 0, 0>
0;34;(7,18);;<0, 0, 0, 0, 0>
0;35;(9,16);outputNeighborhood;<0, 0, 0, 0, 0>
0;35;(9,16);;<1, 0, 0, 0, 1>
0;36;(7,16);outputNeighborhood;<0, 0, 0, 0, 0>
0;36;(7,16);;<0, 0, 0, 0, 0>
0;37;(5,16);outputNeighborhood;<0, 0, 0, 0, 0>
0;37;(5,16);;<0, 0, 0, 0, 0>
0;38;(4,16);outputNeighborhood;<0, 0, 0, 0, 0>
0;38;(4,16);;<0, 0, 0, 0, 0>
0;39;(1,16);outputNeighborhood;<0, 0, 0, 0, 0>
0;39;(1,16);;<0, 0, 0, 0, 0>
0;40;(0,16);outputNeighborhood;<0, 0, 0, 0, 0>
0;40;(0,16);;<0, 0, 0, 0, 0>
0;41;(19,15);outputNeighborhood;<0, 0, 0, 0, 0>
0;41;(19,15);;<0, 0, 0, 0, 0>
0;42;(16,15);outputNeighborhood;<0, 0, 0, 0, 0>
0;42;(16,15);;<0, 0, 0, 0, 0>
0;43;(14,15);outputNeighborhood;<0, 0, 0, 0, 0>
0;43;(14,15);;<1, 0, 0, 0, 1>
0;44;(13,15);outputNeighborhood;<0, 0, 0, 0, 0>
0;44;(13,15);;<0, 0, 0, 0, 0>
0;45;(9,15);outputNeighborhood;<0, 0, 0, 0, 0>
0;45;(9,15);;<0, 0, 0, 0, 0>
0;46;(6,15);outputNeighborhood;<0, 0, 0, 0, 0>
0;46;(6,15);;<0, 0, 0, 0, 0>
0;47;(5,15);outputNeighborhood;<0, 0, 0, 0, 0>
0;47;(5,15);;<0, 0, 0, 0, 0>
0;48;(4,15);outputNeighborhood;<0, 0, 0, 0, 0>
0;48;(4,15);;<0, 0, 0, 0, 0>
0;49;(2,15);outputNeighborhood;<0, 0, 0, 0, 0>
0;49;(2,15);;<0, 0, 0, 0, 0>
0;50;(1,15);outputNeighborhood;<0, 0, 0, 0, 0>
0;50;(1,15);;<0, 0, 0, 0, 0>
0;51;(7,15);outputNeighborhood;<0, 0, 0, 0, 0>
0;51;(7,15);;<0, 0, 0, 0, 0>
0;52;(14,14);outputNeighborhood;<0, 0, 0, 0, 0>
0;52;(14,14);;<0, 0, 0, 0, 0>
0;53;(12,14);outputNeighborhood;<0, 0, 0, 0, 0>
0;53;(12,14);;<0, 0, 0, 0, 0>
0;54;(11,14);outputNeighborhood;<0, 0, 0, 0, 0>
0;54;(11,14);;<0, 0, 0, 0, 0>
0;55;(10,14);outputNeighborhood;<0, 0, 0, 0, 0>
0;55;(10,14);;<0, 0, 0, 0, 0>
0;56;(9,14);outputNeighborhood;<0, 0, 0, 0, 0>
0;56;(9,14);;<0, 0, 0, 0, 0>
0;57;(6,14);outputNeighborhood;<0, 0, 0, 0, 0>
0;57;(6,14);;<0, 0, 0, 0, 0>
0;58;(5,14);outputNeighborhood;<0, 0, 0, 0, 0>
0;58;(5,14);;<0, 0, 0, 0, 0>
0;59;(4,14);outputNeighborhood;<0, 0, 0, 0, 0>
0;59;(4,14);;<0, 0, 0, 0, 0>
0;60;(3,14);outputNeighborhood;<0, 0, 0, 0, 0>
0;60;(3,14);;<0, 0, 0, 0, 0>
0;61;(8,15);outputNeighborhood;<0, 0, 0, 0, 0>
0;61;(8,15);;<0, 0, 0, 0, 0>
0;62;(2,14);outputNeighborhood;<0, 0, 0, 0, 0>
0;62;(2,14);;<0, 0, 0, 0, 0>
0;63;(8,17);outputNeighborhood;<0, 0, 0, 0, 0>
0;63;(8,17);;<0, 0, 0, 0, 0>
0;64;(18,13);outputNeighborhood;<0, 0, 0, 0, 0>
0;64;(18,13);;<0, 0, 0, 0, 0>
0;65;(16,13);outputNeighborhood;<0, 0, 0, 0, 0>
0;65;(16,13);;<0, 0, 0, 0, 0>
0;66;(15,13);outputNeighborhood;<0, 0, 0, 0, 0>
0;66;(15,13);;<0, 0, 0, 0, 0>
0;67;(14,13);outputNeighborhood;<0, 0, 0, 0, 0>
0;67;(14,13);;<0, 0, 0, 0, 0>
0;68;(13,13);outputNeighborhood;<0, 0, 0, 0, 0>
0;68;(13,13);;<0, 0, 0, 0, 0>
0;69;(12,13);outputNeighborhood;<0, 0, 0, 0, 0>
0;69;(12,13);;<0, 0, 0, 0, 0>
0;70;(11,13);outputNeighborhood;<0, 0, 0, 0, 0>
0;70;(11,13);;<0, 0, 0, 0, 0>
0;71;(9,13);outputNeighborhood;<0, 0, 0, 0, 0>
0;71;(9,13);;<0, 0, 0, 0, 0>
0;72;(8,13);outputNeighborhood;<0, 0, 0, 0, 0>
0;72;(8,13);;<0, 0, 0, 0, 0>
0;73;(7,13);outputNeighborhood;<0, 0, 0, 0, 0>
0;73;(7,13);;<0, 0, 0, 0, 0>
0;74;(5,13);outputNeighborhood;<0, 0, 0, 0, 0>
0;74;(5,13);;<0, 0, 0, 0, 0>
0;75;(0,15);outputNeighborhood;<0, 0, 0, 0, 0>
0;75;(0,15);;<0, 0, 0, 0, 0>
0;76;(4,13);outputNeighborhood;<0, 0, 0, 0, 0>
0;76;(4,13);;<0, 0, 0, 0, 0>
0;77;(3,13);outputNeighborhood;<0, 0, 0, 0, 0>
0;77;(3,13);;<0, 0, 0, 0, 0>
0;78;(2,13);outputNeighborhood;<0, 0, 0, 0, 0>
0;78;(2,13);;<0, 0, 0, 0, 0>
0;79;(1,13);outputNeighborhood;<0, 0, 0, 0, 0>
0;79;(1,13);;<0, 0, 0, 0, 0>
0;80;(19,12);outputNeighborhood;<0, 0, 0, 0, 0>
0;80;(19,12);;<0, 0, 0, 0, 0>
0;81;(18,12);outputNeighborhood;<0, 0, 0, 0, 0>
0;81;(18,12);;<0, 0, 0, 0, 0>
0;82;(17,12);outputNeighborhood;<0, 0, 0, 0, 0>
0;82;(17,12);;<0, 0, 0, 0, 0>
0;83;(10,19);outputNeighborhood;<0, 0, 0, 0, 0>
0;83;(10,19);;<0, 0, 0, 0, 0>
0;84;(6,6);outputNeighborhood;<0, 0, 0, 0, 0>
0;84;(6,6);;<0, 0, 0, 0, 0>
0;85;(12,0);outputNeighborhood;<0, 0, 0, 0, 0>
0;85;(12,0);;<0, 0, 0, 0, 0>
0;86;(18,5);outputNeighborhood;<0, 0, 0, 0, 0>
0;86;(18,5);;<0, 0, 0, 0, 0>
0;87;(17,5);outputNeighborhood;<0, 0, 0, 0, 0>
0;87;(17,5);;<0, 0, 0, 0, 0>
0;88;(19,13);outputNeighborhood;<0, 0, 0, 0, 0>
0;88;(19,13);;<0, 0, 0, 0, 0>
0;89;(15,5);outputNeighborhood;<0, 0, 0, 0, 0>
0;89;(15,5);;<0, 0, 0, 0, 0>
0;90;(13,12);outputNeighborhood;<0, 0, 0, 0, 0>
0;90;(13,12);;<0, 0, 0, 0, 0>
0;91;(10,5);outputNeighborhood;<0, 0, 0, 0, 0>
0;91;(10,5);;<0, 0, 0, 0, 0>
0;92;(7,5);outputNeighborhood;<0, 0, 0, 0, 0>
0;92;(7,5);;<0, 0, 0, 0, 0>
0;93;(8,16);outputNeighborhood;<0, 0, 0, 0, 0>
0;93;(8,16);;<0, 0, 0, 0, 0>
0;94;(5,4);outputNeighborhood;<0, 0, 0, 0, 0>
0;94;(5,4);;<0, 0, 0, 0, 0>
0;95;(4,12);outputNeighborhood;<0, 0, 0, 0, 0>
0;95;(4,12);;<0, 0, 0, 0, 0>
0;96;(18,14);outputNeighborhood;<0, 0, 0, 0, 0>
0;96;(18,14);;<0, 0, 0, 0, 0>
0;97;(1,12);outputNeighborhood;<0, 0, 0, 0, 0>
0;97;(1,12);;<0, 0, 0, 0, 0>
0;98;(18,3);outputNeighborhood;<0, 0, 0, 0, 0>
0;98;(18,3);;<0, 0, 0, 0, 0>
0;99;(9,10);outputNeighborhood;<0, 0, 0, 0, 0>
0;99;(9,10);;<0, 0, 0, 0, 0>
0;100;(2,8);outputNeighborhood;<0, 0, 0, 0, 0>
0;100;(2,8);;<0, 0, 0, 0, 0>
0;101;(19,4);outputNeighborhood;<0, 0, 0, 0, 0>
0;101;(19,4);;<1, 0, 0, 0, 1>
0;102;(6,4);outputNeighborhood;<0, 0, 0, 0, 0>
0;102;(6,4);;<0, 0, 0, 0, 0>
0;103;(18,4);outputNeighborhood;<0, 0, 0, 0, 0>
0;103;(18,4);;<0, 0, 0, 0, 0>
0;104;(9,18);outputNeighborhood;<0, 0, 0, 0, 0>
0;104;(9,18);;<0, 0, 0, 0, 0>
0;105;(1,18);outputNeighborhood;<0, 0, 0, 0, 0>
0;105;(1,18);;<0, 0, 0, 0, 0>
0;106;(10,9);outputNeighborhood;<0, 0, 0, 0, 0>
0;106;(10,9);;<0, 0, 0, 0, 0>
0;107;(16,4);outputNeighborhood;<0, 0, 0, 0, 0>
0;107;(16,4);;<0, 0, 0, 0, 0>
0;108;(8,2);outputNeighborhood;<0, 0, 0, 0, 0>
0;108;(8,2);;<0, 0, 0, 0, 0>
0;109;(16,19);outputNeighborhood;<0, 0, 0, 0, 0>
0;109;(16,19);;<0, 0, 0, 0, 0>
0;110;(13,2);outputNeighborhood;<0, 0, 0, 0, 0>
0;110;(13,2);;<0, 0, 0, 0, 0>
0;111;(7,4);outputNeighborhood;<0, 0, 0, 0, 0>
0;111;(7,4);;<0, 0, 0, 0, 0>
0;112;(6,0);outputNeighborhood;<0, 0, 0, 0, 0>
0;112;(6,0);;<0, 0, 0, 0, 0>
0;113;(18,2);outputNeighborhood;<0, 0, 0, 0, 0>
0;113;(18,2);;<0, 0, 0, 0, 0>
0;114;(4,4);outputNeighborhood;<0, 0, 0, 0, 0>
0;114;(4,4);;<0, 0, 0, 0, 0>
0;115;(0,5);outputNeighborhood;<0, 0, 0, 0, 0>
0;115;(0,5);;<0, 0, 0, 0, 0>
0;116;(11,19);outputNeighborhood;<0, 0, 0, 0, 0>
0;116;(11,19);;<0, 0, 0, 0, 0>
0;117;(14,7);outputNeighborhood;<0, 0, 0, 0, 0>
0;117;(14,7);;<0, 0, 0, 0, 0>
0;118;(3,4);outputNeighborhood;<0, 0, 0, 0, 0>
0;118;(3,4);;<0, 0, 0, 0, 0>
0;119;(1,4);outputNeighborhood;<0, 0, 0, 0, 0>
0;119;(1,4);;<0, 0, 0, 0, 0>
0;120;(3,12);outputNeighborhood;<0, 0, 0, 0, 0>
0;120;(3,12);;<0, 0, 0, 0, 0>
0;121;(16,17);outputNeighborhood;<0, 0, 0, 0, 0>
0;121;(16,17);;<0, 0, 0, 0, 0>
0;122;(19,3);outputNeighborhood;<0, 0, 0, 0, 0>
0;122;(19,3);;<0, 0, 0, 0, 0>
0;123;(13,6);outputNeighborhood;<0, 0, 0, 0, 0>
0;123;(13,6);;<0, 0, 0, 0, 0>
0;124;(1,1);outputNeighborhood;<0, 0, 0, 0, 0>
0;124;(1,1);;<0, 0, 0, 0, 0>
0;125;(4,19);outputNeighborhood;<0, 0, 0, 0, 0>
0;125;(4,19);;<0, 0, 0, 0, 0>
0;126;(13,3);outputNeighborhood;<0, 0, 0, 0, 0>
0;126;(13,3);;<0, 0, 0, 0, 0>
0;127;(17,10);outputNeighborhood;<0, 0, 0, 0, 0>
0;127;(17,10);;<0, 0, 0, 0, 0>
0;128;(15,3);outputNeighborhood;<0, 0, 0, 0, 0>
0;128;(15,3);;<0, 0, 0, 0, 0>
0;129;(9,3);outputNeighborhood;<0, 0, 0, 0, 0>
0;129;(9,3);;<0, 0, 0, 0, 0>
0;130;(6,3);outputNeighborhood;<0, 0, 0, 0, 0>
0;130;(6,3);;<0, 0, 0, 0, 0>
0;131;(5,3);outputNeighborhood;<0, 0, 0, 0, 0>
0;131;(5,3);;<0, 0, 0, 0, 0>
0;132;(6,5);outputNeighborhood;<0, 0, 0, 0, 0>
0;132;(6,5);;<0, 0, 0, 0, 0>
0;133;(16,9);outputNeighborhood;<0, 0, 0, 0, 0>
0;133;(16,9);;<0, 0, 0, 0, 0>
0;134;(17,3);outputNeighborhood;<0, 0, 0, 0, 0>
0;134;(17,3);;<0, 0, 0, 0, 0>
0;135;(0,10);outputNeighborhood;<0, 0, 0, 0, 0>
0;135;(0,10);;<0, 0, 0, 0, 0>
0;136;(16,14);outputNeighborhood;<0, 0, 0, 0, 0>
0;136;(16,14);;<0, 0, 0, 0, 0>
0;137;(2,3);outputNeighborhood;<0, 0, 0, 0, 0>
0;137;(2,3);;<0, 0, 0, 0, 0>
0;138;(4,5);outputNeighborhood;<0, 0, 0, 0, 0>
0;138;(4,5);;<0, 0, 0, 0, 0>
0;139;(13,5);outputNeighborhood;<0, 0, 0, 0, 0>
0;139;(13,5);;<0, 0, 0, 0, 0>
0;140;(7,1);outputNeighborhood;<0, 0, 0, 0, 0>
0;140;(7,1);;<0, 0, 0, 0, 0>
0;141;(11,3);outputNeighborhood;<0, 0, 0, 0, 0>
0;141;(11,3);;<0, 0, 0, 0, 0>
0;142;(1,3);outputNeighborhood;<0, 0, 0, 0, 0>
0;142;(1,3);;<0, 0, 0, 0, 0>
0;143;(6,13);outputNeighborhood;<0, 0, 0, 0, 0>
0;143;(6,13);;<0, 0, 0, 0, 0>
0;144;(0,3);outputNeighborhood;<0, 0, 0, 0, 0>
0;144;(0,3);;<0, 0, 0, 0, 0>
0;145;(0,1);outputNeighborhood;<0, 0, 0, 0, 0>
0;145;(0,1);;<0, 0, 0, 0, 0>
0;146;(3,7);outputNeighborhood;<0, 0, 0, 0, 0>
0;146;(3,7);;<0, 0, 0, 0, 0>
0;147;(3,3);outputNeighborhood;<0, 0, 0, 0, 0>
0;147;(3,3);;<0, 0, 0, 0, 0>
0;148;(0,11);outputNeighborhood;<0, 0, 0, 0, 0>
0;148;(0,11);;<0, 0, 0, 0, 0>
0;149;(2,5);outputNeighborhood;<0, 0, 0, 0, 0>
0;149;(2,5);;<0, 0, 0, 0, 0>
0;150;(18,9);outputNeighborhood;<0, 0, 0, 0, 0>
0;150;(18,9);;<0, 0, 0, 0, 0>
0;151;(19,17);outputNeighborhood;<0, 0, 0, 0, 0>
0;151;(19,17);;<0, 0, 0, 0, 0>
0;152;(2,2);outputNeighborhood;<0, 0, 0, 0, 0>
0;152;(2,2);;<0, 0, 0, 0, 0>
0;153;(3,8);outputNeighborhood;<0, 0, 0, 0, 0>
0;153;(3,8);;<0, 0, 0, 0, 0>
0;154;(15,16);outputNeighborhood;<0, 0, 0, 0, 0>
0;154;(15,16);;<0, 0, 0, 0, 0>
0;155;(6,1);outputNeighborhood;<0, 0, 0, 0, 0>
0;155;(6,1);;<0, 0, 0, 0, 0>
0;156;(9,9);outputNeighborhood;<0, 0, 0, 0, 0>
0;156;(9,9);;<0, 0, 0, 0, 0>
0;157;(12,17);outputNeighborhood;<0, 0, 0, 0, 0>
0;157;(12,17);;<0, 0, 0, 0, 0>
0;158;(8,1);outputNeighborhood;<0, 0, 0, 0, 0>
0;158;(8,1);;<0, 0, 0, 0, 0>
0;159;(7,2);outputNeighborhood;<0, 0, 0, 0, 0>
0;159;(7,2);;<0, 0, 0, 0, 0>
0;160;(11,16);outputNeighborhood;<0, 0, 0, 0, 0>
0;160;(11,16);;<0, 0, 0, 0, 0>
0;161;(4,3);outputNeighborhood;<0, 0, 0, 0, 0>
0;161;(4,3);;<0, 0, 0, 0, 0>
0;162;(5,1);outputNeighborhood;<0, 0, 0, 0, 0>
0;162;(5,1);;<0, 0, 0, 0, 0>
0;163;(15,18);outputNeighborhood;<0, 0, 0, 0, 0>
0;163;(15,18);;<0, 0, 0, 0, 0>
0;164;(7,7);outputNeighborhood;<0, 0, 0, 0, 0>
0;164;(7,7);;<0, 0, 0, 0, 0>
0;165;(11,7);outputNeighborhood;<0, 0, 0, 0, 0>
0;165;(11,7);;<0, 0, 0, 0, 0>
0;166;(12,6);outputNeighborhood;<0, 0, 0, 0, 0>
0;166;(12,6);;<0, 0, 0, 0, 0>
0;167;(8,5);outputNeighborhood;<0, 0, 0, 0, 0>
0;167;(8,5);;<0, 0, 0, 0, 0>
0;168;(14,16);outputNeighborhood;<0, 0, 0, 0, 0>
0;168;(14,16);;<0, 0, 0, 0, 0>
0;169;(6,7);outputNeighborhood;<0, 0, 0, 0, 0>
0;169;(6,7);;<0, 0, 0, 0, 0>
0;170;(9,0);outputNeighborhood;<0, 0, 0, 0, 0>
0;170;(9,0);;<0, 0, 0, 0, 0>
0;171;(14,3);outputNeighborhood;<0, 0, 0, 0, 0>
0;171;(14,3);;<0, 0, 0, 0, 0>
0;172;(17,6);outputNeighborhood;<0, 0, 0, 0, 0>
0;172;(17,6);;<0, 0, 0, 0, 0>
0;173;(17,4);outputNeighborhood;<0, 0, 0, 0, 0>
0;173;(17,4);;<0, 0, 0, 0, 0>
0;174;(1,17);outputNeighborhood;<0, 0, 0, 0, 0>
0;174;(1,17);;<0, 0, 0, 0, 0>
0;175;(2,4);outputNeighborhood;<0, 0, 0, 0, 0>
0;175;(2,4);;<0, 0, 0, 0, 0>
0;176;(13,4);outputNeighborhood;<0, 0, 0, 0, 0>
0;176;(13,4);;<0, 0, 0, 0, 0>
0;177;(1,6);outputNeighborhood;<0, 0, 0, 0, 0>
0;177;(1,6);;<0, 0, 0, 0, 0>
0;178;(16,2);outputNeighborhood;<0, 0, 0, 0, 0>
0;178;(16,2);;<0, 0, 0, 0, 0>
0;179;(18,8);outputNeighborhood;<0, 0, 0, 0, 0>
0;179;(18,8);;<0, 0, 0, 0, 0>
0;180;(15,4);outputNeighborhood;<0, 0, 0, 0, 0>
0;180;(15,4);;<1, 0, 0, 0, 1>
0;181;(1,19);outputNeighborhood;<0, 0, 0, 0, 0>
0;181;(1,19);;<0, 0, 0, 0, 0>
0;182;(15,15);outputNeighborhood;<0, 0, 0, 0, 0>
0;182;(15,15);;<0, 0, 0, 0, 0>
0;183;(4,1);outputNeighborhood;<0, 0, 0, 0, 0>
0;183;(4,1);;<0, 0, 0, 0, 0>
0;184;(10,18);outputNeighborhood;<0, 0, 0, 0, 0>
0;184;(10,18);;<0, 0, 0, 0, 0>
0;185;(4,2);outputNeighborhood;<0, 0, 0, 0, 0>
0;185;(4,2);;<0, 0, 0, 0, 0>
0;186;(2,1);outputNeighborhood;<0, 0, 0, 0, 0>
0;186;(2,1);;<0, 0, 0, 0, 0>
0;187;(1,0);outputNeighborhood;<0, 0, 0, 0, 0>
0;187;(1,0);;<0, 0, 0, 0, 0>
0;188;(8,7);outputNeighborhood;<0, 0, 0, 0, 0>
0;188;(8,7);;<0, 0, 0, 0, 0>
0;189;(17,0);outputNeighborhood;<0, 0, 0, 0, 0>
0;189;(17,0);;<0, 0, 0, 0, 0>
0;190;(16,5);outputNeighborhood;<0, 0, 0, 0, 0>
0;190;(16,5);;<0, 0, 0, 0, 0>
0;191;(18,7);outputNeighborhood;<0, 0, 0, 0, 0>
0;191;(18,7);;<0, 0, 0, 0, 0>
0;192;(15,0);outputNeighborhood;<0, 0, 0, 0, 0>
0;192;(15,0);;<0, 0, 0, 0, 0>
0;193;(16,16);outputNeighborhood;<0, 0, 0, 0, 0>
0;193;(16,16);;<0, 0, 0, 0, 0>
0;194;(2,11);outputNeighborhood;<0, 0, 0, 0, 0>
0;194;(2,11);;<0, 0, 0, 0, 0>
0;195;(10,13);outputNeighborhood;<0, 0, 0, 0, 0>
0;195;(10,13);;<0, 0, 0, 0, 0>
0;196;(9,4);outputNeighborhood;<0, 0, 0, 0, 0>
0;196;(9,4);;<0, 0, 0, 0, 0>
0;197;(1,11);outputNeighborhood;<0, 0, 0, 0, 0>
0;197;(1,11);;<0, 0, 0, 0, 0>
0;198;(7,11);outputNeighborhood;<0, 0, 0, 0, 0>
0;198;(7,11);;<0, 0, 0, 0, 0>
0;199;(3,1);outputNeighborhood;<0, 0, 0, 0, 0>
0;199;(3,1);;<0, 0, 0, 0, 0>
0;200;(3,15);outputNeighborhood;<0, 0, 0, 0, 0>
0;200;(3,15);;<0, 0, 0, 0, 0>
0;201;(5,2);outputNeighborhood;<0, 0, 0, 0, 0>
0;201;(5,2);;<0, 0, 0, 0, 0>
0;202;(17,11);outputNeighborhood;<0, 0, 0, 0, 0>
0;202;(17,11);;<0, 0, 0, 0, 0>
0;203;(7,8);outputNeighborhood;<0, 0, 0, 0, 0>
0;203;(7,8);;<0, 0, 0, 0, 0>
0;204;(7,0);outputNeighborhood;<0, 0, 0, 0, 0>
0;204;(7,0);;<0, 0, 0, 0, 0>
0;205;(19,7);outputNeighborhood;<0, 0, 0, 0, 0>
0;205;(19,7);;<0, 0, 0, 0, 0>
0;206;(2,16);outputNeighborhood;<0, 0, 0, 0, 0>
0;206;(2,16);;<0, 0, 0, 0, 0>
0;207;(12,3);outputNeighborhood;<0, 0, 0, 0, 0>
0;207;(12,3);;<0, 0, 0, 0, 0>
0;208;(9,19);outputNeighborhood;<0, 0, 0, 0, 0>
0;208;(9,19);;<0, 0, 0, 0, 0>
0;209;(8,19);outputNeighborhood;<0, 0, 0, 0, 0>
0;209;(8,19);;<0, 0, 0, 0, 0>
0;210;(14,8);outputNeighborhood;<0, 0, 0, 0, 0>
0;210;(14,8);;<0, 0, 0, 0, 0>
0;211;(12,5);outputNeighborhood;<0, 0, 0, 0, 0>
0;211;(12,5);;<0, 0, 0, 0, 0>
0;212;(7,3);outputNeighborhood;<0, 0, 0, 0, 0>
0;212;(7,3);;<0, 0, 0, 0, 0>
0;213;(11,15);outputNeighborhood;<0, 0, 0, 0, 0>
0;213;(11,15);;<0, 0, 0, 0, 0>
0;214;(13,14);outputNeighborhood;<0, 0, 0, 0, 0>
0;214;(13,14);;<0, 0, 0, 0, 0>
0;215;(5,12);outputNeighborhood;<0, 0, 0, 0, 0>
0;215;(5,12);;<0, 0, 0, 0, 0>
0;216;(5,0);outputNeighborhood;<0, 0, 0, 0, 0>
0;216;(5,0);;<0, 0, 0, 0, 0>
0;217;(1,9);outputNeighborhood;<0, 0, 0, 0, 0>
0;217;(1,9);;<0, 0, 0, 0, 0>
0;218;(13,19);outputNeighborhood;<0, 0, 0, 0, 0>
0;218;(13,19);;<0, 0, 0, 0, 0>
0;219;(3,16);outputNeighborhood;<0, 0, 0, 0, 0>
0;219;(3,16);;<0, 0, 0, 0, 0>
0;220;(0,13);outputNeighborhood;<0, 0, 0, 0, 0>
0;220;(0,13);;<0, 0, 0, 0, 0>
0;221;(19,2);outputNeighborhood;<0, 0, 0, 0, 0>
0;221;(19,2);;<0, 0, 0, 0, 0>
0;222;(10,0);outputNeighborhood;<0, 0, 0, 0, 0>
0;222;(10,0);;<0, 0, 0, 0, 0>
0;223;(18,0);outputNeighborhood;<0, 0, 0, 0, 0>
0;223;(18,0);;<0, 0, 0, 0, 0>
0;224;(3,11);outputNeighborhood;<0, 0, 0, 0, 0>
0;224;(3,11);;<0, 0, 0, 0, 0>
0;225;(8,0);outputNeighborhood;<0, 0, 0, 0, 0>
0;225;(8,0);;<0, 0, 0, 0, 0>
0;226;(14,9);outputNeighborhood;<0, 0, 0, 0, 0>
0;226;(14,9);;<0, 0, 0, 0, 0>
0;227;(11,4);outputNeighborhood;<0, 0, 0, 0, 0>
0;227;(11,4);;<0, 0, 0, 0, 0>
0;228;(12,9);outputNeighborhood;<0, 0, 0, 0, 0>
0;228;(12,9);;<0, 0, 0, 0, 0>
0;229;(9,17);outputNeighborhood;<0, 0, 0, 0, 0>
0;229;(9,17);;<0, 0, 0, 0, 0>
0;230;(10,3);outputNeighborhood;<0, 0, 0, 0, 0>
0;230;(10,3);;<0, 0, 0, 0, 0>
0;231;(19,1);outputNeighborhood;<0, 0, 0, 0, 0>
0;231;(19,1);;<0, 0, 0, 0, 0>
0;232;(18,15);outputNeighborhood;<0, 0, 0, 0, 0>
0;232;(18,15);;<0, 0, 0, 0, 0>
0;233;(12,11);outputNeighborhood;<0, 0, 0, 0, 0>
0;233;(12,11);;<0, 0, 0, 0, 0>
0;234;(17,13);outputNeighborhood;<0, 0, 0, 0, 0>
0;234;(17,13);;<0, 0, 0, 0, 0>
0;235;(14,12);outputNeighborhood;<0, 0, 0, 0, 0>
0;235;(14,12);;<0, 0, 0, 0, 0>
0;236;(4,0);outputNeighborhood;<0, 0, 0, 0, 0>
0;236;(4,0);;<0, 0, 0, 0, 0>
0;237;(9,5);outputNeighborhood;<0, 0, 0, 0, 0>
0;237;(9,5);;<0, 0, 0, 0, 0>
0;238;(3,6);outputNeighborhood;<0, 0, 0, 0, 0>
0;238;(3,6);;<0, 0, 0, 0, 0>
0;239;(12,2);outputNeighborhood;<0, 0, 0, 0, 0>
0;239;(12,2);;<0, 0, 0, 0, 0>
0;240;(13,0);outputNeighborhood;<0, 0, 0, 0, 0>
0;240;(13,0);;<0, 0, 0, 0, 0>
0;241;(11,1);outputNeighborhood;<0, 0, 0, 0, 0>
0;241;(11,1);;<0, 0, 0, 0, 0>
0;242;(10,1);outputNeighborhood;<0, 0, 0, 0, 0>
0;242;(10,1);;<0, 0, 0, 0, 0>
0;243;(15,6);outputNeighborhood;<0, 0, 0, 0, 0>
0;243;(15,6);;<0, 0, 0, 0, 0>
0;244;(11,6);outputNeighborhood;<0, 0, 0, 0, 0>
0;244;(11,6);;<0, 0, 0, 0, 0>
0;245;(2,6);outputNeighborhood;<0, 0, 0, 0, 0>
0;245;(2,6);;<1, 0, 0, 0, 1>
0;246;(11,11);outputNeighborhood;<0, 0, 0, 0, 0>
0;246;(11,11);;<0, 0, 0, 0, 0>
0;247;(15,11);outputNeighborhood;<0, 0, 0, 0, 0>
0;247;(15,11);;<0, 0, 0, 0, 0>
0;248;(16,0);outputNeighborhood;<0, 0, 0, 0, 0>
0;248;(16,0);;<0, 0, 0, 0, 0>
0;249;(14,0);outputNeighborhood;<0, 0, 0, 0, 0>
0;249;(14,0);;<0, 0, 0, 0, 0>
0;250;(12,1);outputNeighborhood;<0, 0, 0, 0, 0>
0;250;(12,1);;<0, 0, 0, 0, 0>
0;251;(6,16);outputNeighborhood;<0, 0, 0, 0, 0>
0;251;(6,16);;<0, 0, 0, 0, 0>
0;252;(17,1);outputNeighborhood;<0, 0, 0, 0, 0>
0;252;(17,1);;<0, 0, 0, 0, 0>
0;253;(16,1);outputNeighborhood;<0, 0, 0, 0, 0>
0;253;(16,1);;<0, 0, 0, 0, 0>
0;254;(15,1);outputNeighborhood;<0, 0, 0, 0, 0>
0;254;(15,1);;<0, 0, 0, 0, 0>
0;255;(18,1);outputNeighborhood;<0, 0, 0, 0, 0>
0;255;(18,1);;<0, 0, 0, 0, 0>
0;256;(2,7);outputNeighborhood;<0, 0, 0, 0, 0>
0;256;(2,7);;<0, 0, 0, 0, 0>
0;257;(9,2);outputNeighborhood;<0, 0, 0, 0, 0>
0;257;(9,2);;<0, 0, 0, 0, 0>
0;258;(11,0);outputNeighborhood;<0, 0, 0, 0, 0>
0;258;(11,0);;<0, 0, 0, 0, 0>
0;259;(0,0);outputNeighborhood;<0, 0, 0, 0, 0>
0;259;(0,0);;<0, 0, 0, 0, 0>
0;260;(1,2);outputNeighborhood;<0, 0, 0, 0, 0>
0;260;(1,2);;<0, 0, 0, 0, 0>
0;261;(0,14);outputNeighborhood;<0, 0, 0, 0, 0>
0;261;(0,14);;<0, 0, 0, 0, 0>
0;262;(13,9);outputNeighborhood;<0, 0, 0, 0, 0>
0;262;(13,9);;<0, 0, 0, 0, 0>
0;263;(14,10);outputNeighborhood;<0, 0, 0, 0, 0>
0;263;(14,10);;<0, 0, 0, 0, 0>
0;264;(3,0);outputNeighborhood;<0, 0, 0, 0, 0>
0;264;(3,0);;<0, 0, 0, 0, 0>
0;265;(3,5);outputNeighborhood;<0, 0, 0, 0, 0>
0;265;(3,5);;<0, 0, 0, 0, 0>
0;266;(0,2);outputNeighborhood;<0, 0, 0, 0, 0>
0;266;(0,2);;<0, 0, 0, 0, 0>
0;267;(3,2);outputNeighborhood;<0, 0, 0, 0, 0>
0;267;(3,2);;<0, 0, 0, 0, 0>
0;268;(4,17);outputNeighborhood;<0, 0, 0, 0, 0>
0;268;(4,17);;<0, 0, 0, 0, 0>
0;269;(12,15);outputNeighborhood;<0, 0, 0, 0, 0>
0;269;(12,15);;<0, 0, 0, 0, 0>
0;270;(6,2);outputNeighborhood;<0, 0, 0, 0, 0>
0;270;(6,2);;<0, 0, 0, 0, 0>
0;271;(10,16);outputNeighborhood;<0, 0, 0, 0, 0>
0;271;(10,16);;<0, 0, 0, 0, 0>
0;272;(14,5);outputNeighborhood;<0, 0, 0, 0, 0>
0;272;(14,5);;<0, 0, 0, 0, 0>
0;273;(2,0);outputNeighborhood;<0, 0, 0, 0, 0>
0;273;(2,0);;<0, 0, 0, 0, 0>
0;274;(19,5);outputNeighborhood;<0, 0, 0, 0, 0>
0;274;(19,5);;<0, 0, 0, 0, 0>
0;275;(14,1);outputNeighborhood;<0, 0, 0, 0, 0>
0;275;(14,1);;<0, 0, 0, 0, 0>
0;276;(13,18);outputNeighborhood;<0, 0, 0, 0, 0>
0;276;(13,18);;<0, 0, 0, 0, 0>
0;277;(7,14);outputNeighborhood;<0, 0, 0, 0, 0>
0;277;(7,14);;<0, 0, 0, 0, 0>
0;278;(16,7);outputNeighborhood;<0, 0, 0, 0, 0>
0;278;(16,7);;<1, 0, 0, 0, 1>
0;279;(8,8);outputNeighborhood;<0, 0, 0, 0, 0>
0;279;(8,8);;<0, 0, 0, 0, 0>
0;280;(10,2);outputNeighborhood;<0, 0, 0, 0, 0>
0;280;(10,2);;<0, 0, 0, 0, 0>
0;281;(11,2);outputNeighborhood;<0, 0, 0, 0, 0>
0;281;(11,2);;<0, 0, 0, 0, 0>
0;282;(6,17);outputNeighborhood;<0, 0, 0, 0, 0>
0;282;(6,17);;<0, 0, 0, 0, 0>
0;283;(19,14);outputNeighborhood;<0, 0, 0, 0, 0>
0;283;(19,14);;<0, 0, 0, 0, 0>
0;284;(14,4);outputNeighborhood;<0, 0, 0, 0, 0>
0;284;(14,4);;<0, 0, 0, 0, 0>
0;285;(14,2);outputNeighborhood;<0, 0, 0, 0, 0>
0;285;(14,2);;<0, 0, 0, 0, 0>
0;286;(13,8);outputNeighborhood;<0, 0, 0, 0, 0>
0;286;(13,8);;<0, 0, 0, 0, 0>
0;287;(0,18);outputNeighborhood;<0, 0, 0, 0, 0>
0;287;(0,18);;<0, 0, 0, 0, 0>
0;288;(9,1);outputNeighborhood;<0, 0, 0, 0, 0>
0;288;(9,1);;<0, 0, 0, 0, 0>
0;289;(0,12);outputNeighborhood;<0, 0, 0, 0, 0>
0;289;(0,12);;<0, 0, 0, 0, 0>
0;290;(19,10);outputNeighborhood;<0, 0, 0, 0, 0>
0;290;(19,10);;<0, 0, 0, 0, 0>
0;291;(7,19);outputNeighborhood;<0, 0, 0, 0, 0>
0;291;(7,19);;<0, 0, 0, 0, 0>
0;292;(7,6);outputNeighborhood;<0, 0, 0, 0, 0>
0;292;(7,6);;<0, 0, 0, 0, 0>
0;293;(8,9);outputNeighborhood;<0, 0, 0, 0, 0>
0;293;(8,9);;<0, 0, 0, 0, 0>
0;294;(10,11);outputNeighborhood;<0, 0, 0, 0, 0>
0;294;(10,11);;<0, 0, 0, 0, 0>
0;295;(8,6);outputNeighborhood;<0, 0, 0, 0, 0>
0;295;(8,6);;<0, 0, 0, 0, 0>
0;296;(10,15);outputNeighborhood;<0, 0, 0, 0, 0>
0;296;(10,15);;<0, 0, 0, 0, 0>
0;297;(9,6);outputNeighborhood;<0, 0, 0, 0, 0>
0;297;(9,6);;<0, 0, 0, 0, 0>
0;298;(17,18);outputNeighborhood;<0, 0, 0, 0, 0>
0;298;(17,18);;<0, 0, 0, 0, 0>
0;299;(19,0);outputNeighborhood;<0, 0, 0, 0, 0>
0;299;(19,0);;<1, 0, 0, 0, 1>
0;300;(10,6);outputNeighborhood;<0, 0, 0, 0, 0>
0;300;(10,6);;<0, 0, 0, 0, 0>
0;301;(14,6);outputNeighborhood;<0, 0, 0, 0, 0>
0;301;(14,6);;<0, 0, 0, 0, 0>
0;302;(8,12);outputNeighborhood;<0, 0, 0, 0, 0>
0;302;(8,12);;<0, 0, 0, 0, 0>
0;303;(16,6);outputNeighborhood;<0, 0, 0, 0, 0>
0;303;(16,6);;<0, 0, 0, 0, 0>
0;304;(18,6);outputNeighborhood;<0, 0, 0, 0, 0>
0;304;(18,6);;<0, 0, 0, 0, 0>
0;305;(17,2);outputNeighborhood;<0, 0, 0, 0, 0>
0;305;(17,2);;<0, 0, 0, 0, 0>
0;306;(0,7);outputNeighborhood;<0, 0, 0, 0, 0>
0;306;(0,7);;<0, 0, 0, 0, 0>
0;307;(15,8);outputNeighborhood;<0, 0, 0, 0, 0>
0;307;(15,8);;<0, 0, 0, 0, 0>
0;308;(1,7);outputNeighborhood;<0, 0, 0, 0, 0>
0;308;(1,7);;<0, 0, 0, 0, 0>
0;309;(4,7);outputNeighborhood;<0, 0, 0, 0, 0>
0;309;(4,7);;<0, 0, 0, 0, 0>
0;310;(8,14);outputNeighborhood;<0, 0, 0, 0, 0>
0;310;(8,14);;<0, 0, 0, 0, 0>
0;311;(5,7);outputNeighborhood;<0, 0, 0, 0, 0>
0;311;(5,7);;<0, 0, 0, 0, 0>
0;312;(12,4);outputNeighborhood;<0, 0, 0, 0, 0>
0;312;(12,4);;<0, 0, 0, 0, 0>
0;313;(9,7);outputNeighborhood;<0, 0, 0, 0, 0>
0;313;(9,7);;<0, 0, 0, 0, 0>
0;314;(10,7);outputNeighborhood;<0, 0, 0, 0, 0>
0;314;(10,7);;<0, 0, 0, 0, 0>
0;315;(12,7);outputNeighborhood;<0, 0, 0, 0, 0>
0;315;(12,7);;<0, 0, 0, 0, 0>
0;316;(13,7);outputNeighborhood;<0, 0, 0, 0, 0>
0;316;(13,7);;<0, 0, 0, 0, 0>
0;317;(13,16);outputNeighborhood;<0, 0, 0, 0, 0>
0;317;(13,16);;<0, 0, 0, 0, 0>
0;318;(15,7);outputNeighborhood;<0, 0, 0, 0, 0>
0;318;(15,7);;<0, 0, 0, 0, 0>
0;319;(17,14);outputNeighborhood;<0, 0, 0, 0, 0>
0;319;(17,14);;<0, 0, 0, 0, 0>
0;320;(17,7);outputNeighborhood;<0, 0, 0, 0, 0>
0;320;(17,7);;<0, 0, 0, 0, 0>
0;321;(1,8);outputNeighborhood;<0, 0, 0, 0, 0>
0;321;(1,8);;<0, 0, 0, 0, 0>
0;322;(9,8);outputNeighborhood;<0, 0, 0, 0, 0>
0;322;(9,8);;<0, 0, 0, 0, 0>
0;323;(10,4);outputNeighborhood;<0, 0, 0, 0, 0>
0;323;(10,4);;<0, 0, 0, 0, 0>
0;324;(0,8);outputNeighborhood;<0, 0, 0, 0, 0>
0;324;(0,8);;<1, 0, 0, 0, 1>
0;325;(3,19);outputNeighborhood;<0, 0, 0, 0, 0>
0;325;(3,19);;<0, 0, 0, 0, 0>
0;326;(4,8);outputNeighborhood;<0, 0, 0, 0, 0>
0;326;(4,8);;<0, 0, 0, 0, 0>
0;327;(5,8);outputNeighborhood;<0, 0, 0, 0, 0>
0;327;(5,8);;<0, 0, 0, 0, 0>
0;328;(5,5);outputNeighborhood;<0, 0, 0, 0, 0>
0;328;(5,5);;<0, 0, 0, 0, 0>
0;329;(8,3);outputNeighborhood;<0, 0, 0, 0, 0>
0;329;(8,3);;<0, 0, 0, 0, 0>
0;330;(6,8);outputNeighborhood;<0, 0, 0, 0, 0>
0;330;(6,8);;<0, 0, 0, 0, 0>
0;331;(0,6);outputNeighborhood;<0, 0, 0, 0, 0>
0;331;(0,6);;<0, 0, 0, 0, 0>
0;332;(19,6);outputNeighborhood;<0, 0, 0, 0, 0>
0;332;(19,6);;<0, 0, 0, 0, 0>
0;333;(10,8);outputNeighborhood;<0, 0, 0, 0, 0>
0;333;(10,8);;<0, 0, 0, 0, 0>
0;334;(16,18);outputNeighborhood;<0, 0, 0, 0, 0>
0;334;(16,18);;<0, 0, 0, 0, 0>
0;335;(6,9);outputNeighborhood;<0, 0, 0, 0, 0>
0;335;(6,9);;<0, 0, 0, 0, 0>
0;336;(11,8);outputNeighborhood;<0, 0, 0, 0, 0>
0;336;(11,8);;<0, 0, 0, 0, 0>
0;337;(12,8);outputNeighborhood;<0, 0, 0, 0, 0>
0;337;(12,8);;<0, 0, 0, 0, 0>
0;338;(17,15);outputNeighborhood;<0, 0, 0, 0, 0>
0;338;(17,15);;<0, 0, 0, 0, 0>
0;339;(17,8);outputNeighborhood;<0, 0, 0, 0, 0>
0;339;(17,8);;<0, 0, 0, 0, 0>
0;340;(11,10);outputNeighborhood;<0, 0, 0, 0, 0>
0;340;(11,10);;<0, 0, 0, 0, 0>
0;341;(16,3);outputNeighborhood;<0, 0, 0, 0, 0>
0;341;(16,3);;<0, 0, 0, 0, 0>
0;342;(11,9);outputNeighborhood;<0, 0, 0, 0, 0>
0;342;(11,9);;<0, 0, 0, 0, 0>
0;343;(19,8);outputNeighborhood;<0, 0, 0, 0, 0>
0;343;(19,8);;<0, 0, 0, 0, 0>
0;344;(6,12);outputNeighborhood;<0, 0, 0, 0, 0>
0;344;(6,12);;<0, 0, 0, 0, 0>
0;345;(15,2);outputNeighborhood;<0, 0, 0, 0, 0>
0;345;(15,2);;<0, 0, 0, 0, 0>
0;346;(4,11);outputNeighborhood;<0, 0, 0, 0, 0>
0;346;(4,11);;<0, 0, 0, 0, 0>
0;347;(0,9);outputNeighborhood;<0, 0, 0, 0, 0>
0;347;(0,9);;<0, 0, 0, 0, 0>
0;348;(8,11);outputNeighborhood;<0, 0, 0, 0, 0>
0;348;(8,11);;<0, 0, 0, 0, 0>
0;349;(2,9);outputNeighborhood;<0, 0, 0, 0, 0>
0;349;(2,9);;<0, 0, 0, 0, 0>
0;350;(3,9);outputNeighborhood;<0, 0, 0, 0, 0>
0;350;(3,9);;<0, 0, 0, 0, 0>
0;351;(4,9);outputNeighborhood;<0, 0, 0, 0, 0>
0;351;(4,9);;<0, 0, 0, 0, 0>
0;352;(5,9);outputNeighborhood;<0, 0, 0, 0, 0>
0;352;(5,9);;<0, 0, 0, 0, 0>
0;353;(4,10);outputNeighborhood;<0, 0, 0, 0, 0>
0;353;(4,10);;<0, 0, 0, 0, 0>
0;354;(8,4);outputNeighborhood;<0, 0, 0, 0, 0>
0;354;(8,4);;<0, 0, 0, 0, 0>
0;355;(7,9);outputNeighborhood;<0, 0, 0, 0, 0>
0;355;(7,9);;<0, 0, 0, 0, 0>
0;356;(5,18);outputNeighborhood;<0, 0, 0, 0, 0>
0;356;(5,18);;<0, 0, 0, 0, 0>
0;357;(15,9);outputNeighborhood;<0, 0, 0, 0, 0>
0;357;(15,9);;<0, 0, 0, 0, 0>
0;358;(17,9);outputNeighborhood;<0, 0, 0, 0, 0>
0;358;(17,9);;<0, 0, 0, 0, 0>
0;359;(19,9);outputNeighborhood;<0, 0, 0, 0, 0>
0;359;(19,9);;<0, 0, 0, 0, 0>
0;360;(1,10);outputNeighborhood;<0, 0, 0, 0, 0>
0;360;(1,10);;<0, 0, 0, 0, 0>
0;361;(13,17);outputNeighborhood;<0, 0, 0, 0, 0>
0;361;(13,17);;<0, 0, 0, 0, 0>
0;362;(1,14);outputNeighborhood;<0, 0, 0, 0, 0>
0;362;(1,14);;<0, 0, 0, 0, 0>
0;363;(2,10);outputNeighborhood;<0, 0, 0, 0, 0>
0;363;(2,10);;<0, 0, 0, 0, 0>
0;364;(3,10);outputNeighborhood;<0, 0, 0, 0, 0>
0;364;(3,10);;<0, 0, 0, 0, 0>
0;365;(5,10);outputNeighborhood;<0, 0, 0, 0, 0>
0;365;(5,10);;<0, 0, 0, 0, 0>
0;366;(6,10);outputNeighborhood;<0, 0, 0, 0, 0>
0;366;(6,10);;<0, 0, 0, 0, 0>
0;367;(19,11);outputNeighborhood;<0, 0, 0, 0, 0>
0;367;(19,11);;<0, 0, 0, 0, 0>
0;368;(15,14);outputNeighborhood;<0, 0, 0, 0, 0>
0;368;(15,14);;<0, 0, 0, 0, 0>
0;369;(7,10);outputNeighborhood;<0, 0, 0, 0, 0>
0;369;(7,10);;<0, 0, 0, 0, 0>
0;370;(8,10);outputNeighborhood;<0, 0, 0, 0, 0>
0;370;(8,10);;<0, 0, 0, 0, 0>
0;371;(9,11);outputNeighborhood;<0, 0, 0, 0, 0>
0;371;(9,11);;<0, 0, 0, 0, 0>
0;372;(10,10);outputNeighborhood;<0, 0, 0, 0, 0>
0;372;(10,10);;<0, 0, 0, 0, 0>
0;373;(12,10);outputNeighborhood;<0, 0, 0, 0, 0>
0;373;(12,10);;<0, 0, 0, 0, 0>
0;374;(16,12);outputNeighborhood;<0, 0, 0, 0, 0>
0;374;(16,12);;<0, 0, 0, 0, 0>
0;375;(13,10);outputNeighborhood;<0, 0, 0, 0, 0>
0;375;(13,10);;<0, 0, 0, 0, 0>
0;376;(7,12);outputNeighborhood;<0, 0, 0, 0, 0>
0;376;(7,12);;<0, 0, 0, 0, 0>
0;377;(18,18);outputNeighborhood;<0, 0, 0, 0, 0>
0;377;(18,18);;<0, 0, 0, 0, 0>
0;378;(15,10);outputNeighborhood;<0, 0, 0, 0, 0>
0;378;(15,10);;<0, 0, 0, 0, 0>
0;379;(16,10);outputNeighborhood;<0, 0, 0, 0, 0>
0;379;(16,10);;<0, 0, 0, 0, 0>
0;380;(0,4);outputNeighborhood;<0, 0, 0, 0, 0>
0;380;(0,4);;<0, 0, 0, 0, 0>
0;381;(2,12);outputNeighborhood;<0, 0, 0, 0, 0>
0;381;(2,12);;<0, 0, 0, 0, 0>
0;382;(12,19);outputNeighborhood;<0, 0, 0, 0, 0>
0;382;(12,19);;<0, 0, 0, 0, 0>
0;383;(18,10);outputNeighborhood;<0, 0, 0, 0, 0>
0;383;(18,10);;<0, 0, 0, 0, 0>
0;384;(9,12);outputNeighborhood;<0, 0, 0, 0, 0>
0;384;(9,12);;<0, 0, 0, 0, 0>
0;385;(5,11);outputNeighborhood;<0, 0, 0, 0, 0>
0;385;(5,11);;<1, 0, 0, 0, 1>
0;386;(16,11);outputNeighborhood;<0, 0, 0, 0, 0>
0;386;(16,11);;<0, 0, 0, 0, 0>
0;387;(11,5);outputNeighborhood;<0, 0, 0, 0, 0>
0;387;(11,5);;<0, 0, 0, 0, 0>
0;388;(4,6);outputNeighborhood;<0, 0, 0, 0, 0>
0;388;(4,6);;<0, 0, 0, 0, 0>
0;389;(6,11);outputNeighborhood;<0, 0, 0, 0, 0>
0;389;(6,11);;<0, 0, 0, 0, 0>
0;390;(1,5);outputNeighborhood;<0, 0, 0, 0, 0>
0;390;(1,5);;<0, 0, 0, 0, 0>
0;391;(5,6);outputNeighborhood;<0, 0, 0, 0, 0>
0;391;(5,6);;<0, 0, 0, 0, 0>
0;392;(14,11);outputNeighborhood;<0, 0, 0, 0, 0>
0;392;(14,11);;<0, 0, 0, 0, 0>
0;393;(18,11);outputNeighborhood;<0, 0, 0, 0, 0>
0;393;(18,11);;<0, 0, 0, 0, 0>
0;394;(13,1);outputNeighborhood;<0, 0, 0, 0, 0>
0;394;(13,1);;<0, 0, 0, 0, 0>
0;395;(16,8);outputNeighborhood;<0, 0, 0, 0, 0>
0;395;(16,8);;<0, 0, 0, 0, 0>
0;396;(10,12);outputNeighborhood;<0, 0, 0, 0, 0>
0;396;(10,12);;<0, 0, 0, 0, 0>
0;397;(13,11);outputNeighborhood;<0, 0, 0, 0, 0>
0;397;(13,11);;<0, 0, 0, 0, 0>
0;398;(11,12);outputNeighborhood;<0, 0, 0, 0, 0>
0;398;(11,12);;<0, 0, 0, 0, 0>
0;399;(12,12);outputNeighborhood;<0, 0, 0, 0, 0>
0;399;(12,12);;<0, 0, 0, 0, 0>
0;400;(15,12);outputNeighborhood;<0, 0, 0, 0, 0>
0;400;(15,12);;<0, 0, 0, 0, 0>
1;1;(19,19);;<0, 0, 0, 0, 0>
1;2;(18,19);;<0, 0, 0, 0, 0>
1;9;(0,19);;<0, 0, 0, 0, 0>
1;10;(19,18);;<0, 0, 0, 0, 0>
1;12;(12,18);;<0, 0, 0, 0, 0>
1;13;(11,18);;<0, 0, 0, 0, 0>
1;22;(14,17);;<0, 0, 0, 0, 0>
1;23;(11,17);outputNeighborhood;<1, 0, 0, 0, 1>
1;23;(11,17);;<1, 0, 0, 0, 1>
1;24;(10,17);;<1, 0, 0, 0, 1>
1;33;(12,16);;<0, 0, 0, 0, 0>
1;35;(9,16);outputNeighborhood;<1, 0, 0, 0, 1>
1;35;(9,16);;<1, 0, 0, 0, 1>
1;36;(7,16);;<0, 0, 0, 0, 0>
1;42;(16,15);;<0, 0, 0, 0, 0>
1;43;(14,15);outputNeighborhood;<1, 0, 0, 0, 1>
1;43;(14,15);;<1, 0, 0, 0, 1>
1;44;(13,15);;<0, 0, 0, 0, 0>
1;45;(9,15);;<0, 0, 0, 0, 0>
1;52;(14,14);;<0, 0, 0, 0, 0>
1;56;(9,14);;<0, 0, 0, 0, 0>
1;61;(8,15);;<0, 0, 0, 0, 0>
1;63;(8,17);;<0, 0, 0, 0, 0>
1;67;(14,13);;<0, 0, 0, 0, 0>
1;74;(5,13);;<0, 0, 0, 0, 0>
1;86;(18,5);;<0, 0, 0, 0, 0>
1;89;(15,5);;<0, 0, 0, 0, 0>
1;93;(8,16);;<0, 0, 0, 0, 0>
1;95;(4,12);;<0, 0, 0, 0, 0>
1;98;(18,3);;<0, 0, 0, 0, 0>
1;100;(2,8);;<0, 0, 0, 0, 0>
1;101;(19,4);outputNeighborhood;<1, 0, 0, 0, 1>
1;101;(19,4);;<1, 0, 0, 0, 1>
1;103;(18,4);;<0, 0, 0, 0, 0>
1;104;(9,18);;<0, 0, 0, 0, 0>
1;107;(16,4);;<0, 0, 0, 0, 0>
1;115;(0,5);;<0, 0, 0, 0, 0>
1;116;(11,19);;<0, 0, 0, 0, 0>
1;117;(14,7);;<0, 0, 0, 0, 0>
1;119;(1,4);;<0, 0, 0, 0, 0>
1;122;(19,3);;<0, 0, 0, 0, 0>
1;128;(15,3);;<0, 0, 0, 0, 0>
1;133;(16,9);;<0, 0, 0, 0, 0>
1;135;(0,10);;<0, 0, 0, 0, 0>
1;144;(0,3);;<0, 0, 0, 0, 0>
1;145;(0,1);;<0, 0, 0, 0, 0>
1;146;(3,7);;<1, 0, 0, 0, 1>
1;149;(2,5);;<0, 0, 0, 0, 0>
1;154;(15,16);;<0, 0, 0, 0, 0>
1;157;(12,17);;<0, 0, 0, 0, 0>
1;160;(11,16);;<0, 0, 0, 0, 0>
1;168;(14,16);;<0, 0, 0, 0, 0>
1;171;(14,3);;<0, 0, 0, 0, 0>
1;172;(17,6);;<0, 0, 0, 0, 0>
1;173;(17,4);;<0, 0, 0, 0, 0>
1;175;(2,4);;<0, 0, 0, 0, 0>
1;176;(13,4);;<0, 0, 0, 0, 0>
1;177;(1,6);;<0, 0, 0, 0, 0>
1;179;(18,8);;<0, 0, 0, 0, 0>
1;180;(15,4);outputNeighborhood;<1, 0, 0, 0, 1>
1;180;(15,4);;<1, 0, 0, 0, 1>
1;182;(15,15);;<0, 0, 0, 0, 0>
1;184;(10,18);;<0, 0, 0, 0, 0>
1;187;(1,0);;<0, 0, 0, 0, 0>
1;189;(17,0);;<0, 0, 0, 0, 0>
1;190;(16,5);;<0, 0, 0, 0, 0>
1;191;(18,7);;<0, 0, 0, 0, 0>
1;198;(7,11);;<0, 0, 0, 0, 0>
1;205;(19,7);;<0, 0, 0, 0, 0>
1;213;(11,15);;<0, 0, 0, 0, 0>
1;214;(13,14);;<0, 0, 0, 0, 0>
1;215;(5,12);;<0, 0, 0, 0, 0>
1;217;(1,9);;<0, 0, 0, 0, 0>
1;221;(19,2);;<0, 0, 0, 0, 0>
1;223;(18,0);;<0, 0, 0, 0, 0>
1;224;(3,11);;<0, 0, 0, 0, 0>
1;229;(9,17);;<0, 0, 0, 0, 0>
1;231;(19,1);;<0, 0, 0, 0, 0>
1;238;(3,6);;<0, 0, 0, 0, 0>
1;243;(15,6);;<0, 0, 0, 0, 0>
1;245;(2,6);outputNeighborhood;<1, 0, 0, 0, 1>
1;245;(2,6);;<1, 0, 0, 0, 1>
1;255;(18,1);;<0, 0, 0, 0, 0>
1;256;(2,7);;<0, 0, 0, 0, 0>
1;259;(0,0);;<1, 0, 0, 0, 1>
1;265;(3,5);;<0, 0, 0, 0, 0>
1;269;(12,15);;<0, 0, 0, 0, 0>
1;271;(10,16);;<0, 0, 0, 0, 0>
1;272;(14,5);;<0, 0, 0, 0, 0>
1;274;(19,5);;<0, 0, 0, 0, 0>
1;278;(16,7);outputNeighborhood;<1, 0, 0, 0, 1>
1;278;(16,7);;<1, 0, 0, 0, 1>
1;284;(14,4);;<0, 0, 0, 0, 0>
1;296;(10,15);;<0, 0, 0, 0, 0>
1;299;(19,0);outputNeighborhood;<1, 0, 0, 0, 1>
1;299;(19,0);;<1, 0, 0, 0, 1>
1;303;(16,6);;<0, 0, 0, 0, 0>
1;306;(0,7);;<0, 0, 0, 0, 0>
1;307;(15,8);;<0, 0, 0, 0, 0>
1;308;(1,7);;<0, 0, 0, 0, 0>
1;317;(13,16);;<0, 0, 0, 0, 0>
1;318;(15,7);;<0, 0, 0, 0, 0>
1;320;(17,7);;<0, 0, 0, 0, 0>
1;321;(1,8);;<0, 0, 0, 0, 0>
1;324;(0,8);outputNeighborhood;<1, 0, 0, 0, 1>
1;324;(0,8);;<1, 0, 0, 0, 1>
1;331;(0,6);;<0, 0, 0, 0, 0>
1;332;(19,6);;<0, 0, 0, 0, 0>
1;339;(17,8);;<0, 0, 0, 0, 0>
1;341;(16,3);;<0, 0, 0, 0, 0>
1;343;(19,8);;<0, 0, 0, 0, 0>
1;344;(6,12);;<0, 0, 0, 0, 0>
1;345;(15,2);;<0, 0, 0, 0, 0>
1;346;(4,11);;<0, 0, 0, 0, 0>
1;347;(0,9);;<0, 0, 0, 0, 0>
1;352;(5,9);;<0, 0, 0, 0, 0>
1;353;(4,10);;<0, 0, 0, 0, 0>
1;359;(19,9);;<0, 0, 0, 0, 0>
1;361;(13,17);;<0, 0, 0, 0, 0>
1;365;(5,10);;<0, 0, 0, 0, 0>
1;366;(6,10);;<0, 0, 0, 0, 0>
1;368;(15,14);;<0, 0, 0, 0, 0>
1;380;(0,4);;<0, 0, 0, 0, 0>
1;385;(5,11);outputNeighborhood;<1, 0, 0, 0, 1>
1;385;(5,11);;<1, 0, 0, 0, 1>
1;388;(4,6);;<0, 0, 0, 0, 0>
1;389;(6,11);;<0, 0, 0, 0, 0>
1;390;(1,5);;<1, 0, 0, 0, 1>
1;395;(16,8);;<0, 0, 0, 0, 0>
2;1;(19,19);;<0, 0, 0, 0, 0>
2;9;(0,19);;<0, 0, 0, 0, 0>
2;13;(11,18);;<0, 0, 0, 0, 0>
2;23;(11,17);;<1, 0, 0, 0, 1>
2;24;(10,17);outputNeighborhood;<1, 0, 0, 0, 1>
2;24;(10,17);;<1, 0, 0, 0, 1>
2;35;(9,16);;<1, 0, 0, 0, 1>
2;63;(8,17);;<0, 0, 0, 0, 0>
2;83;(10,19);;<0, 0, 0, 0, 0>
2;100;(2,8);;<0, 0, 0, 0, 0>
2;104;(9,18);;<0, 0, 0, 0, 0>
2;115;(0,5);;<0, 0, 0, 0, 0>
2;119;(1,4);;<0, 0, 0, 0, 0>
2;124;(1,1);;<0, 0, 0, 0, 0>
2;142;(1,3);;<0, 0, 0, 0, 0>
2;145;(0,1);;<1, 0, 0, 0, 1>
2;146;(3,7);outputNeighborhood;<1, 0, 0, 0, 1>
2;146;(3,7);;<1, 0, 0, 0, 1>
2;149;(2,5);;<1, 0, 0, 0, 1>
2;153;(3,8);;<0, 0, 0, 0, 0>
2;157;(12,17);;<0, 0, 0, 0, 0>
2;160;(11,16);;<0, 0, 0, 0, 0>
2;175;(2,4);;<0, 0, 0, 0, 0>
2;177;(1,6);;<1, 0, 0, 0, 1>
2;181;(1,19);;<0, 0, 0, 0, 0>
2;184;(10,18);;<0, 0, 0, 0, 0>
2;187;(1,0);;<0, 0, 0, 0, 0>
2;223;(18,0);;<0, 0, 0, 0, 0>
2;229;(9,17);;<1, 0, 0, 0, 1>
2;231;(19,1);;<0, 0, 0, 0, 0>
2;238;(3,6);;<1, 0, 0, 0, 1>
2;245;(2,6);;<1, 0, 0, 0, 1>
2;256;(2,7);;<1, 0, 0, 0, 1>
2;259;(0,0);outputNeighborhood;<1, 0, 0, 0, 1>
2;259;(0,0);;<1, 0, 0, 0, 1>
2;265;(3,5);;<0, 0, 0, 0, 0>
2;266;(0,2);;<0, 0, 0, 0, 0>
2;271;(10,16);;<1, 0, 0, 0, 1>
2;273;(2,0);;<0, 0, 0, 0, 0>
2;274;(19,5);;<0, 0, 0, 0, 0>
2;287;(0,18);;<0, 0, 0, 0, 0>
2;296;(10,15);;<0, 0, 0, 0, 0>
2;299;(19,0);;<1, 0, 0, 0, 1>
2;308;(1,7);;<0, 0, 0, 0, 0>
2;309;(4,7);;<0, 0, 0, 0, 0>
2;311;(5,7);;<0, 0, 0, 0, 0>
2;326;(4,8);;<0, 0, 0, 0, 0>
2;331;(0,6);;<0, 0, 0, 0, 0>
2;350;(3,9);;<0, 0, 0, 0, 0>
2;380;(0,4);;<0, 0, 0, 0, 0>
2;388;(4,6);;<0, 0, 0, 0, 0>
2;390;(1,5);outputNeighborhood;<1, 0, 0, 0, 1>
2;390;(1,5);;<1, 0, 0, 0, 1>
3;9;(0,19);;<0, 0, 0, 0, 0>
3;14;(8,18);;<0, 0, 0, 0, 0>
3;23;(11,17);;<1, 0, 0, 0, 1>
3;24;(10,17);;<1, 2, 0, 0, 2>
3;25;(7,17);;<0, 0, 0, 0, 0>
3;33;(12,16);;<0, 0, 0, 0, 0>
3;35;(9,16);;<1, 2, 0, 0, 2>
3;45;(9,15);;<0, 0, 0, 0, 0>
3;55;(10,14);;<0, 0, 0, 0, 0>
3;63;(8,17);;<0, 0, 0, 0, 0>
3;93;(8,16);;<0, 0, 0, 0, 0>
3;100;(2,8);;<0, 0, 0, 0, 0>
3;104;(9,18);;<0, 0, 0, 0, 0>
3;115;(0,5);;<0, 0, 0, 0, 0>
3;118;(3,4);;<0, 0, 0, 0, 0>
3;119;(1,4);;<0, 0, 0, 0, 0>
3;124;(1,1);;<0, 0, 0, 0, 0>
3;137;(2,3);;<0, 0, 0, 0, 0>
3;138;(4,5);;<0, 0, 0, 0, 0>
3;144;(0,3);;<0, 0, 0, 0, 0>
3;145;(0,1);outputNeighborhood;<1, 0, 0, 0, 1>
3;145;(0,1);;<1, 0, 0, 0, 1>
3;146;(3,7);;<1, 2, 0, 0, 2>
3;149;(2,5);outputNeighborhood;<1, 0, 0, 0, 1>
3;149;(2,5);;<1, 2, 0, 0, 2>
3;153;(3,8);;<0, 0, 0, 0, 0>
3;160;(11,16);;<1, 0, 0, 0, 1>
3;175;(2,4);;<0, 0, 0, 0, 0>
3;177;(1,6);outputNeighborhood;<1, 0, 0, 0, 1>
3;177;(1,6);;<1, 2, 0, 0, 2>
3;184;(10,18);;<0, 0, 0, 0, 0>
3;186;(2,1);;<0, 0, 0, 0, 0>
3;187;(1,0);;<0, 0, 0, 0, 0>
3;208;(9,19);;<1, 0, 0, 0, 1>
3;213;(11,15);;<0, 0, 0, 0, 0>
3;221;(19,2);;<0, 0, 0, 0, 0>
3;229;(9,17);outputNeighborhood;<1, 0, 0, 0, 1>
3;229;(9,17);;<1, 2, 0, 0, 2>
3;231;(19,1);;<1, 0, 0, 0, 1>
3;238;(3,6);outputNeighborhood;<1, 0, 0, 0, 1>
3;238;(3,6);;<1, 2, 0, 0, 2>
3;245;(2,6);;<1, 2, 0, 0, 2>
3;255;(18,1);;<0, 0, 0, 0, 0>
3;256;(2,7);outputNeighborhood;<1, 0, 0, 0, 1>
3;256;(2,7);;<1, 2, 0, 0, 2>
3;259;(0,0);;<1, 2, 0, 0, 2>
3;260;(1,2);;<0, 0, 0, 0, 0>
3;265;(3,5);;<1, 0, 0, 0, 1>
3;266;(0,2);;<0, 0, 0, 0, 0>
3;271;(10,16);outputNeighborhood;<1, 0, 0, 0, 1>
3;271;(10,16);;<1, 2, 0, 0, 2>
3;296;(10,15);;<0, 0, 0, 0, 0>
3;299;(19,0);;<1, 0, 0, 0, 1>
3;306;(0,7);;<0, 0, 0, 0, 0>
3;308;(1,7);;<1, 0, 0, 0, 1>
3;309;(4,7);;<0, 0, 0, 0, 0>
3;321;(1,8);;<0, 0, 0, 0, 0>
3;331;(0,6);;<0, 0, 0, 0, 0>
3;332;(19,6);;<0, 0, 0, 0, 0>
3;349;(2,9);;<0, 0, 0, 0, 0>
3;388;(4,6);;<0, 0, 0, 0, 0>
3;390;(1,5);;<1, 2, 0, 0, 2>
3;391;(5,6);;<0, 0, 0, 0, 0>
4;1;(19,19);;<0, 0, 0, 0, 0>
4;9;(0,19);;<0, 0, 0, 0, 0>
4;13;(11,18);;<0, 0, 0, 0, 0>
4;14;(8,18);;<0, 0, 0, 0, 0>
4;23;(11,17);;<1, 2, 0, 0, 2>
4;24;(10,17);outputNeighborhood;<1, 2, 0, 0, 2>
4;24;(10,17);;<1, 2, 3, 0, 3>
4;25;(7,17);;<0, 0, 0, 0, 0>
4;33;(12,16);;<0, 0, 0, 0, 0>
4;35;(9,16);outputNeighborhood;<1, 2, 0, 0, 2>
4;35;(9,16);;<1, 2, 3, 0, 3>
4;36;(7,16);;<0, 0, 0, 0, 0>
4;45;(9,15);;<0, 0, 0, 0, 0>
4;54;(11,14);;<0, 0, 0, 0, 0>
4;55;(10,14);;<0, 0, 0, 0, 0>
4;56;(9,14);;<0, 0, 0, 0, 0>
4;61;(8,15);;<0, 0, 0, 0, 0>
4;63;(8,17);;<0, 0, 0, 0, 0>
4;83;(10,19);;<0, 0, 0, 0, 0>
4;93;(8,16);;<0, 0, 0, 0, 0>
4;100;(2,8);;<0, 0, 0, 0, 0>
4;104;(9,18);;<1, 0, 0, 0, 1>
4;113;(18,2);;<0, 0, 0, 0, 0>
4;114;(4,4);;<0, 0, 0, 0, 0>
4;115;(0,5);;<0, 0, 0, 0, 0>
4;116;(11,19);;<0, 0, 0, 0, 0>
4;118;(3,4);;<0, 0, 0, 0, 0>
4;119;(1,4);;<0, 0, 0, 0, 0>
4;122;(19,3);;<0, 0, 0, 0, 0>
4;124;(1,1);;<0, 0, 0, 0, 0>
4;137;(2,3);;<0, 0, 0, 0, 0>
4;138;(4,5);;<0, 0, 0, 0, 0>
4;142;(1,3);;<0, 0, 0, 0, 0>
4;145;(0,1);;<1, 2, 0, 0, 2>
4;146;(3,7);outputNeighborhood;<1, 2, 0, 0, 2>
4;146;(3,7);;<1, 2, 3, 0, 3>
4;147;(3,3);;<0, 0, 0, 0, 0>
4;149;(2,5);outputNeighborhood;<1, 2, 0, 0, 2>
4;149;(2,5);;<1, 2, 3, 0, 3>
4;153;(3,8);;<0, 0, 0, 0, 0>
4;157;(12,17);;<0, 0, 0, 0, 0>
4;160;(11,16);outputNeighborhood;<1, 0, 0, 0, 1>
4;160;(11,16);;<1, 2, 0, 0, 2>
4;170;(9,0);;<0, 0, 0, 0, 0>
4;175;(2,4);;<0, 0, 0, 0, 0>
4;177;(1,6);outputNeighborhood;<1, 2, 0, 0, 2>
4;177;(1,6);;<1, 2, 3, 0, 3>
4;181;(1,19);;<0, 0, 0, 0, 0>
4;184;(10,18);;<1, 0, 0, 0, 1>
4;187;(1,0);;<0, 0, 0, 0, 0>
4;205;(19,7);;<0, 0, 0, 0, 0>
4;208;(9,19);outputNeighborhood;<1, 0, 0, 0, 1>
4;208;(9,19);;<1, 0, 0, 0, 1>
4;209;(8,19);;<0, 0, 0, 0, 0>
4;213;(11,15);;<0, 0, 0, 0, 0>
4;217;(1,9);;<0, 0, 0, 0, 0>
4;221;(19,2);;<0, 0, 0, 0, 0>
4;222;(10,0);;<0, 0, 0, 0, 0>
4;223;(18,0);;<0, 0, 0, 0, 0>
4;225;(8,0);;<0, 0, 0, 0, 0>
4;229;(9,17);outputNeighborhood;<1, 2, 0, 0, 2>
4;229;(9,17);;<1, 2, 3, 0, 3>
4;231;(19,1);outputNeighborhood;<1, 0, 0, 0, 1>
4;231;(19,1);;<1, 2, 0, 0, 2>
4;238;(3,6);outputNeighborhood;<1, 2, 0, 0, 2>
4;238;(3,6);;<1, 2, 3, 0, 3>
4;245;(2,6);outputNeighborhood;<1, 2, 0, 0, 2>
4;245;(2,6);;<1, 2, 3, 0, 3>
4;252;(17,1);;<0, 0, 0, 0, 0>
4;255;(18,1);;<0, 0, 0, 0, 0>
4;256;(2,7);outputNeighborhood;<1, 2, 0, 0, 2>
4;256;(2,7);;<1, 2, 3, 0, 3>
4;259;(0,0);outputNeighborhood;<1, 2, 0, 0, 2>
4;259;(0,0);;<1, 2, 3, 0, 3>
4;265;(3,5);outputNeighborhood;<1, 0, 0, 0, 1>
4;265;(3,5);;<1, 2, 0, 0, 2>
4;266;(0,2);;<0, 0, 0, 0, 0>
4;269;(12,15);;<0, 0, 0, 0, 0>
4;271;(10,16);outputNeighborhood;<1, 2, 0, 0, 2>
4;271;(10,16);;<1, 2, 3, 0, 3>
4;273;(2,0);;<0, 0, 0, 0, 0>
4;274;(19,5);;<1, 0, 0, 0, 1>
4;287;(0,18);;<0, 0, 0, 0, 0>
4;288;(9,1);;<0, 0, 0, 0, 0>
4;291;(7,19);;<0, 0, 0, 0, 0>
4;296;(10,15);;<1, 0, 0, 0, 1>
4;299;(19,0);;<1, 2, 0, 0, 2>
4;306;(0,7);;<1, 0, 0, 0, 1>
4;308;(1,7);outputNeighborhood;<1, 0, 0, 0, 1>
4;308;(1,7);;<1, 2, 0, 0, 2>
4;309;(4,7);;<0, 0, 0, 0, 0>
4;311;(5,7);;<0, 0, 0, 0, 0>
4;317;(13,16);;<0, 0, 0, 0, 0>
4;321;(1,8);;<1, 0, 0, 0, 1>
4;324;(0,8);;<1, 0, 0, 0, 1>
4;326;(4,8);;<0, 0, 0, 0, 0>
4;328;(5,5);;<0, 0, 0, 0, 0>
4;331;(0,6);;<0, 0, 0, 0, 0>
4;332;(19,6);;<0, 0, 0, 0, 0>
4;349;(2,9);;<0, 0, 0, 0, 0>
4;350;(3,9);;<0, 0, 0, 0, 0>
4;380;(0,4);;<0, 0, 0, 0, 0>
4;388;(4,6);;<0, 0, 0, 0, 0>
4;390;(1,5);outputNeighborhood;<1, 2, 0, 0, 2>
4;390;(1,5);;<1, 2, 3, 0, 3>
4;391;(5,6);;<0, 0, 0, 0, 0>
5;1;(19,19);;<0, 0, 0, 0, 0>
5;2;(18,19);;<0, 0, 0, 0, 0>
5;9;(0,19);;<0, 0, 0, 0, 0>
5;10;(19,18);;<0, 0, 0, 0, 0>
5;12;(12,18);;<0, 0, 0, 0, 0>
5;13;(11,18);;<1, 0, 0, 0, 1>
5;14;(8,18);;<1, 0, 0, 0, 1>
5;23;(11,17);outputNeighborhood;<1, 2, 0, 0, 2>
5;23;(11,17);;<1, 2, 3, 0, 3>
5;24;(10,17);outputNeighborhood;<1, 2, 3, 0, 3>
5;24;(10,17);;<1, 2, 3, 0, 3>
5;25;(7,17);;<0, 0, 0, 0, 0>
5;33;(12,16);;<0, 0, 0, 0, 0>
5;34;(7,18);;<0, 0, 0, 0, 0>
5;35;(9,16);outputNeighborhood;<1, 2, 3, 0, 3>
5;35;(9,16);;<1, 2, 3, 4, 4>
5;36;(7,16);;<0, 0, 0, 0, 0>
5;45;(9,15);;<1, 0, 0, 0, 1>
5;54;(11,14);;<0, 0, 0, 0, 0>
5;55;(10,14);;<0, 0, 0, 0, 0>
5;56;(9,14);;<0, 0, 0, 0, 0>
5;61;(8,15);;<0, 0, 0, 0, 0>
5;63;(8,17);;<0, 0, 0, 0, 0>
5;83;(10,19);;<1, 0, 0, 0, 1>
5;86;(18,5);;<0, 0, 0, 0, 0>
5;87;(17,5);;<0, 0, 0, 0, 0>
5;93;(8,16);;<0, 0, 0, 0, 0>
5;100;(2,8);;<1, 0, 0, 0, 1>
5;101;(19,4);;<1, 0, 0, 0, 1>
5;103;(18,4);;<0, 0, 0, 0, 0>
5;104;(9,18);outputNeighborhood;<1, 0, 0, 0, 1>
5;104;(9,18);;<1, 2, 0, 0, 2>
5;113;(18,2);;<0, 0, 0, 0, 0>
5;114;(4,4);;<0, 0, 0, 0, 0>
5;115;(0,5);;<1, 0, 0, 0, 1>
5;116;(11,19);;<0, 0, 0, 0, 0>
5;118;(3,4);;<0, 0, 0, 0, 0>
5;119;(1,4);;<0, 0, 0, 0, 0>
5;122;(19,3);;<0, 0, 0, 0, 0>
5;124;(1,1);;<0, 0, 0, 0, 0>
5;137;(2,3);;<0, 0, 0, 0, 0>
5;138;(4,5);;<0, 0, 0, 0, 0>
5;142;(1,3);;<0, 0, 0, 0, 0>
5;144;(0,3);;<0, 0, 0, 0, 0>
5;145;(0,1);outputNeighborhood;<1, 2, 0, 0, 2>
5;145;(0,1);;<1, 2, 3, 0, 3>
5;146;(3,7);outputNeighborhood;<1, 2, 3, 0, 3>
5;146;(3,7);;<1, 2, 3, 4, 4>
5;147;(3,3);;<0, 0, 0, 0, 0>
5;149;(2,5);outputNeighborhood;<1, 2, 3, 0, 3>
5;149;(2,5);;<1, 2, 3, 4, 4>
5;153;(3,8);;<0, 0, 0, 0, 0>
5;157;(12,17);;<0, 0, 0, 0, 0>
5;160;(11,16);outputNeighborhood;<1, 2, 0, 0, 2>
5;160;(11,16);;<1, 2, 3, 0, 3>
5;170;(9,0);;<0, 0, 0, 0, 0>
5;175;(2,4);;<0, 0, 0, 0, 0>
5;177;(1,6);outputNeighborhood;<1, 2, 3, 0, 3>
5;177;(1,6);;<1, 2, 3, 4, 4>
5;181;(1,19);;<0, 0, 0, 0, 0>
5;184;(10,18);outputNeighborhood;<1, 0, 0, 0, 1>
5;184;(10,18);;<1, 2, 0, 0, 2>
5;186;(2,1);;<0, 0, 0, 0, 0>
5;187;(1,0);;<0, 0, 0, 0, 0>
5;189;(17,0);;<0, 0, 0, 0, 0>
5;191;(18,7);;<0, 0, 0, 0, 0>
5;195;(10,13);;<0, 0, 0, 0, 0>
5;205;(19,7);;<0, 0, 0, 0, 0>
5;208;(9,19);;<1, 0, 0, 0, 1>
5;209;(8,19);;<0, 0, 0, 0, 0>
5;213;(11,15);;<1, 0, 0, 0, 1>
5;217;(1,9);;<0, 0, 0, 0, 0>
5;221;(19,2);;<0, 0, 0, 0, 0>
5;222;(10,0);;<0, 0, 0, 0, 0>
5;223;(18,0);;<0, 0, 0, 0, 0>
5;229;(9,17);outputNeighborhood;<1, 2, 3, 0, 3>
5;229;(9,17);;<1, 2, 3, 4, 4>
5;231;(19,1);outputNeighborhood;<1, 2, 0, 0, 2>
5;231;(19,1);;<1, 2, 3, 0, 3>
5;238;(3,6);outputNeighborhood;<1, 2, 3, 0, 3>
5;238;(3,6);;<1, 2, 3, 4, 4>
5;245;(2,6);outputNeighborhood;<1, 2, 3, 0, 3>
5;245;(2,6);;<1, 2, 3, 4, 4>
5;252;(17,1);;<0, 0, 0, 0, 0>
5;255;(18,1);;<0, 0, 0, 0, 0>
5;256;(2,7);outputNeighborhood;<1, 2, 3, 0, 3>
5;256;(2,7);;<1, 2, 3, 4, 4>
5;259;(0,0);outputNeighborhood;<1, 2, 3, 0, 3>
5;259;(0,0);;<1, 2, 3, 4, 4>
5;260;(1,2);;<0, 0, 0, 0, 0>
5;265;(3,5);outputNeighborhood;<1, 2, 0, 0, 2>
5;265;(3,5);;<1, 2, 3, 0, 3>
5;266;(0,2);;<0, 0, 0, 0, 0>
5;269;(12,15);;<0, 0, 0, 0, 0>
5;271;(10,16);outputNeighborhood;<1, 2, 3, 0, 3>
5;271;(10,16);;<1, 2, 3, 4, 4>
5;273;(2,0);;<0, 0, 0, 0, 0>
5;274;(19,5);outputNeighborhood;<1, 0, 0, 0, 1>
5;274;(19,5);;<1, 0, 0, 0, 1>
5;287;(0,18);;<0, 0, 0, 0, 0>
5;296;(10,15);outputNeighborhood;<1, 0, 0, 0, 1>
5;296;(10,15);;<1, 0, 0, 0, 1>
5;299;(19,0);outputNeighborhood;<1, 2, 0, 0, 2>
5;299;(19,0);;<1, 2, 3, 0, 3>
5;304;(18,6);;<0, 0, 0, 0, 0>
5;306;(0,7);outputNeighborhood;<1, 0, 0, 0, 1>
5;306;(0,7);;<1, 2, 0, 0, 2>
5;308;(1,7);outputNeighborhood;<1, 2, 0, 0, 2>
5;308;(1,7);;<1, 2, 3, 0, 3>
5;309;(4,7);;<0, 0, 0, 0, 0>
5;311;(5,7);;<0, 0, 0, 0, 0>
5;317;(13,16);;<0, 0, 0, 0, 0>
5;321;(1,8);outputNeighborhood;<1, 0, 0, 0, 1>
5;321;(1,8);;<1, 2, 0, 0, 2>
5;324;(0,8);;<1, 2, 0, 0, 2>
5;326;(4,8);;<0, 0, 0, 0, 0>
5;328;(5,5);;<0, 0, 0, 0, 0>
5;331;(0,6);;<1, 0, 0, 0, 1>
5;332;(19,6);;<0, 0, 0, 0, 0>
5;343;(19,8);;<0, 0, 0, 0, 0>
5;347;(0,9);;<0, 0, 0, 0, 0>
5;349;(2,9);;<0, 0, 0, 0, 0>
5;350;(3,9);;<0, 0, 0, 0, 0>
5;360;(1,10);;<0, 0, 0, 0, 0>
5;361;(13,17);;<0, 0, 0, 0, 0>
5;380;(0,4);;<0, 0, 0, 0, 0>
5;388;(4,6);;<0, 0, 0, 0, 0>
5;390;(1,5);outputNeighborhood;<1, 2, 3, 0, 3>
5;390;(1,5);;<1, 2, 3, 0, 3>
5;391;(5,6);;<0, 0, 0, 0, 0>
6;1;(19,19);;<0, 0, 0, 0, 0>
6;2;(18,19);;<0, 0, 0, 0, 0>
6;9;(0,19);;<0, 0, 0, 0, 0>
6;10;(19,18);;<0, 0, 0, 0, 0>
6;12;(12,18);;<0, 0, 0, 0, 0>
6;13;(11,18);outputNeighborhood;<1, 0, 0, 0, 1>
6;13;(11,18);;<1, 2, 0, 0, 2>
6;14;(8,18);outputNeighborhood;<1, 0, 0, 0, 1>
6;14;(8,18);;<1, 0, 0, 0, 1>
6;15;(6,18);;<0, 0, 0, 0, 0>
6;23;(11,17);outputNeighborhood;<1, 2, 3, 0, 3>
6;23;(11,17);;<1, 2, 3, 4, 4>
6;24;(10,17);;<1, 2, 3, 0, 3>
6;25;(7,17);;<0, 0, 0, 0, 0>
6;33;(12,16);;<0, 0, 0, 0, 0>
6;34;(7,18);;<0, 0, 0, 0, 0>
6;35;(9,16);outputNeighborhood;<1, 2, 3, 4, 4>
6;35;(9,16);;<1, 2, 3, 4, 4>
6;36;(7,16);;<0, 0, 0, 0, 0>
6;44;(13,15);;<0, 0, 0, 0, 0>
6;45;(9,15);outputNeighborhood;<1, 0, 0, 0, 1>
6;45;(9,15);;<1, 2, 0, 0, 2>
6;51;(7,15);;<0, 0, 0, 0, 0>
6;53;(12,14);;<0, 0, 0, 0, 0>
6;54;(11,14);;<0, 0, 0, 0, 0>
6;55;(10,14);;<0, 0, 0, 0, 0>
6;56;(9,14);;<0, 0, 0, 0, 0>
6;61;(8,15);;<1, 0, 0, 0, 1>
6;63;(8,17);;<1, 0, 0, 0, 1>
6;70;(11,13);;<0, 0, 0, 0, 0>
6;71;(9,13);;<0, 0, 0, 0, 0>
6;83;(10,19);outputNeighborhood;<1, 0, 0, 0, 1>
6;83;(10,19);;<1, 2, 0, 0, 2>
6;86;(18,5);;<0, 0, 0, 0, 0>
6;93;(8,16);;<0, 0, 0, 0, 0>
6;100;(2,8);outputNeighborhood;<1, 0, 0, 0, 1>
6;100;(2,8);;<1, 2, 0, 0, 2>
6;101;(19,4);;<1, 0, 0, 0, 1>
6;104;(9,18);outputNeighborhood;<1, 2, 0, 0, 2>
6;104;(9,18);;<1, 2, 3, 0, 3>
6;113;(18,2);;<0, 0, 0, 0, 0>
6;114;(4,4);;<0, 0, 0, 0, 0>
6;115;(0,5);outputNeighborhood;<1, 0, 0, 0, 1>
6;115;(0,5);;<1, 2, 0, 0, 2>
6;116;(11,19);;<1, 0, 0, 0, 1>
6;118;(3,4);;<0, 0, 0, 0, 0>
6;119;(1,4);;<0, 0, 0, 0, 0>
6;122;(19,3);;<0, 0, 0, 0, 0>
6;124;(1,1);;<0, 0, 0, 0, 0>
6;135;(0,10);;<0, 0, 0, 0, 0>
6;137;(2,3);;<0, 0, 0, 0, 0>
6;138;(4,5);;<0, 0, 0, 0, 0>
6;144;(0,3);;<0, 0, 0, 0, 0>
6;145;(0,1);outputNeighborhood;<1, 2, 3, 0, 3>
6;145;(0,1);;<1, 2, 3, 0, 3>
6;146;(3,7);outputNeighborhood;<1, 2, 3, 4, 4>
6;146;(3,7);;<1, 2, 3, 4, 4>
6;147;(3,3);;<0, 0, 0, 0, 0>
6;149;(2,5);outputNeighborhood;<1, 2, 3, 4, 4>
6;149;(2,5);;<1, 2, 3, 4, 4>
6;153;(3,8);;<1, 0, 0, 0, 1>
6;157;(12,17);;<0, 0, 0, 0, 0>
6;160;(11,16);outputNeighborhood;<1, 2, 3, 0, 3>
6;160;(11,16);;<1, 2, 3, 0, 3>
6;170;(9,0);;<0, 0, 0, 0, 0>
6;175;(2,4);;<0, 0, 0, 0, 0>
6;177;(1,6);outputNeighborhood;<1, 2, 3, 4, 4>
6;177;(1,6);;<1, 2, 3, 4, 4>
6;179;(18,8);;<0, 0, 0, 0, 0>
6;181;(1,19);;<0, 0, 0, 0, 0>
6;184;(10,18);outputNeighborhood;<1, 2, 0, 0, 2>
6;184;(10,18);;<1, 2, 3, 0, 3>
6;186;(2,1);;<0, 0, 0, 0, 0>
6;187;(1,0);;<0, 0, 0, 0, 0>
6;189;(17,0);;<0, 0, 0, 0, 0>
6;191;(18,7);;<0, 0, 0, 0, 0>
6;205;(19,7);;<0, 0, 0, 0, 0>
6;208;(9,19);;<1, 2, 0, 0, 2>
6;209;(8,19);;<1, 0, 0, 0, 1>
6;213;(11,15);outputNeighborhood;<1, 0, 0, 0, 1>
6;213;(11,15);;<1, 2, 0, 0, 2>
6;217;(1,9);;<0, 0, 0, 0, 0>
6;221;(19,2);;<0, 0, 0, 0, 0>
6;222;(10,0);;<0, 0, 0, 0, 0>
6;223;(18,0);;<0, 0, 0, 0, 0>
6;225;(8,0);;<0, 0, 0, 0, 0>
6;229;(9,17);outputNeighborhood;<1, 2, 3, 4, 4>
6;229;(9,17);;<1, 2, 3, 4, 4>
6;231;(19,1);outputNeighborhood;<1, 2, 3, 0, 3>
6;231;(19,1);;<1, 2, 3, 4, 4>
6;238;(3,6);outputNeighborhood;<1, 2, 3, 4, 4>
6;238;(3,6);;<1, 2, 3, 4, 4>
6;242;(10,1);;<0, 0, 0, 0, 0>
6;245;(2,6);outputNeighborhood;<1, 2, 3, 4, 4>
6;245;(2,6);;<1, 2, 3, 4, 4>
6;252;(17,1);;<0, 0, 0, 0, 0>
6;255;(18,1);;<1, 0, 0, 0, 1>
6;256;(2,7);outputNeighborhood;<1, 2, 3, 4, 4>
6;256;(2,7);;<1, 2, 3, 4, 4>
6;258;(11,0);;<0, 0, 0, 0, 0>
6;259;(0,0);outputNeighborhood;<1, 2, 3, 4, 4>
6;259;(0,0);;<1, 2, 3, 4, 4>
6;260;(1,2);;<0, 0, 0, 0, 0>
6;265;(3,5);outputNeighborhood;<1, 2, 3, 0, 3>
6;265;(3,5);;<1, 2, 3, 4, 4>
6;266;(0,2);;<0, 0, 0, 0, 0>
6;269;(12,15);;<0, 0, 0, 0, 0>
6;271;(10,16);outputNeighborhood;<1, 2, 3, 4, 4>
6;271;(10,16);;<1, 2, 3, 4, 4>
6;273;(2,0);;<0, 0, 0, 0, 0>
6;274;(19,5);;<1, 2, 0, 0, 2>
6;276;(13,18);;<0, 0, 0, 0, 0>
6;287;(0,18);;<0, 0, 0, 0, 0>
6;291;(7,19);;<0, 0, 0, 0, 0>
6;296;(10,15);;<1, 2, 0, 0, 2>
6;299;(19,0);outputNeighborhood;<1, 2, 3, 0, 3>
6;299;(19,0);;<1, 2, 3, 4, 4>
6;304;(18,6);;<0, 0, 0, 0, 0>
6;306;(0,7);outputNeighborhood;<1, 2, 0, 0, 2>
6;306;(0,7);;<1, 2, 3, 0, 3>
6;308;(1,7);outputNeighborhood;<1, 2, 3, 0, 3>
6;308;(1,7);;<1, 2, 3, 4, 4>
6;309;(4,7);;<0, 0, 0, 0, 0>
6;310;(8,14);;<0, 0, 0, 0, 0>
6;311;(5,7);;<0, 0, 0, 0, 0>
6;317;(13,16);;<0, 0, 0, 0, 0>
6;321;(1,8);outputNeighborhood;<1, 2, 0, 0, 2>
6;321;(1,8);;<1, 2, 3, 0, 3>
6;324;(0,8);outputNeighborhood;<1, 2, 0, 0, 2>
6;324;(0,8);;<1, 2, 3, 0, 3>
6;326;(4,8);;<0, 0, 0, 0, 0>
6;328;(5,5);;<0, 0, 0, 0, 0>
6;331;(0,6);outputNeighborhood;<1, 0, 0, 0, 1>
6;331;(0,6);;<1, 2, 0, 0, 2>
6;332;(19,6);;<1, 0, 0, 0, 1>
6;343;(19,8);;<0, 0, 0, 0, 0>
6;347;(0,9);;<0, 0, 0, 0, 0>
6;349;(2,9);;<0, 0, 0, 0, 0>
6;350;(3,9);;<0, 0, 0, 0, 0>
6;359;(19,9);;<0, 0, 0, 0, 0>
6;360;(1,10);;<0, 0, 0, 0, 0>
6;361;(13,17);;<0, 0, 0, 0, 0>
6;363;(2,10);;<0, 0, 0, 0, 0>
6;380;(0,4);;<1, 0, 0, 0, 1>
6;382;(12,19);;<0, 0, 0, 0, 0>
6;388;(4,6);;<0, 0, 0, 0, 0>
6;390;(1,5);;<1, 2, 3, 4, 4>
6;391;(5,6);;<0, 0, 0, 0, 0>
7;1;(19,19);;<0, 0, 0, 0, 0>
7;2;(18,19);;<0, 0, 0, 0, 0>
7;6;(6,19);;<0, 0, 0, 0, 0>
7;9;(0,19);;<0, 0, 0, 0, 0>
7;10;(19,18);;<0, 0, 0, 0, 0>
7;12;(12,18);;<0, 0, 0, 0, 0>
7;13;(11,18);outputNeighborhood;<1, 2, 0, 0, 2>
7;13;(11,18);;<1, 2, 3, 0, 3>
7;14;(8,18);;<1, 2, 0, 0, 2>
7;23;(11,17);outputNeighborhood;<1, 2, 3, 4, 4>
7;23;(11,17);;<1, 2, 3, 4, 4>
7;24;(10,17);;<1, 2, 3, 4, 4>
7;25;(7,17);;<0, 0, 0, 0, 0>
7;33;(12,16);;<0, 0, 0, 0, 0>
7;34;(7,18);;<0, 0, 0, 0, 0>
7;35;(9,16);;<1, 2, 3, 4, 4>
7;36;(7,16);;<0, 0, 0, 0, 0>
7;44;(13,15);;<0, 0, 0, 0, 0>
7;45;(9,15);outputNeighborhood;<1, 2, 0, 0, 2>
7;45;(9,15);;<1, 2, 3, 0, 3>
7;46;(6,15);;<1, 0, 0, 0, 1>
7;51;(7,15);;<0, 0, 0, 0, 0>
7;53;(12,14);;<0, 0, 0, 0, 0>
7;54;(11,14);;<0, 0, 0, 0, 0>
7;55;(10,14);;<0, 0, 0, 0, 0>
7;56;(9,14);;<0, 0, 0, 0, 0>
7;61;(8,15);outputNeighborhood;<1, 0, 0, 0, 1>
7;61;(8,15);;<1, 0, 0, 0, 1>
7;63;(8,17);outputNeighborhood;<1, 0, 0, 0, 1>
7;63;(8,17);;<1, 2, 0, 0, 2>
7;70;(11,13);;<0, 0, 0, 0, 0>
7;71;(9,13);;<0, 0, 0, 0, 0>
7;72;(8,13);;<0, 0, 0, 0, 0>
7;83;(10,19);outputNeighborhood;<1, 2, 0, 0, 2>
7;83;(10,19);;<1, 2, 3, 0, 3>
7;85;(12,0);;<0, 0, 0, 0, 0>
7;86;(18,5);;<0, 0, 0, 0, 0>
7;87;(17,5);;<0, 0, 0, 0, 0>
7;93;(8,16);;<1, 0, 0, 0, 1>
7;98;(18,3);;<0, 0, 0, 0, 0>
7;100;(2,8);outputNeighborhood;<1, 2, 0, 0, 2>
7;100;(2,8);;<1, 2, 3, 0, 3>
7;101;(19,4);;<1, 2, 0, 0, 2>
7;103;(18,4);;<0, 0, 0, 0, 0>
7;104;(9,18);outputNeighborhood;<1, 2, 3, 0, 3>
7;104;(9,18);;<1, 2, 3, 4, 4>
7;113;(18,2);;<0, 0, 0, 0, 0>
7;114;(4,4);;<0, 0, 0, 0, 0>
7;115;(0,5);outputNeighborhood;<1, 2, 0, 0, 2>
7;115;(0,5);;<1, 2, 3, 0, 3>
7;116;(11,19);outputNeighborhood;<1, 0, 0, 0, 1>
7;116;(11,19);;<1, 2, 0, 0, 2>
7;118;(3,4);;<0, 0, 0, 0, 0>
7;119;(1,4);;<1, 0, 0, 0, 1>
7;122;(19,3);;<0, 0, 0, 0, 0>
7;124;(1,1);;<1, 0, 0, 0, 1>
7;135;(0,10);;<0, 0, 0, 0, 0>
7;138;(4,5);;<0, 0, 0, 0, 0>
7;142;(1,3);;<0, 0, 0, 0, 0>
7;144;(0,3);;<0, 0, 0, 0, 0>
7;145;(0,1);;<1, 2, 3, 4, 4>
7;146;(3,7);;<1, 2, 3, 4, 4>
7;147;(3,3);;<0, 0, 0, 0, 0>
7;149;(2,5);;<1, 2, 3, 4, 4>
7;153;(3,8);outputNeighborhood;<1, 0, 0, 0, 1>
7;153;(3,8);;<1, 2, 0, 0, 2>
7;157;(12,17);;<0, 0, 0, 0, 0>
7;158;(8,1);;<0, 0, 0, 0, 0>
7;160;(11,16);;<1, 2, 3, 4, 4>
7;170;(9,0);;<0, 0, 0, 0, 0>
7;172;(17,6);;<0, 0, 0, 0, 0>
7;175;(2,4);;<0, 0, 0, 0, 0>
7;177;(1,6);;<1, 2, 3, 4, 4>
7;179;(18,8);;<0, 0, 0, 0, 0>
7;184;(10,18);outputNeighborhood;<1, 2, 3, 0, 3>
7;184;(10,18);;<1, 2, 3, 4, 4>
7;187;(1,0);;<0, 0, 0, 0, 0>
7;189;(17,0);;<0, 0, 0, 0, 0>
7;191;(18,7);;<0, 0, 0, 0, 0>
7;195;(10,13);;<0, 0, 0, 0, 0>
7;204;(7,0);;<0, 0, 0, 0, 0>
7;205;(19,7);;<1, 0, 0, 0, 1>
7;208;(9,19);outputNeighborhood;<1, 2, 0, 0, 2>
7;208;(9,19);;<1, 2, 3, 0, 3>
7;209;(8,19);outputNeighborhood;<1, 0, 0, 0, 1>
7;209;(8,19);;<1, 2, 0, 0, 2>
7;213;(11,15);outputNeighborhood;<1, 2, 0, 0, 2>
7;213;(11,15);;<1, 2, 3, 0, 3>
7;217;(1,9);;<0, 0, 0, 0, 0>
7;218;(13,19);;<0, 0, 0, 0, 0>
7;221;(19,2);;<0, 0, 0, 0, 0>
7;222;(10,0);;<0, 0, 0, 0, 0>
7;223;(18,0);;<1, 0, 0, 0, 1>
7;225;(8,0);;<0, 0, 0, 0, 0>
7;229;(9,17);;<1, 2, 3, 4, 4>
7;231;(19,1);outputNeighborhood;<1, 2, 3, 4, 4>
7;231;(19,1);;<1, 2, 3, 4, 4>
7;238;(3,6);;<1, 2, 3, 4, 4>
7;241;(11,1);;<0, 0, 0, 0, 0>
7;242;(10,1);;<0, 0, 0, 0, 0>
7;245;(2,6);;<1, 2, 3, 4, 4>
7;252;(17,1);;<0, 0, 0, 0, 0>
7;253;(16,1);;<0, 0, 0, 0, 0>
7;255;(18,1);outputNeighborhood;<1, 0, 0, 0, 1>
7;255;(18,1);;<1, 0, 0, 0, 1>
7;256;(2,7);;<1, 2, 3, 4, 4>
7;258;(11,0);;<0, 0, 0, 0, 0>
7;259;(0,0);;<1, 2, 3, 4, 4>
7;265;(3,5);outputNeighborhood;<1, 2, 3, 4, 4>
7;265;(3,5);;<1, 2, 3, 4, 4>
7;266;(0,2);;<0, 0, 0, 0, 0>
7;269;(12,15);;<0, 0, 0, 0, 0>
7;271;(10,16);;<1, 2, 3, 4, 4>
7;274;(19,5);outputNeighborhood;<1, 2, 0, 0, 2>
7;274;(19,5);;<1, 2, 3, 0, 3>
7;276;(13,18);;<0, 0, 0, 0, 0>
7;277;(7,14);;<0, 0, 0, 0, 0>
7;282;(6,17);;<0, 0, 0, 0, 0>
7;288;(9,1);;<0, 0, 0, 0, 0>
7;291;(7,19);;<0, 0, 0, 0, 0>
7;296;(10,15);outputNeighborhood;<1, 2, 0, 0, 2>
7;296;(10,15);;<1, 2, 3, 0, 3>
7;299;(19,0);outputNeighborhood;<1, 2, 3, 4, 4>
7;299;(19,0);;<1, 2, 3, 4, 4>
7;304;(18,6);;<0, 0, 0, 0, 0>
7;305;(17,2);;<0, 0, 0, 0, 0>
7;306;(0,7);outputNeighborhood;<1, 2, 3, 0, 3>
7;306;(0,7);;<1, 2, 3, 4, 4>
7;308;(1,7);outputNeighborhood;<1, 2, 3, 4, 4>
7;308;(1,7);;<1, 2, 3, 4, 4>
7;309;(4,7);;<0, 0, 0, 0, 0>
7;310;(8,14);;<0, 0, 0, 0, 0>
7;321;(1,8);outputNeighborhood;<1, 2, 3, 0, 3>
7;321;(1,8);;<1, 2, 3, 4, 4>
7;324;(0,8);outputNeighborhood;<1, 2, 3, 0, 3>
7;324;(0,8);;<1, 2, 3, 0, 3>
7;326;(4,8);;<0, 0, 0, 0, 0>
7;327;(5,8);;<0, 0, 0, 0, 0>
7;328;(5,5);;<0, 0, 0, 0, 0>
7;331;(0,6);outputNeighborhood;<1, 2, 0, 0, 2>
7;331;(0,6);;<1, 2, 3, 0, 3>
7;332;(19,6);outputNeighborhood;<1, 0, 0, 0, 1>
7;332;(19,6);;<1, 2, 0, 0, 2>
7;343;(19,8);;<0, 0, 0, 0, 0>
7;347;(0,9);;<0, 0, 0, 0, 0>
7;349;(2,9);;<0, 0, 0, 0, 0>
7;350;(3,9);;<0, 0, 0, 0, 0>
7;351;(4,9);;<0, 0, 0, 0, 0>
7;359;(19,9);;<0, 0, 0, 0, 0>
7;360;(1,10);;<0, 0, 0, 0, 0>
7;361;(13,17);;<0, 0, 0, 0, 0>
7;363;(2,10);;<0, 0, 0, 0, 0>
7;364;(3,10);;<0, 0, 0, 0, 0>
7;380;(0,4);outputNeighborhood;<1, 0, 0, 0, 1>
7;380;(0,4);;<1, 2, 0, 0, 2>
7;382;(12,19);;<0, 0, 0, 0, 0>
7;388;(4,6);;<0, 0, 0, 0, 0>
7;390;(1,5);outputNeighborhood;<1, 2, 3, 4, 4>
7;390;(1,5);;<1, 2, 3, 4, 4>
8;1;(19,19);;<0, 0, 0, 0, 0>
8;2;(18,19);;<0, 0, 0, 0, 0>
8;3;(17,19);;<0, 0, 0, 0, 0>
8;6;(6,19);;<0, 0, 0, 0, 0>
8;9;(0,19);;<0, 0, 0, 0, 0>
8;12;(12,18);;<0, 0, 0, 0, 0>
8;13;(11,18);outputNeighborhood;<1, 2, 3, 0, 3>
8;13;(11,18);;<1, 2, 3, 4, 4>
8;14;(8,18);outputNeighborhood;<1, 2, 0, 0, 2>
8;14;(8,18);;<1, 2, 3, 0, 3>
8;15;(6,18);;<0, 0, 0, 0, 0>
8;23;(11,17);;<1, 2, 3, 4, 4>
8;24;(10,17);outputNeighborhood;<1, 2, 3, 4, 4>
8;24;(10,17);;<1, 2, 3, 4, 4>
8;25;(7,17);;<0, 0, 0, 0, 0>
8;33;(12,16);;<0, 0, 0, 0, 0>
8;34;(7,18);;<0, 0, 0, 0, 0>
8;35;(9,16);;<1, 2, 3, 4, 4>
8;36;(7,16);;<0, 0, 0, 0, 0>
8;37;(5,16);;<0, 0, 0, 0, 0>
8;44;(13,15);;<0, 0, 0, 0, 0>
8;45;(9,15);outputNeighborhood;<1, 2, 3, 0, 3>
8;45;(9,15);;<1, 2, 3, 4, 4>
8;46;(6,15);outputNeighborhood;<1, 0, 0, 0, 1>
8;46;(6,15);;<1, 0, 0, 0, 1>
8;47;(5,15);;<0, 0, 0, 0, 0>
8;48;(4,15);;<0, 0, 0, 0, 0>
8;51;(7,15);;<1, 0, 0, 0, 1>
8;53;(12,14);;<0, 0, 0, 0, 0>
8;54;(11,14);;<0, 0, 0, 0, 0>
8;55;(10,14);;<1, 0, 0, 0, 1>
8;56;(9,14);;<0, 0, 0, 0, 0>
8;57;(6,14);;<0, 0, 0, 0, 0>
8;58;(5,14);;<0, 0, 0, 0, 0>
8;61;(8,15);;<1, 2, 0, 0, 2>
8;63;(8,17);outputNeighborhood;<1, 2, 0, 0, 2>
8;63;(8,17);;<1, 2, 3, 0, 3>
8;70;(11,13);;<0, 0, 0, 0, 0>
8;71;(9,13);;<1, 0, 0, 0, 1>
8;83;(10,19);outputNeighborhood;<1, 2, 3, 0, 3>
8;83;(10,19);;<1, 2, 3, 0, 3>
8;85;(12,0);;<0, 0, 0, 0, 0>
8;86;(18,5);;<0, 0, 0, 0, 0>
8;87;(17,5);;<0, 0, 0, 0, 0>
8;93;(8,16);outputNeighborhood;<1, 0, 0, 0, 1>
8;93;(8,16);;<1, 2, 0, 0, 2>
8;98;(18,3);;<0, 0, 0, 0, 0>
8;100;(2,8);outputNeighborhood;<1, 2, 3, 0, 3>
8;100;(2,8);;<1, 2, 3, 4, 4>
8;101;(19,4);outputNeighborhood;<1, 2, 0, 0, 2>
8;101;(19,4);;<1, 2, 3, 0, 3>
8;103;(18,4);;<0, 0, 0, 0, 0>
8;104;(9,18);outputNeighborhood;<1, 2, 3, 4, 4>
8;104;(9,18);;<1, 2, 3, 4, 4>
8;113;(18,2);;<1, 0, 0, 0, 1>
8;115;(0,5);outputNeighborhood;<1, 2, 3, 0, 3>
8;115;(0,5);;<1, 2, 3, 0, 3>
8;116;(11,19);outputNeighborhood;<1, 2, 0, 0, 2>
8;116;(11,19);;<1, 2, 3, 0, 3>
8;118;(3,4);;<0, 0, 0, 0, 0>
8;119;(1,4);outputNeighborhood;<1, 0, 0, 0, 1>
8;119;(1,4);;<1, 2, 0, 0, 2>
8;122;(19,3);;<0, 0, 0, 0, 0>
8;124;(1,1);outputNeighborhood;<1, 0, 0, 0, 1>
8;124;(1,1);;<1, 0, 0, 0, 1>
8;137;(2,3);;<0, 0, 0, 0, 0>
8;142;(1,3);;<0, 0, 0, 0, 0>
8;143;(6,13);;<0, 0, 0, 0, 0>
8;144;(0,3);;<0, 0, 0, 0, 0>
8;145;(0,1);outputNeighborhood;<1, 2, 3, 4, 4>
8;145;(0,1);;<1, 2, 3, 4, 4>
8;146;(3,7);;<1, 2, 3, 4, 4>
8;149;(2,5);;<1, 2, 3, 4, 4>
8;152;(2,2);;<0, 0, 0, 0, 0>
8;153;(3,8);outputNeighborhood;<1, 2, 0, 0, 2>
8;153;(3,8);;<1, 2, 3, 0, 3>
8;157;(12,17);;<0, 0, 0, 0, 0>
8;158;(8,1);;<0, 0, 0, 0, 0>
8;160;(11,16);outputNeighborhood;<1, 2, 3, 4, 4>
8;160;(11,16);;<1, 2, 3, 4, 4>
8;170;(9,0);;<0, 0, 0, 0, 0>
8;172;(17,6);;<0, 0, 0, 0, 0>
8;173;(17,4);;<0, 0, 0, 0, 0>
8;175;(2,4);;<1, 0, 0, 0, 1>
8;177;(1,6);;<1, 2, 3, 4, 4>
8;179;(18,8);;<0, 0, 0, 0, 0>
8;181;(1,19);;<0, 0, 0, 0, 0>
8;184;(10,18);outputNeighborhood;<1, 2, 3, 4, 4>
8;184;(10,18);;<1, 2, 3, 4, 4>
8;186;(2,1);;<0, 0, 0, 0, 0>
8;187;(1,0);;<1, 0, 0, 0, 1>
8;189;(17,0);;<0, 0, 0, 0, 0>
8;191;(18,7);;<0, 0, 0, 0, 0>
8;195;(10,13);;<0, 0, 0, 0, 0>
8;199;(3,1);;<0, 0, 0, 0, 0>
8;204;(7,0);;<0, 0, 0, 0, 0>
8;205;(19,7);outputNeighborhood;<1, 0, 0, 0, 1>
8;205;(19,7);;<1, 2, 0, 0, 2>
8;208;(9,19);outputNeighborhood;<1, 2, 3, 0, 3>
8;208;(9,19);;<1, 2, 3, 4, 4>
8;209;(8,19);outputNeighborhood;<1, 2, 0, 0, 2>
8;209;(8,19);;<1, 2, 3, 0, 3>
8;213;(11,15);outputNeighborhood;<1, 2, 3, 0, 3>
8;213;(11,15);;<1, 2, 3, 4, 4>
8;217;(1,9);;<0, 0, 0, 0, 0>
8;218;(13,19);;<0, 0, 0, 0, 0>
8;221;(19,2);;<0, 0, 0, 0, 0>
8;222;(10,0);;<0, 0, 0, 0, 0>
8;223;(18,0);outputNeighborhood;<1, 0, 0, 0, 1>
8;223;(18,0);;<1, 2, 0, 0, 2>
8;225;(8,0);;<0, 0, 0, 0, 0>
8;229;(9,17);;<1, 2, 3, 4, 4>
8;231;(19,1);;<1, 2, 3, 4, 4>
8;238;(3,6);;<1, 2, 3, 4, 4>
8;241;(11,1);;<0, 0, 0, 0, 0>
8;242;(10,1);;<0, 0, 0, 0, 0>
8;245;(2,6);;<1, 2, 3, 4, 4>
8;248;(16,0);;<0, 0, 0, 0, 0>
8;251;(6,16);;<0, 0, 0, 0, 0>
8;252;(17,1);;<0, 0, 0, 0, 0>
8;255;(18,1);;<1, 2, 0, 0, 2>
8;256;(2,7);;<1, 2, 3, 4, 4>
8;258;(11,0);;<0, 0, 0, 0, 0>
8;259;(0,0);;<1, 2, 3, 4, 4>
8;260;(1,2);;<0, 0, 0, 0, 0>
8;266;(0,2);;<0, 0, 0, 0, 0>
8;269;(12,15);;<0, 0, 0, 0, 0>
8;271;(10,16);;<1, 2, 3, 4, 4>
8;273;(2,0);;<0, 0, 0, 0, 0>
8;274;(19,5);outputNeighborhood;<1, 2, 3, 0, 3>
8;274;(19,5);;<1, 2, 3, 4, 4>
8;276;(13,18);;<0, 0, 0, 0, 0>
8;277;(7,14);;<0, 0, 0, 0, 0>
8;282;(6,17);;<0, 0, 0, 0, 0>
8;288;(9,1);;<0, 0, 0, 0, 0>
8;291;(7,19);;<0, 0, 0, 0, 0>
8;296;(10,15);outputNeighborhood;<1, 2, 3, 0, 3>
8;296;(10,15);;<1, 2, 3, 4, 4>
8;299;(19,0);;<1, 2, 3, 4, 4>
8;304;(18,6);;<0, 0, 0, 0, 0>
8;306;(0,7);outputNeighborhood;<1, 2, 3, 4, 4>
8;306;(0,7);;<1, 2, 3, 4, 4>
8;308;(1,7);;<1, 2, 3, 4, 4>
8;309;(4,7);;<0, 0, 0, 0, 0>
8;310;(8,14);;<0, 0, 0, 0, 0>
8;317;(13,16);;<0, 0, 0, 0, 0>
8;320;(17,7);;<0, 0, 0, 0, 0>
8;321;(1,8);outputNeighborhood;<1, 2, 3, 4, 4>
8;321;(1,8);;<1, 2, 3, 4, 4>
8;324;(0,8);;<1, 2, 3, 4, 4>
8;326;(4,8);;<0, 0, 0, 0, 0>
8;327;(5,8);;<0, 0, 0, 0, 0>
8;331;(0,6);outputNeighborhood;<1, 2, 3, 0, 3>
8;331;(0,6);;<1, 2, 3, 0, 3>
8;332;(19,6);outputNeighborhood;<1, 2, 0, 0, 2>
8;332;(19,6);;<1, 2, 3, 0, 3>
8;343;(19,8);;<1, 0, 0, 0, 1>
8;347;(0,9);;<0, 0, 0, 0, 0>
8;349;(2,9);;<0, 0, 0, 0, 0>
8;350;(3,9);;<0, 0, 0, 0, 0>
8;351;(4,9);;<0, 0, 0, 0, 0>
8;359;(19,9);;<0, 0, 0, 0, 0>
8;360;(1,10);;<0, 0, 0, 0, 0>
8;363;(2,10);;<0, 0, 0, 0, 0>
8;364;(3,10);;<0, 0, 0, 0, 0>
8;377;(18,18);;<0, 0, 0, 0, 0>
8;380;(0,4);outputNeighborhood;<1, 2, 0, 0, 2>
8;380;(0,4);;<1, 2, 3, 0, 3>
8;382;(12,19);;<0, 0, 0, 0, 0>
8;390;(1,5);;<1, 2, 3, 4, 4>
9;1;(19,19);;<0, 0, 0, 0, 0>
9;2;(18,19);;<0, 0, 0, 0, 0>
9;3;(17,19);;<0, 0, 0, 0, 0>
9;6;(6,19);;<0, 0, 0, 0, 0>
9;8;(2,19);;<0, 0, 0, 0, 0>
9;9;(0,19);;<0, 0, 0, 0, 0>
9;12;(12,18);;<0, 0, 0, 0, 0>
9;13;(11,18);outputNeighborhood;<1, 2, 3, 4, 4>
9;13;(11,18);;<1, 2, 3, 4, 4>
9;14;(8,18);outputNeighborhood;<1, 2, 3, 0, 3>
9;14;(8,18);;<1, 2, 3, 4, 4>
9;15;(6,18);;<0, 0, 0, 0, 0>
9;23;(11,17);;<1, 2, 3, 4, 4>
9;24;(10,17);;<1, 2, 3, 4, 4>
9;25;(7,17);;<0, 0, 0, 0, 0>
9;33;(12,16);;<0, 0, 0, 0, 0>
9;34;(7,18);;<0, 0, 0, 0, 0>
9;35;(9,16);;<1, 2, 3, 4, 4>
9;36;(7,16);;<1, 0, 0, 0, 1>
9;44;(13,15);;<0, 0, 0, 0, 0>
9;45;(9,15);outputNeighborhood;<1, 2, 3, 4, 4>
9;45;(9,15);;<1, 2, 3, 4, 4>
9;46;(6,15);;<1, 0, 0, 0, 1>
9;47;(5,15);;<0, 0, 0, 0, 0>
9;51;(7,15);outputNeighborhood;<1, 0, 0, 0, 1>
9;51;(7,15);;<1, 2, 0, 0, 2>
9;53;(12,14);;<0, 0, 0, 0, 0>
9;54;(11,14);;<1, 0, 0, 0, 1>
9;55;(10,14);outputNeighborhood;<1, 0, 0, 0, 1>
9;55;(10,14);;<1, 0, 0, 0, 1>
9;56;(9,14);;<1, 0, 0, 0, 1>
9;57;(6,14);;<0, 0, 0, 0, 0>
9;61;(8,15);outputNeighborhood;<1, 2, 0, 0, 2>
9;61;(8,15);;<1, 2, 3, 0, 3>
9;63;(8,17);outputNeighborhood;<1, 2, 3, 0, 3>
9;63;(8,17);;<1, 2, 3, 4, 4>
9;70;(11,13);;<0, 0, 0, 0, 0>
9;71;(9,13);outputNeighborhood;<1, 0, 0, 0, 1>
9;71;(9,13);;<1, 0, 0, 0, 1>
9;72;(8,13);;<0, 0, 0, 0, 0>
9;73;(7,13);;<0, 0, 0, 0, 0>
9;83;(10,19);;<1, 2, 3, 0, 3>
9;85;(12,0);;<0, 0, 0, 0, 0>
9;86;(18,5);;<0, 0, 0, 0, 0>
9;87;(17,5);;<0, 0, 0, 0, 0>
9;93;(8,16);outputNeighborhood;<1, 2, 0, 0, 2>
9;93;(8,16);;<1, 2, 3, 0, 3>
9;98;(18,3);;<0, 0, 0, 0, 0>
9;100;(2,8);outputNeighborhood;<1, 2, 3, 4, 4>
9;100;(2,8);;<1, 2, 3, 4, 4>
9;101;(19,4);outputNeighborhood;<1, 2, 3, 0, 3>
9;101;(19,4);;<1, 2, 3, 4, 4>
9;103;(18,4);;<0, 0, 0, 0, 0>
9;104;(9,18);;<1, 2, 3, 4, 4>
9;105;(1,18);;<0, 0, 0, 0, 0>
9;113;(18,2);outputNeighborhood;<1, 0, 0, 0, 1>
9;113;(18,2);;<1, 0, 0, 0, 1>
9;114;(4,4);;<0, 0, 0, 0, 0>
9;115;(0,5);;<1, 2, 3, 4, 4>
9;116;(11,19);outputNeighborhood;<1, 2, 3, 0, 3>
9;116;(11,19);;<1, 2, 3, 4, 4>
9;118;(3,4);;<1, 0, 0, 0, 1>
9;119;(1,4);outputNeighborhood;<1, 2, 0, 0, 2>
9;119;(1,4);;<1, 2, 3, 0, 3>
9;122;(19,3);;<0, 0, 0, 0, 0>
9;124;(1,1);;<1, 2, 0, 0, 2>
9;134;(17,3);;<0, 0, 0, 0, 0>
9;135;(0,10);;<0, 0, 0, 0, 0>
9;137;(2,3);;<0, 0, 0, 0, 0>
9;142;(1,3);;<0, 0, 0, 0, 0>
9;144;(0,3);;<0, 0, 0, 0, 0>
9;145;(0,1);;<1, 2, 3, 4, 4>
9;146;(3,7);;<1, 2, 3, 4, 4>
9;147;(3,3);;<0, 0, 0, 0, 0>
9;149;(2,5);;<1, 2, 3, 4, 4>
9;150;(18,9);;<0, 0, 0, 0, 0>
9;152;(2,2);;<0, 0, 0, 0, 0>
9;153;(3,8);outputNeighborhood;<1, 2, 3, 0, 3>
9;153;(3,8);;<1, 2, 3, 0, 3>
9;157;(12,17);;<0, 0, 0, 0, 0>
9;158;(8,1);;<0, 0, 0, 0, 0>
9;160;(11,16);;<1, 2, 3, 4, 4>
9;170;(9,0);;<0, 0, 0, 0, 0>
9;172;(17,6);;<0, 0, 0, 0, 0>
9;173;(17,4);;<0, 0, 0, 0, 0>
9;175;(2,4);outputNeighborhood;<1, 0, 0, 0, 1>
9;175;(2,4);;<1, 2, 0, 0, 2>
9;177;(1,6);;<1, 2, 3, 4, 4>
9;178;(16,2);;<0, 0, 0, 0, 0>
9;179;(18,8);;<0, 0, 0, 0, 0>
9;181;(1,19);;<0, 0, 0, 0, 0>
9;184;(10,18);;<1, 2, 3, 4, 4>
9;186;(2,1);;<0, 0, 0, 0, 0>
9;187;(1,0);outputNeighborhood;<1, 0, 0, 0, 1>
9;187;(1,0);;<1, 2, 0, 0, 2>
9;189;(17,0);;<0, 0, 0, 0, 0>
9;191;(18,7);;<0, 0, 0, 0, 0>
9;195;(10,13);;<1, 0, 0, 0, 1>
9;204;(7,0);;<0, 0, 0, 0, 0>
9;205;(19,7);outputNeighborhood;<1, 2, 0, 0, 2>
9;205;(19,7);;<1, 2, 3, 0, 3>
9;208;(9,19);outputNeighborhood;<1, 2, 3, 4, 4>
9;208;(9,19);;<1, 2, 3, 4, 4>
9;209;(8,19);outputNeighborhood;<1, 2, 3, 0, 3>
9;209;(8,19);;<1, 2, 3, 4, 4>
9;213;(11,15);outputNeighborhood;<1, 2, 3, 4, 4>
9;213;(11,15);;<1, 2, 3, 4, 4>
9;217;(1,9);;<0, 0, 0, 0, 0>
9;218;(13,19);;<0, 0, 0, 0, 0>
9;221;(19,2);;<1, 0, 0, 0, 1>
9;222;(10,0);;<0, 0, 0, 0, 0>
9;223;(18,0);outputNeighborhood;<1, 2, 0, 0, 2>
9;223;(18,0);;<1, 2, 3, 0, 3>
9;225;(8,0);;<0, 0, 0, 0, 0>
9;229;(9,17);;<1, 2, 3, 4, 4>
9;231;(19,1);;<1, 2, 3, 4, 4>
9;238;(3,6);;<1, 2, 3, 4, 4>
9;241;(11,1);;<0, 0, 0, 0, 0>
9;245;(2,6);;<1, 2, 3, 4, 4>
9;248;(16,0);;<0, 0, 0, 0, 0>
9;251;(6,16);;<0, 0, 0, 0, 0>
9;252;(17,1);;<1, 0, 0, 0, 1>
9;253;(16,1);;<0, 0, 0, 0, 0>
9;255;(18,1);outputNeighborhood;<1, 2, 0, 0, 2>
9;255;(18,1);;<1, 2, 3, 0, 3>
9;256;(2,7);;<1, 2, 3, 4, 4>
9;258;(11,0);;<0, 0, 0, 0, 0>
9;259;(0,0);;<1, 2, 3, 4, 4>
9;260;(1,2);;<0, 0, 0, 0, 0>
9;264;(3,0);;<0, 0, 0, 0, 0>
9;265;(3,5);;<1, 2, 3, 4, 4>
9;266;(0,2);;<0, 0, 0, 0, 0>
9;269;(12,15);;<0, 0, 0, 0, 0>
9;271;(10,16);;<1, 2, 3, 4, 4>
9;273;(2,0);;<0, 0, 0, 0, 0>
9;274;(19,5);outputNeighborhood;<1, 2, 3, 4, 4>
9;274;(19,5);;<1, 2, 3, 4, 4>
9;276;(13,18);;<0, 0, 0, 0, 0>
9;277;(7,14);;<0, 0, 0, 0, 0>
9;282;(6,17);;<0, 0, 0, 0, 0>
9;288;(9,1);;<0, 0, 0, 0, 0>
9;290;(19,10);;<0, 0, 0, 0, 0>
9;291;(7,19);;<0, 0, 0, 0, 0>
9;296;(10,15);outputNeighborhood;<1, 2, 3, 4, 4>
9;296;(10,15);;<1, 2, 3, 4, 4>
9;299;(19,0);;<1, 2, 3, 4, 4>
9;302;(8,12);;<0, 0, 0, 0, 0>
9;304;(18,6);;<0, 0, 0, 0, 0>
9;305;(17,2);;<0, 0, 0, 0, 0>
9;306;(0,7);;<1, 2, 3, 4, 4>
9;308;(1,7);;<1, 2, 3, 4, 4>
9;309;(4,7);;<0, 0, 0, 0, 0>
9;310;(8,14);;<0, 0, 0, 0, 0>
9;320;(17,7);;<0, 0, 0, 0, 0>
9;321;(1,8);;<1, 2, 3, 4, 4>
9;324;(0,8);outputNeighborhood;<1, 2, 3, 4, 4>
9;324;(0,8);;<1, 2, 3, 4, 4>
9;326;(4,8);;<0, 0, 0, 0, 0>
9;327;(5,8);;<0, 0, 0, 0, 0>
9;331;(0,6);;<1, 2, 3, 4, 4>
9;332;(19,6);outputNeighborhood;<1, 2, 3, 0, 3>
9;332;(19,6);;<1, 2, 3, 4, 4>
9;339;(17,8);;<0, 0, 0, 0, 0>
9;343;(19,8);outputNeighborhood;<1, 0, 0, 0, 1>
9;343;(19,8);;<1, 2, 0, 0, 2>
9;347;(0,9);;<0, 0, 0, 0, 0>
9;349;(2,9);;<0, 0, 0, 0, 0>
9;350;(3,9);;<0, 0, 0, 0, 0>
9;351;(4,9);;<0, 0, 0, 0, 0>
9;359;(19,9);;<0, 0, 0, 0, 0>
9;363;(2,10);;<0, 0, 0, 0, 0>
9;364;(3,10);;<0, 0, 0, 0, 0>
9;371;(9,11);;<0, 0, 0, 0, 0>
9;377;(18,18);;<0, 0, 0, 0, 0>
9;380;(0,4);outputNeighborhood;<1, 2, 3, 0, 3>
9;380;(0,4);;<1, 2, 3, 0, 3>
9;382;(12,19);;<0, 0, 0, 0, 0>
9;384;(9,12);;<0, 0, 0, 0, 0>
9;390;(1,5);;<1, 2, 3, 4, 4>
9;396;(10,12);;<0, 0, 0, 0, 0>
10;1;(19,19);;<0, 0, 0, 0, 0>
10;2;(18,19);;<0, 0, 0, 0, 0>
10;3;(17,19);;<0, 0, 0, 0, 0>
10;6;(6,19);;<0, 0, 0, 0, 0>
10;8;(2,19);;<0, 0, 0, 0, 0>
10;9;(0,19);;<0, 0, 0, 0, 0>
10;12;(12,18);;<0, 0, 0, 0, 0>
10;13;(11,18);;<1, 2, 3, 4, 4>
10;14;(8,18);outputNeighborhood;<1, 2, 3, 4, 4>
10;14;(8,18);;<1, 2, 3, 4, 4>
10;15;(6,18);;<0, 0, 0, 0, 0>
10;23;(11,17);;<1, 2, 3, 4, 4>
10;24;(10,17);;<1, 2, 3, 4, 4>
10;25;(7,17);;<1, 0, 0, 0, 1>
10;34;(7,18);;<0, 0, 0, 0, 0>
10;35;(9,16);;<1, 2, 3, 4, 4>
10;36;(7,16);outputNeighborhood;<1, 0, 0, 0, 1>
10;36;(7,16);;<1, 2, 0, 0, 2>
10;37;(5,16);;<0, 0, 0, 0, 0>
10;45;(9,15);;<1, 2, 3, 4, 4>
10;46;(6,15);;<1, 0, 0, 0, 1>
10;47;(5,15);;<0, 0, 0, 0, 0>
10;51;(7,15);outputNeighborhood;<1, 2, 0, 0, 2>
10;51;(7,15);;<1, 2, 3, 0, 3>
10;53;(12,14);;<0, 0, 0, 0, 0>
10;54;(11,14);outputNeighborhood;<1, 0, 0, 0, 1>
10;54;(11,14);;<1, 2, 0, 0, 2>
10;55;(10,14);;<1, 2, 0, 0, 2>
10;56;(9,14);outputNeighborhood;<1, 0, 0, 0, 1>
10;56;(9,14);;<1, 2, 0, 0, 2>
10;57;(6,14);;<0, 0, 0, 0, 0>
10;61;(8,15);outputNeighborhood;<1, 2, 3, 0, 3>
10;61;(8,15);;<1, 2, 3, 4, 4>
10;63;(8,17);outputNeighborhood;<1, 2, 3, 4, 4>
10;63;(8,17);;<1, 2, 3, 4, 4>
10;69;(12,13);;<0, 0, 0, 0, 0>
10;70;(11,13);;<1, 0, 0, 0, 1>
10;71;(9,13);;<1, 2, 0, 0, 2>
10;72;(8,13);;<0, 0, 0, 0, 0>
10;73;(7,13);;<0, 0, 0, 0, 0>
10;83;(10,19);;<1, 2, 3, 4, 4>
10;85;(12,0);;<0, 0, 0, 0, 0>
10;86;(18,5);;<0, 0, 0, 0, 0>
10;93;(8,16);outputNeighborhood;<1, 2, 3, 0, 3>
10;93;(8,16);;<1, 2, 3, 4, 4>
10;94;(5,4);;<0, 0, 0, 0, 0>
10;98;(18,3);;<0, 0, 0, 0, 0>
10;101;(19,4);outputNeighborhood;<1, 2, 3, 4, 4>
10;101;(19,4);;<1, 2, 3, 4, 4>
10;103;(18,4);;<0, 0, 0, 0, 0>
10;104;(9,18);;<1, 2, 3, 4, 4>
10;105;(1,18);;<0, 0, 0, 0, 0>
10;113;(18,2);;<1, 2, 0, 0, 2>
10;114;(4,4);;<0, 0, 0, 0, 0>
10;115;(0,5);outputNeighborhood;<1, 2, 3, 4, 4>
10;115;(0,5);;<1, 2, 3, 4, 4>
10;116;(11,19);outputNeighborhood;<1, 2, 3, 4, 4>
10;116;(11,19);;<1, 2, 3, 4, 4>
10;118;(3,4);outputNeighborhood;<1, 0, 0, 0, 1>
10;118;(3,4);;<1, 2, 0, 0, 2>
10;119;(1,4);outputNeighborhood;<1, 2, 3, 0, 3>
10;119;(1,4);;<1, 2, 3, 4, 4>
10;122;(19,3);;<1, 0, 0, 0, 1>
10;124;(1,1);outputNeighborhood;<1, 2, 0, 0, 2>
10;124;(1,1);;<1, 2, 3, 0, 3>
10;134;(17,3);;<0, 0, 0, 0, 0>
10;137;(2,3);;<0, 0, 0, 0, 0>
10;138;(4,5);;<0, 0, 0, 0, 0>
10;142;(1,3);;<0, 0, 0, 0, 0>
10;144;(0,3);;<0, 0, 0, 0, 0>
10;145;(0,1);;<1, 2, 3, 4, 4>
10;147;(3,3);;<0, 0, 0, 0, 0>
10;149;(2,5);;<1, 2, 3, 4, 4>
10;150;(18,9);;<0, 0, 0, 0, 0>
10;152;(2,2);;<0, 0, 0, 0, 0>
10;158;(8,1);;<0, 0, 0, 0, 0>
10;160;(11,16);;<1, 2, 3, 4, 4>
10;161;(4,3);;<0, 0, 0, 0, 0>
10;170;(9,0);;<0, 0, 0, 0, 0>
10;172;(17,6);;<0, 0, 0, 0, 0>
10;173;(17,4);;<0, 0, 0, 0, 0>
10;175;(2,4);outputNeighborhood;<1, 2, 0, 0, 2>
10;175;(2,4);;<1, 2, 3, 0, 3>
10;177;(1,6);;<1, 2, 3, 4, 4>
10;178;(16,2);;<0, 0, 0, 0, 0>
10;179;(18,8);;<0, 0, 0, 0, 0>
10;181;(1,19);;<0, 0, 0, 0, 0>
10;184;(10,18);;<1, 2, 3, 4, 4>
10;186;(2,1);;<0, 0, 0, 0, 0>
10;187;(1,0);outputNeighborhood;<1, 2, 0, 0, 2>
10;187;(1,0);;<1, 2, 3, 0, 3>
10;189;(17,0);;<1, 0, 0, 0, 1>
10;191;(18,7);;<0, 0, 0, 0, 0>
10;195;(10,13);outputNeighborhood;<1, 0, 0, 0, 1>
10;195;(10,13);;<1, 2, 0, 0, 2>
10;199;(3,1);;<0, 0, 0, 0, 0>
10;204;(7,0);;<0, 0, 0, 0, 0>
10;205;(19,7);outputNeighborhood;<1, 2, 3, 0, 3>
10;205;(19,7);;<1, 2, 3, 4, 4>
10;208;(9,19);;<1, 2, 3, 4, 4>
10;209;(8,19);outputNeighborhood;<1, 2, 3, 4, 4>
10;209;(8,19);;<1, 2, 3, 4, 4>
10;213;(11,15);;<1, 2, 3, 4, 4>
10;214;(13,14);;<0, 0, 0, 0, 0>
10;218;(13,19);;<0, 0, 0, 0, 0>
10;221;(19,2);outputNeighborhood;<1, 0, 0, 0, 1>
10;221;(19,2);;<1, 2, 0, 0, 2>
10;222;(10,0);;<0, 0, 0, 0, 0>
10;223;(18,0);outputNeighborhood;<1, 2, 3, 0, 3>
10;223;(18,0);;<1, 2, 3, 4, 4>
10;225;(8,0);;<0, 0, 0, 0, 0>
10;229;(9,17);;<1, 2, 3, 4, 4>
10;231;(19,1);;<1, 2, 3, 4, 4>
10;238;(3,6);;<1, 2, 3, 4, 4>
10;241;(11,1);;<0, 0, 0, 0, 0>
10;245;(2,6);;<1, 2, 3, 4, 4>
10;248;(16,0);;<0, 0, 0, 0, 0>
10;251;(6,16);;<1, 0, 0, 0, 1>
10;252;(17,1);outputNeighborhood;<1, 0, 0, 0, 1>
10;252;(17,1);;<1, 0, 0, 0, 1>
10;253;(16,1);;<0, 0, 0, 0, 0>
10;254;(15,1);;<0, 0, 0, 0, 0>
10;255;(18,1);outputNeighborhood;<1, 2, 3, 0, 3>
10;255;(18,1);;<1, 2, 3, 4, 4>
10;258;(11,0);;<0, 0, 0, 0, 0>
10;259;(0,0);;<1, 2, 3, 4, 4>
10;260;(1,2);;<0, 0, 0, 0, 0>
10;264;(3,0);;<0, 0, 0, 0, 0>
10;265;(3,5);;<1, 2, 3, 4, 4>
10;266;(0,2);;<1, 0, 0, 0, 1>
10;267;(3,2);;<0, 0, 0, 0, 0>
10;269;(12,15);;<0, 0, 0, 0, 0>
10;271;(10,16);;<1, 2, 3, 4, 4>
10;273;(2,0);;<0, 0, 0, 0, 0>
10;274;(19,5);;<1, 2, 3, 4, 4>
10;277;(7,14);;<0, 0, 0, 0, 0>
10;282;(6,17);;<0, 0, 0, 0, 0>
10;290;(19,10);;<0, 0, 0, 0, 0>
10;291;(7,19);;<0, 0, 0, 0, 0>
10;294;(10,11);;<0, 0, 0, 0, 0>
10;296;(10,15);;<1, 2, 3, 4, 4>
10;299;(19,0);;<1, 2, 3, 4, 4>
10;304;(18,6);;<0, 0, 0, 0, 0>
10;305;(17,2);;<1, 0, 0, 0, 1>
10;306;(0,7);;<1, 2, 3, 4, 4>
10;308;(1,7);;<1, 2, 3, 4, 4>
10;310;(8,14);;<1, 0, 0, 0, 1>
10;320;(17,7);;<0, 0, 0, 0, 0>
10;321;(1,8);;<1, 2, 3, 4, 4>
10;324;(0,8);;<1, 2, 3, 4, 4>
10;331;(0,6);outputNeighborhood;<1, 2, 3, 4, 4>
10;331;(0,6);;<1, 2, 3, 4, 4>
10;332;(19,6);outputNeighborhood;<1, 2, 3, 4, 4>
10;332;(19,6);;<1, 2, 3, 4, 4>
10;339;(17,8);;<0, 0, 0, 0, 0>
10;343;(19,8);outputNeighborhood;<1, 2, 0, 0, 2>
10;343;(19,8);;<1, 2, 3, 0, 3>
10;347;(0,9);;<0, 0, 0, 0, 0>
10;359;(19,9);;<0, 0, 0, 0, 0>
10;377;(18,18);;<0, 0, 0, 0, 0>
10;380;(0,4);;<1, 2, 3, 4, 4>
10;382;(12,19);;<0, 0, 0, 0, 0>
10;384;(9,12);;<0, 0, 0, 0, 0>
10;390;(1,5);;<1, 2, 3, 4, 4>
10;396;(10,12);;<0, 0, 0, 0, 0>
10;398;(11,12);;<0, 0, 0, 0, 0>
11;1;(19,19);;<0, 0, 0, 0, 0>
11;2;(18,19);;<0, 0, 0, 0, 0>
11;3;(17,19);;<0, 0, 0, 0, 0>
11;8;(2,19);;<0, 0, 0, 0, 0>
11;9;(0,19);;<0, 0, 0, 0, 0>
11;13;(11,18);;<1, 2, 3, 4, 4>
11;14;(8,18);;<1, 2, 3, 4, 4>
11;15;(6,18);;<0, 0, 0, 0, 0>
11;24;(10,17);;<1, 2, 3, 4, 4>
11;25;(7,17);outputNeighborhood;<1, 0, 0, 0, 1>
11;25;(7,17);;<1, 2, 0, 0, 2>
11;26;(5,17);;<0, 0, 0, 0, 0>
11;34;(7,18);;<1, 0, 0, 0, 1>
11;35;(9,16);;<1, 2, 3, 4, 4>
11;36;(7,16);outputNeighborhood;<1, 2, 0, 0, 2>
11;36;(7,16);;<1, 2, 3, 0, 3>
11;37;(5,16);;<0, 0, 0, 0, 0>
11;38;(4,16);;<0, 0, 0, 0, 0>
11;45;(9,15);;<1, 2, 3, 4, 4>
11;46;(6,15);;<1, 2, 0, 0, 2>
11;47;(5,15);;<0, 0, 0, 0, 0>
11;51;(7,15);outputNeighborhood;<1, 2, 3, 0, 3>
11;51;(7,15);;<1, 2, 3, 4, 4>
11;53;(12,14);;<0, 0, 0, 0, 0>
11;54;(11,14);outputNeighborhood;<1, 2, 0, 0, 2>
11;54;(11,14);;<1, 2, 3, 0, 3>
11;55;(10,14);outputNeighborhood;<1, 2, 0, 0, 2>
11;55;(10,14);;<1, 2, 3, 0, 3>
11;56;(9,14);outputNeighborhood;<1, 2, 0, 0, 2>
11;56;(9,14);;<1, 2, 3, 0, 3>
11;57;(6,14);;<0, 0, 0, 0, 0>
11;61;(8,15);outputNeighborhood;<1, 2, 3, 4, 4>
11;61;(8,15);;<1, 2, 3, 4, 4>
11;63;(8,17);;<1, 2, 3, 4, 4>
11;68;(13,13);;<0, 0, 0, 0, 0>
11;69;(12,13);;<0, 0, 0, 0, 0>
11;70;(11,13);outputNeighborhood;<1, 0, 0, 0, 1>
11;70;(11,13);;<1, 2, 0, 0, 2>
11;71;(9,13);outputNeighborhood;<1, 2, 0, 0, 2>
11;71;(9,13);;<1, 2, 3, 0, 3>
11;72;(8,13);;<1, 0, 0, 0, 1>
11;73;(7,13);;<0, 0, 0, 0, 0>
11;83;(10,19);outputNeighborhood;<1, 2, 3, 4, 4>
11;83;(10,19);;<1, 2, 3, 4, 4>
11;93;(8,16);outputNeighborhood;<1, 2, 3, 4, 4>
11;93;(8,16);;<1, 2, 3, 4, 4>
11;94;(5,4);;<0, 0, 0, 0, 0>
11;98;(18,3);;<1, 0, 0, 0, 1>
11;101;(19,4);;<1, 2, 3, 4, 4>
11;103;(18,4);;<0, 0, 0, 0, 0>
11;104;(9,18);;<1, 2, 3, 4, 4>
11;105;(1,18);;<0, 0, 0, 0, 0>
11;109;(16,19);;<0, 0, 0, 0, 0>
11;113;(18,2);outputNeighborhood;<1, 2, 0, 0, 2>
11;113;(18,2);;<1, 2, 3, 0, 3>
11;114;(4,4);;<0, 0, 0, 0, 0>
11;115;(0,5);;<1, 2, 3, 4, 4>
11;116;(11,19);;<1, 2, 3, 4, 4>
11;118;(3,4);outputNeighborhood;<1, 2, 0, 0, 2>
11;118;(3,4);;<1, 2, 3, 0, 3>
11;119;(1,4);outputNeighborhood;<1, 2, 3, 4, 4>
11;119;(1,4);;<1, 2, 3, 4, 4>
11;122;(19,3);outputNeighborhood;<1, 0, 0, 0, 1>
11;122;(19,3);;<1, 2, 0, 0, 2>
11;124;(1,1);outputNeighborhood;<1, 2, 3, 0, 3>
11;124;(1,1);;<1, 2, 3, 4, 4>
11;134;(17,3);;<0, 0, 0, 0, 0>
11;137;(2,3);;<0, 0, 0, 0, 0>
11;138;(4,5);;<0, 0, 0, 0, 0>
11;142;(1,3);;<0, 0, 0, 0, 0>
11;144;(0,3);;<1, 0, 0, 0, 1>
11;145;(0,1);;<1, 2, 3, 4, 4>
11;147;(3,3);;<0, 0, 0, 0, 0>
11;149;(2,5);;<1, 2, 3, 4, 4>
11;150;(18,9);;<0, 0, 0, 0, 0>
11;152;(2,2);;<0, 0, 0, 0, 0>
11;160;(11,16);;<1, 2, 3, 4, 4>
11;161;(4,3);;<0, 0, 0, 0, 0>
11;170;(9,0);;<0, 0, 0, 0, 0>
11;173;(17,4);;<0, 0, 0, 0, 0>
11;175;(2,4);outputNeighborhood;<1, 2, 3, 0, 3>
11;175;(2,4);;<1, 2, 3, 4, 4>
11;177;(1,6);;<1, 2, 3, 4, 4>
11;178;(16,2);;<0, 0, 0, 0, 0>
11;179;(18,8);;<0, 0, 0, 0, 0>
11;181;(1,19);;<0, 0, 0, 0, 0>
11;184;(10,18);;<1, 2, 3, 4, 4>
11;186;(2,1);;<0, 0, 0, 0, 0>
11;187;(1,0);outputNeighborhood;<1, 2, 3, 0, 3>
11;187;(1,0);;<1, 2, 3, 4, 4>
11;189;(17,0);outputNeighborhood;<1, 0, 0, 0, 1>
11;189;(17,0);;<1, 2, 0, 0, 2>
11;191;(18,7);;<0, 0, 0, 0, 0>
11;192;(15,0);;<0, 0, 0, 0, 0>
11;195;(10,13);outputNeighborhood;<1, 2, 0, 0, 2>
11;195;(10,13);;<1, 2, 3, 0, 3>
11;199;(3,1);;<0, 0, 0, 0, 0>
11;205;(19,7);outputNeighborhood;<1, 2, 3, 4, 4>
11;205;(19,7);;<1, 2, 3, 4, 4>
11;208;(9,19);;<1, 2, 3, 4, 4>
11;209;(8,19);;<1, 2, 3, 4, 4>
11;213;(11,15);;<1, 2, 3, 4, 4>
11;214;(13,14);;<0, 0, 0, 0, 0>
11;221;(19,2);outputNeighborhood;<1, 2, 0, 0, 2>
11;221;(19,2);;<1, 2, 3, 0, 3>
11;222;(10,0);;<0, 0, 0, 0, 0>
11;223;(18,0);outputNeighborhood;<1, 2, 3, 4, 4>
11;223;(18,0);;<1, 2, 3, 4, 4>
11;229;(9,17);;<1, 2, 3, 4, 4>
11;231;(19,1);;<1, 2, 3, 4, 4>
11;238;(3,6);;<1, 2, 3, 4, 4>
11;242;(10,1);;<0, 0, 0, 0, 0>
11;245;(2,6);;<1, 2, 3, 4, 4>
11;246;(11,11);;<0, 0, 0, 0, 0>
11;248;(16,0);;<0, 0, 0, 0, 0>
11;251;(6,16);outputNeighborhood;<1, 0, 0, 0, 1>
11;251;(6,16);;<1, 2, 0, 0, 2>
11;252;(17,1);;<1, 2, 0, 0, 2>
11;253;(16,1);;<0, 0, 0, 0, 0>
11;255;(18,1);outputNeighborhood;<1, 2, 3, 4, 4>
11;255;(18,1);;<1, 2, 3, 4, 4>
11;258;(11,0);;<0, 0, 0, 0, 0>
11;259;(0,0);;<1, 2, 3, 4, 4>
11;260;(1,2);;<1, 0, 0, 0, 1>
11;264;(3,0);;<0, 0, 0, 0, 0>
11;265;(3,5);;<1, 2, 3, 4, 4>
11;266;(0,2);outputNeighborhood;<1, 0, 0, 0, 1>
11;266;(0,2);;<1, 2, 0, 0, 2>
11;267;(3,2);;<0, 0, 0, 0, 0>
11;269;(12,15);;<1, 0, 0, 0, 1>
11;271;(10,16);;<1, 2, 3, 4, 4>
11;273;(2,0);;<0, 0, 0, 0, 0>
11;274;(19,5);;<1, 2, 3, 4, 4>
11;277;(7,14);;<1, 0, 0, 0, 1>
11;282;(6,17);;<1, 0, 0, 0, 1>
11;290;(19,10);;<1, 0, 0, 0, 1>
11;291;(7,19);;<0, 0, 0, 0, 0>
11;294;(10,11);;<0, 0, 0, 0, 0>
11;296;(10,15);;<1, 2, 3, 4, 4>
11;298;(17,18);;<0, 0, 0, 0, 0>
11;299;(19,0);;<1, 2, 3, 4, 4>
11;302;(8,12);;<0, 0, 0, 0, 0>
11;304;(18,6);;<0, 0, 0, 0, 0>
11;305;(17,2);outputNeighborhood;<1, 0, 0, 0, 1>
11;305;(17,2);;<1, 2, 0, 0, 2>
11;306;(0,7);;<1, 2, 3, 4, 4>
11;308;(1,7);;<1, 2, 3, 4, 4>
11;310;(8,14);outputNeighborhood;<1, 0, 0, 0, 1>
11;310;(8,14);;<1, 2, 0, 0, 2>
11;320;(17,7);;<0, 0, 0, 0, 0>
11;321;(1,8);;<1, 2, 3, 4, 4>
11;324;(0,8);;<1, 2, 3, 4, 4>
11;331;(0,6);;<1, 2, 3, 4, 4>
11;332;(19,6);;<1, 2, 3, 4, 4>
11;339;(17,8);;<0, 0, 0, 0, 0>
11;341;(16,3);;<0, 0, 0, 0, 0>
11;343;(19,8);outputNeighborhood;<1, 2, 3, 0, 3>
11;343;(19,8);;<1, 2, 3, 0, 3>
11;345;(15,2);;<0, 0, 0, 0, 0>
11;347;(0,9);;<0, 0, 0, 0, 0>
11;359;(19,9);;<0, 0, 0, 0, 0>
11;371;(9,11);;<0, 0, 0, 0, 0>
11;377;(18,18);;<0, 0, 0, 0, 0>
11;380;(0,4);outputNeighborhood;<1, 2, 3, 4, 4>
11;380;(0,4);;<1, 2, 3, 4, 4>
11;382;(12,19);;<0, 0, 0, 0, 0>
11;384;(9,12);;<0, 0, 0, 0, 0>
11;390;(1,5);;<1, 2, 3, 4, 4>
11;396;(10,12);;<0, 0, 0, 0, 0>
11;398;(11,12);;<0, 0, 0, 0, 0>
11;399;(12,12);;<0, 0, 0, 0, 0>
12;2;(18,19);;<0, 0, 0, 0, 0>
12;3;(17,19);;<0, 0, 0, 0, 0>
12;6;(6,19);;<0, 0, 0, 0, 0>
12;8;(2,19);;<0, 0, 0, 0, 0>
12;9;(0,19);;<1, 0, 0, 0, 1>
12;14;(8,18);;<1, 2, 3, 4, 4>
12;15;(6,18);;<1, 0, 0, 0, 1>
12;25;(7,17);outputNeighborhood;<1, 2, 0, 0, 2>
12;25;(7,17);;<1, 2, 3, 0, 3>
12;26;(5,17);;<0, 0, 0, 0, 0>
12;33;(12,16);;<1, 0, 0, 0, 1>
12;34;(7,18);outputNeighborhood;<1, 0, 0, 0, 1>
12;34;(7,18);;<1, 2, 0, 0, 2>
12;35;(9,16);;<1, 2, 3, 4, 4>
12;36;(7,16);outputNeighborhood;<1, 2, 3, 0, 3>
12;36;(7,16);;<1, 2, 3, 4, 4>
12;37;(5,16);;<0, 0, 0, 0, 0>
12;38;(4,16);;<0, 0, 0, 0, 0>
12;43;(14,15);;<1, 0, 0, 0, 1>
12;44;(13,15);;<1, 0, 0, 0, 1>
12;45;(9,15);;<1, 2, 3, 4, 4>
12;46;(6,15);outputNeighborhood;<1, 2, 0, 0, 2>
12;46;(6,15);;<1, 2, 3, 0, 3>
12;47;(5,15);;<0, 0, 0, 0, 0>
12;48;(4,15);;<0, 0, 0, 0, 0>
12;51;(7,15);outputNeighborhood;<1, 2, 3, 4, 4>
12;51;(7,15);;<1, 2, 3, 4, 4>
12;53;(12,14);;<1, 0, 0, 0, 1>
12;54;(11,14);outputNeighborhood;<1, 2, 3, 0, 3>
12;54;(11,14);;<1, 2, 3, 0, 3>
12;55;(10,14);outputNeighborhood;<1, 2, 3, 0, 3>
12;55;(10,14);;<1, 2, 3, 4, 4>
12;56;(9,14);outputNeighborhood;<1, 2, 3, 0, 3>
12;56;(9,14);;<1, 2, 3, 4, 4>
12;57;(6,14);;<1, 0, 0, 0, 1>
12;58;(5,14);;<0, 0, 0, 0, 0>
12;61;(8,15);;<1, 2, 3, 4, 4>
12;63;(8,17);;<1, 2, 3, 4, 4>
12;68;(13,13);;<0, 0, 0, 0, 0>
12;69;(12,13);;<0, 0, 0, 0, 0>
12;70;(11,13);outputNeighborhood;<1, 2, 0, 0, 2>
12;70;(11,13);;<1, 2, 3, 0, 3>
12;71;(9,13);outputNeighborhood;<1, 2, 3, 0, 3>
12;71;(9,13);;<1, 2, 3, 0, 3>
12;72;(8,13);outputNeighborhood;<1, 0, 0, 0, 1>
12;72;(8,13);;<1, 2, 0, 0, 2>
12;73;(7,13);;<1, 0, 0, 0, 1>
12;80;(19,12);;<0, 0, 0, 0, 0>
12;86;(18,5);;<0, 0, 0, 0, 0>
12;93;(8,16);;<1, 2, 3, 4, 4>
12;94;(5,4);;<0, 0, 0, 0, 0>
12;98;(18,3);outputNeighborhood;<1, 0, 0, 0, 1>
12;98;(18,3);;<1, 2, 0, 0, 2>
12;101;(19,4);;<1, 2, 3, 4, 4>
12;103;(18,4);;<1, 0, 0, 0, 1>
12;104;(9,18);;<1, 2, 3, 4, 4>
12;105;(1,18);;<0, 0, 0, 0, 0>
12;109;(16,19);;<0, 0, 0, 0, 0>
12;113;(18,2);outputNeighborhood;<1, 2, 3, 0, 3>
12;113;(18,2);;<1, 2, 3, 4, 4>
12;114;(4,4);;<0, 0, 0, 0, 0>
12;115;(0,5);;<1, 2, 3, 4, 4>
12;118;(3,4);outputNeighborhood;<1, 2, 3, 0, 3>
12;118;(3,4);;<1, 2, 3, 4, 4>
12;119;(1,4);;<1, 2, 3, 4, 4>
12;122;(19,3);outputNeighborhood;<1, 2, 0, 0, 2>
12;122;(19,3);;<1, 2, 3, 0, 3>
12;124;(1,1);outputNeighborhood;<1, 2, 3, 4, 4>
12;124;(1,1);;<1, 2, 3, 4, 4>
12;127;(17,10);;<0, 0, 0, 0, 0>
12;134;(17,3);;<1, 0, 0, 0, 1>
12;135;(0,10);;<0, 0, 0, 0, 0>
12;137;(2,3);;<0, 0, 0, 0, 0>
12;138;(4,5);;<0, 0, 0, 0, 0>
12;142;(1,3);;<1, 0, 0, 0, 1>
12;143;(6,13);;<0, 0, 0, 0, 0>
12;144;(0,3);outputNeighborhood;<1, 0, 0, 0, 1>
12;144;(0,3);;<1, 2, 0, 0, 2>
12;145;(0,1);;<1, 2, 3, 4, 4>
12;147;(3,3);;<0, 0, 0, 0, 0>
12;148;(0,11);;<0, 0, 0, 0, 0>
12;149;(2,5);;<1, 2, 3, 4, 4>
12;150;(18,9);;<0, 0, 0, 0, 0>
12;152;(2,2);;<0, 0, 0, 0, 0>
12;157;(12,17);;<1, 0, 0, 0, 1>
12;160;(11,16);;<1, 2, 3, 4, 4>
12;161;(4,3);;<0, 0, 0, 0, 0>
12;173;(17,4);;<0, 0, 0, 0, 0>
12;175;(2,4);outputNeighborhood;<1, 2, 3, 4, 4>
12;175;(2,4);;<1, 2, 3, 4, 4>
12;178;(16,2);;<0, 0, 0, 0, 0>
12;181;(1,19);;<0, 0, 0, 0, 0>
12;186;(2,1);;<0, 0, 0, 0, 0>
12;187;(1,0);outputNeighborhood;<1, 2, 3, 4, 4>
12;187;(1,0);;<1, 2, 3, 4, 4>
12;189;(17,0);outputNeighborhood;<1, 2, 0, 0, 2>
12;189;(17,0);;<1, 2, 3, 0, 3>
12;192;(15,0);;<0, 0, 0, 0, 0>
12;195;(10,13);outputNeighborhood;<1, 2, 3, 0, 3>
12;195;(10,13);;<1, 2, 3, 4, 4>
12;199;(3,1);;<0, 0, 0, 0, 0>
12;204;(7,0);;<0, 0, 0, 0, 0>
12;209;(8,19);;<1, 2, 3, 4, 4>
12;213;(11,15);;<1, 2, 3, 4, 4>
12;214;(13,14);;<0, 0, 0, 0, 0>
12;221;(19,2);outputNeighborhood;<1, 2, 3, 0, 3>
12;221;(19,2);;<1, 2, 3, 0, 3>
12;223;(18,0);;<1, 2, 3, 4, 4>
12;229;(9,17);;<1, 2, 3, 4, 4>
12;231;(19,1);;<1, 2, 3, 4, 4>
12;238;(3,6);;<1, 2, 3, 4, 4>
12;245;(2,6);;<1, 2, 3, 4, 4>
12;246;(11,11);;<0, 0, 0, 0, 0>
12;248;(16,0);;<0, 0, 0, 0, 0>
12;251;(6,16);outputNeighborhood;<1, 2, 0, 0, 2>
12;251;(6,16);;<1, 2, 3, 0, 3>
12;252;(17,1);outputNeighborhood;<1, 2, 0, 0, 2>
12;252;(17,1);;<1, 2, 3, 0, 3>
12;253;(16,1);;<0, 0, 0, 0, 0>
12;254;(15,1);;<0, 0, 0, 0, 0>
12;255;(18,1);;<1, 2, 3, 4, 4>
12;259;(0,0);;<1, 2, 3, 4, 4>
12;260;(1,2);outputNeighborhood;<1, 0, 0, 0, 1>
12;260;(1,2);;<1, 2, 0, 0, 2>
12;264;(3,0);;<0, 0, 0, 0, 0>
12;265;(3,5);;<1, 2, 3, 4, 4>
12;266;(0,2);outputNeighborhood;<1, 2, 0, 0, 2>
12;266;(0,2);;<1, 2, 3, 0, 3>
12;267;(3,2);;<0, 0, 0, 0, 0>
12;268;(4,17);;<0, 0, 0, 0, 0>
12;269;(12,15);outputNeighborhood;<1, 0, 0, 0, 1>
12;269;(12,15);;<1, 0, 0, 0, 1>
12;271;(10,16);;<1, 2, 3, 4, 4>
12;273;(2,0);;<0, 0, 0, 0, 0>
12;274;(19,5);;<1, 2, 3, 4, 4>
12;277;(7,14);outputNeighborhood;<1, 0, 0, 0, 1>
12;277;(7,14);;<1, 2, 0, 0, 2>
12;282;(6,17);outputNeighborhood;<1, 0, 0, 0, 1>
12;282;(6,17);;<1, 2, 0, 0, 2>
12;290;(19,10);outputNeighborhood;<1, 0, 0, 0, 1>
12;290;(19,10);;<1, 0, 0, 0, 1>
12;291;(7,19);;<1, 0, 0, 0, 1>
12;294;(10,11);;<0, 0, 0, 0, 0>
12;296;(10,15);;<1, 2, 3, 4, 4>
12;298;(17,18);;<0, 0, 0, 0, 0>
12;299;(19,0);;<1, 2, 3, 4, 4>
12;302;(8,12);;<0, 0, 0, 0, 0>
12;305;(17,2);outputNeighborhood;<1, 2, 0, 0, 2>
12;305;(17,2);;<1, 2, 3, 0, 3>
12;310;(8,14);outputNeighborhood;<1, 2, 0, 0, 2>
12;310;(8,14);;<1, 2, 3, 0, 3>
12;317;(13,16);;<0, 0, 0, 0, 0>
12;341;(16,3);;<0, 0, 0, 0, 0>
12;343;(19,8);;<1, 2, 3, 4, 4>
12;345;(15,2);;<0, 0, 0, 0, 0>
12;347;(0,9);;<0, 0, 0, 0, 0>
12;348;(8,11);;<0, 0, 0, 0, 0>
12;356;(5,18);;<0, 0, 0, 0, 0>
12;359;(19,9);;<1, 0, 0, 0, 1>
12;360;(1,10);;<0, 0, 0, 0, 0>
12;367;(19,11);;<0, 0, 0, 0, 0>
12;371;(9,11);;<0, 0, 0, 0, 0>
12;376;(7,12);;<0, 0, 0, 0, 0>
12;380;(0,4);;<1, 2, 3, 4, 4>
12;383;(18,10);;<0, 0, 0, 0, 0>
12;384;(9,12);;<0, 0, 0, 0, 0>
12;390;(1,5);;<1, 2, 3, 4, 4>
12;393;(18,11);;<0, 0, 0, 0, 0>
12;396;(10,12);;<0, 0, 0, 0, 0>
12;398;(11,12);;<0, 0, 0, 0, 0>
12;399;(12,12);;<0, 0, 0, 0, 0>
13;1;(19,19);;<1, 0, 0, 0, 1>
13;2;(18,19);;<0, 0, 0, 0, 0>
13;3;(17,19);;<0, 0, 0, 0, 0>
13;6;(6,19);;<1, 0, 0, 0, 1>
13;7;(5,19);;<0, 0, 0, 0, 0>
13;8;(2,19);;<0, 0, 0, 0, 0>
13;9;(0,19);outputNeighborhood;<1, 0, 0, 0, 1>
13;9;(0,19);;<1, 0, 0, 0, 1>
13;10;(19,18);;<1, 0, 0, 0, 1>
13;12;(12,18);;<1, 0, 0, 0, 1>
13;13;(11,18);;<1, 2, 3, 4, 4>
13;14;(8,18);;<1, 2, 3, 4, 4>
13;15;(6,18);outputNeighborhood;<1, 0, 0, 0, 1>
13;15;(6,18);;<1, 2, 0, 0, 2>
13;16;(4,18);;<0, 0, 0, 0, 0>
13;22;(14,17);;<0, 0, 0, 0, 0>
13;23;(11,17);;<1, 2, 3, 4, 4>
13;24;(10,17);;<1, 2, 3, 4, 4>
13;25;(7,17);outputNeighborhood;<1, 2, 3, 0, 3>
13;25;(7,17);;<1, 2, 3, 4, 4>
13;26;(5,17);;<0, 0, 0, 0, 0>
13;29;(0,17);;<0, 0, 0, 0, 0>
13;33;(12,16);outputNeighborhood;<1, 0, 0, 0, 1>
13;33;(12,16);;<1, 2, 0, 0, 2>
13;34;(7,18);outputNeighborhood;<1, 2, 0, 0, 2>
13;34;(7,18);;<1, 2, 3, 0, 3>
13;35;(9,16);;<1, 2, 3, 4, 4>
13;36;(7,16);outputNeighborhood;<1, 2, 3, 4, 4>
13;36;(7,16);;<1, 2, 3, 4, 4>
13;37;(5,16);;<0, 0, 0, 0, 0>
13;38;(4,16);;<0, 0, 0, 0, 0>
13;43;(14,15);;<1, 0, 0, 0, 1>
13;44;(13,15);outputNeighborhood;<1, 0, 0, 0, 1>
13;44;(13,15);;<1, 2, 0, 0, 2>
13;45;(9,15);;<1, 2, 3, 4, 4>
13;46;(6,15);outputNeighborhood;<1, 2, 3, 0, 3>
13;46;(6,15);;<1, 2, 3, 4, 4>
13;47;(5,15);;<0, 0, 0, 0, 0>
13;48;(4,15);;<0, 0, 0, 0, 0>
13;51;(7,15);;<1, 2, 3, 4, 4>
13;52;(14,14);;<0, 0, 0, 0, 0>
13;53;(12,14);outputNeighborhood;<1, 0, 0, 0, 1>
13;53;(12,14);;<1, 2, 0, 0, 2>
13;54;(11,14);;<1, 2, 3, 0, 3>
13;55;(10,14);outputNeighborhood;<1, 2, 3, 4, 4>
13;55;(10,14);;<1, 2, 3, 4, 4>
13;56;(9,14);outputNeighborhood;<1, 2, 3, 4, 4>
13;56;(9,14);;<1, 2, 3, 4, 4>
13;57;(6,14);outputNeighborhood;<1, 0, 0, 0, 1>
13;57;(6,14);;<1, 2, 0, 0, 2>
13;58;(5,14);;<0, 0, 0, 0, 0>
13;59;(4,14);;<0, 0, 0, 0, 0>
13;61;(8,15);;<1, 2, 3, 4, 4>
13;63;(8,17);;<1, 2, 3, 4, 4>
13;68;(13,13);;<0, 0, 0, 0, 0>
13;69;(12,13);;<1, 0, 0, 0, 1>
13;70;(11,13);outputNeighborhood;<1, 2, 3, 0, 3>
13;70;(11,13);;<1, 2, 3, 4, 4>
13;71;(9,13);;<1, 2, 3, 0, 3>
13;72;(8,13);outputNeighborhood;<1, 2, 0, 0, 2>
13;72;(8,13);;<1, 2, 3, 0, 3>
13;73;(7,13);outputNeighborhood;<1, 0, 0, 0, 1>
13;73;(7,13);;<1, 2, 0, 0, 2>
13;74;(5,13);;<0, 0, 0, 0, 0>
13;86;(18,5);;<1, 0, 0, 0, 1>
13;87;(17,5);;<0, 0, 0, 0, 0>
13;93;(8,16);;<1, 2, 3, 4, 4>
13;94;(5,4);;<0, 0, 0, 0, 0>
13;98;(18,3);outputNeighborhood;<1, 2, 0, 0, 2>
13;98;(18,3);;<1, 2, 3, 0, 3>
13;101;(19,4);;<1, 2, 3, 4, 4>
13;103;(18,4);outputNeighborhood;<1, 0, 0, 0, 1>
13;103;(18,4);;<1, 2, 0, 0, 2>
13;104;(9,18);;<1, 2, 3, 4, 4>
13;105;(1,18);;<0, 0, 0, 0, 0>
13;107;(16,4);;<0, 0, 0, 0, 0>
13;109;(16,19);;<0, 0, 0, 0, 0>
13;112;(6,0);;<0, 0, 0, 0, 0>
13;113;(18,2);outputNeighborhood;<1, 2, 3, 4, 4>
13;113;(18,2);;<1, 2, 3, 4, 4>
13;114;(4,4);;<0, 0, 0, 0, 0>
13;115;(0,5);;<1, 2, 3, 4, 4>
13;118;(3,4);outputNeighborhood;<1, 2, 3, 4, 4>
13;118;(3,4);;<1, 2, 3, 4, 4>
13;119;(1,4);;<1, 2, 3, 4, 4>
13;122;(19,3);outputNeighborhood;<1, 2, 3, 0, 3>
13;122;(19,3);;<1, 2, 3, 4, 4>
13;124;(1,1);;<1, 2, 3, 4, 4>
13;128;(15,3);;<0, 0, 0, 0, 0>
13;134;(17,3);outputNeighborhood;<1, 0, 0, 0, 1>
13;134;(17,3);;<1, 2, 0, 0, 2>
13;135;(0,10);;<0, 0, 0, 0, 0>
13;137;(2,3);;<1, 0, 0, 0, 1>
13;138;(4,5);;<0, 0, 0, 0, 0>
13;140;(7,1);;<0, 0, 0, 0, 0>
13;142;(1,3);outputNeighborhood;<1, 0, 0, 0, 1>
13;142;(1,3);;<1, 2, 0, 0, 2>
13;143;(6,13);;<1, 0, 0, 0, 1>
13;144;(0,3);outputNeighborhood;<1, 2, 0, 0, 2>
13;144;(0,3);;<1, 2, 3, 0, 3>
13;145;(0,1);;<1, 2, 3, 4, 4>
13;147;(3,3);;<0, 0, 0, 0, 0>
13;149;(2,5);;<1, 2, 3, 4, 4>
13;150;(18,9);;<0, 0, 0, 0, 0>
13;152;(2,2);;<0, 0, 0, 0, 0>
13;157;(12,17);outputNeighborhood;<1, 0, 0, 0, 1>
13;157;(12,17);;<1, 2, 0, 0, 2>
13;160;(11,16);;<1, 2, 3, 4, 4>
13;161;(4,3);;<0, 0, 0, 0, 0>
13;168;(14,16);;<0, 0, 0, 0, 0>
13;173;(17,4);;<1, 0, 0, 0, 1>
13;175;(2,4);;<1, 2, 3, 4, 4>
13;178;(16,2);;<0, 0, 0, 0, 0>
13;179;(18,8);;<0, 0, 0, 0, 0>
13;181;(1,19);;<1, 0, 0, 0, 1>
13;182;(15,15);;<0, 0, 0, 0, 0>
13;186;(2,1);;<0, 0, 0, 0, 0>
13;187;(1,0);;<1, 2, 3, 4, 4>
13;189;(17,0);outputNeighborhood;<1, 2, 3, 0, 3>
13;189;(17,0);;<1, 2, 3, 4, 4>
13;191;(18,7);;<0, 0, 0, 0, 0>
13;192;(15,0);;<0, 0, 0, 0, 0>
13;195;(10,13);outputNeighborhood;<1, 2, 3, 4, 4>
13;195;(10,13);;<1, 2, 3, 4, 4>
13;198;(7,11);;<0, 0, 0, 0, 0>
13;204;(7,0);;<0, 0, 0, 0, 0>
13;205;(19,7);;<1, 2, 3, 4, 4>
13;208;(9,19);;<1, 2, 3, 4, 4>
13;209;(8,19);;<1, 2, 3, 4, 4>
13;213;(11,15);;<1, 2, 3, 4, 4>
13;214;(13,14);;<1, 0, 0, 0, 1>
13;217;(1,9);;<0, 0, 0, 0, 0>
13;221;(19,2);;<1, 2, 3, 4, 4>
13;223;(18,0);;<1, 2, 3, 4, 4>
13;225;(8,0);;<0, 0, 0, 0, 0>
13;229;(9,17);;<1, 2, 3, 4, 4>
13;231;(19,1);;<1, 2, 3, 4, 4>
13;238;(3,6);;<1, 2, 3, 4, 4>
13;246;(11,11);;<0, 0, 0, 0, 0>
13;248;(16,0);;<0, 0, 0, 0, 0>
13;251;(6,16);outputNeighborhood;<1, 2, 3, 0, 3>
13;251;(6,16);;<1, 2, 3, 4, 4>
13;252;(17,1);outputNeighborhood;<1, 2, 3, 0, 3>
13;252;(17,1);;<1, 2, 3, 4, 4>
13;253;(16,1);;<0, 0, 0, 0, 0>
13;254;(15,1);;<0, 0, 0, 0, 0>
13;255;(18,1);;<1, 2, 3, 4, 4>
13;259;(0,0);;<1, 2, 3, 4, 4>
13;260;(1,2);outputNeighborhood;<1, 2, 0, 0, 2>
13;260;(1,2);;<1, 2, 3, 0, 3>
13;265;(3,5);;<1, 2, 3, 4, 4>
13;266;(0,2);outputNeighborhood;<1, 2, 3, 0, 3>
13;266;(0,2);;<1, 2, 3, 0, 3>
13;267;(3,2);;<0, 0, 0, 0, 0>
13;268;(4,17);;<0, 0, 0, 0, 0>
13;269;(12,15);;<1, 2, 0, 0, 2>
13;271;(10,16);;<1, 2, 3, 4, 4>
13;274;(19,5);;<1, 2, 3, 4, 4>
13;276;(13,18);;<0, 0, 0, 0, 0>
13;277;(7,14);outputNeighborhood;<1, 2, 0, 0, 2>
13;277;(7,14);;<1, 2, 3, 0, 3>
13;282;(6,17);outputNeighborhood;<1, 2, 0, 0, 2>
13;282;(6,17);;<1, 2, 3, 0, 3>
13;287;(0,18);;<1, 0, 0, 0, 1>
13;290;(19,10);;<1, 0, 0, 0, 1>
13;291;(7,19);outputNeighborhood;<1, 0, 0, 0, 1>
13;291;(7,19);;<1, 2, 0, 0, 2>
13;294;(10,11);;<0, 0, 0, 0, 0>
13;296;(10,15);;<1, 2, 3, 4, 4>
13;298;(17,18);;<0, 0, 0, 0, 0>
13;299;(19,0);;<1, 2, 3, 4, 4>
13;302;(8,12);;<0, 0, 0, 0, 0>
13;304;(18,6);;<0, 0, 0, 0, 0>
13;305;(17,2);outputNeighborhood;<1, 2, 3, 0, 3>
13;305;(17,2);;<1, 2, 3, 4, 4>
13;306;(0,7);;<1, 2, 3, 4, 4>
13;310;(8,14);outputNeighborhood;<1, 2, 3, 0, 3>
13;310;(8,14);;<1, 2, 3, 4, 4>
13;317;(13,16);;<1, 0, 0, 0, 1>
13;321;(1,8);;<1, 2, 3, 4, 4>
13;324;(0,8);;<1, 2, 3, 4, 4>
13;332;(19,6);;<1, 2, 3, 4, 4>
13;339;(17,8);;<0, 0, 0, 0, 0>
13;341;(16,3);;<0, 0, 0, 0, 0>
13;343;(19,8);outputNeighborhood;<1, 2, 3, 4, 4>
13;343;(19,8);;<1, 2, 3, 4, 4>
13;344;(6,12);;<0, 0, 0, 0, 0>
13;345;(15,2);;<0, 0, 0, 0, 0>
13;347;(0,9);;<1, 0, 0, 0, 1>
13;348;(8,11);;<0, 0, 0, 0, 0>
13;356;(5,18);;<0, 0, 0, 0, 0>
13;358;(17,9);;<0, 0, 0, 0, 0>
13;359;(19,9);outputNeighborhood;<1, 0, 0, 0, 1>
13;359;(19,9);;<1, 2, 0, 0, 2>
13;361;(13,17);;<0, 0, 0, 0, 0>
13;367;(19,11);;<0, 0, 0, 0, 0>
13;376;(7,12);;<0, 0, 0, 0, 0>
13;380;(0,4);;<1, 2, 3, 4, 4>
13;382;(12,19);;<0, 0, 0, 0, 0>
13;383;(18,10);;<0, 0, 0, 0, 0>
13;384;(9,12);;<1, 0, 0, 0, 1>
13;390;(1,5);;<1, 2, 3, 4, 4>
13;396;(10,12);;<0, 0, 0, 0, 0>
13;398;(11,12);;<0, 0, 0, 0, 0>
13;399;(12,12);;<0, 0, 0, 0, 0>
14;1;(19,19);outputNeighborhood;<1, 0, 0, 0, 1>
14;1;(19,19);;<1, 2, 0, 0, 2>
14;2;(18,19);;<1, 0, 0, 0, 1>
14;3;(17,19);;<0, 0, 0, 0, 0>
14;6;(6,19);outputNeighborhood;<1, 0, 0, 0, 1>
14;6;(6,19);;<1, 2, 0, 0, 2>
14;7;(5,19);;<0, 0, 0, 0, 0>
14;8;(2,19);;<0, 0, 0, 0, 0>
14;9;(0,19);;<1, 2, 0, 0, 2>
14;10;(19,18);outputNeighborhood;<1, 0, 0, 0, 1>
14;10;(19,18);;<1, 2, 0, 0, 2>
14;11;(14,18);;<0, 0, 0, 0, 0>
14;12;(12,18);outputNeighborhood;<1, 0, 0, 0, 1>
14;12;(12,18);;<1, 2, 0, 0, 2>
14;13;(11,18);;<1, 2, 3, 4, 4>
14;14;(8,18);;<1, 2, 3, 4, 4>
14;15;(6,18);outputNeighborhood;<1, 2, 0, 0, 2>
14;15;(6,18);;<1, 2, 3, 0, 3>
14;16;(4,18);;<0, 0, 0, 0, 0>
14;18;(2,18);;<0, 0, 0, 0, 0>
14;19;(18,17);;<0, 0, 0, 0, 0>
14;22;(14,17);;<0, 0, 0, 0, 0>
14;23;(11,17);;<1, 2, 3, 4, 4>
14;24;(10,17);;<1, 2, 3, 4, 4>
14;25;(7,17);outputNeighborhood;<1, 2, 3, 4, 4>
14;25;(7,17);;<1, 2, 3, 4, 4>
14;26;(5,17);;<0, 0, 0, 0, 0>
14;29;(0,17);;<0, 0, 0, 0, 0>
14;30;(19,16);;<0, 0, 0, 0, 0>
14;33;(12,16);outputNeighborhood;<1, 2, 0, 0, 2>
14;33;(12,16);;<1, 2, 3, 0, 3>
14;34;(7,18);outputNeighborhood;<1, 2, 3, 0, 3>
14;34;(7,18);;<1, 2, 3, 0, 3>
14;36;(7,16);;<1, 2, 3, 4, 4>
14;37;(5,16);;<0, 0, 0, 0, 0>
14;38;(4,16);;<0, 0, 0, 0, 0>
14;40;(0,16);;<0, 0, 0, 0, 0>
14;43;(14,15);;<1, 0, 0, 0, 1>
14;44;(13,15);outputNeighborhood;<1, 2, 0, 0, 2>
14;44;(13,15);;<1, 2, 3, 0, 3>
14;45;(9,15);;<1, 2, 3, 4, 4>
14;46;(6,15);outputNeighborhood;<1, 2, 3, 4, 4>
14;46;(6,15);;<1, 2, 3, 4, 4>
14;47;(5,15);;<0, 0, 0, 0, 0>
14;48;(4,15);;<0, 0, 0, 0, 0>
14;51;(7,15);;<1, 2, 3, 4, 4>
14;52;(14,14);;<1, 0, 0, 0, 1>
14;53;(12,14);outputNeighborhood;<1, 2, 0, 0, 2>
14;53;(12,14);;<1, 2, 3, 0, 3>
14;54;(11,14);;<1, 2, 3, 4, 4>
14;55;(10,14);;<1, 2, 3, 4, 4>
14;56;(9,14);;<1, 2, 3, 4, 4>
14;57;(6,14);outputNeighborhood;<1, 2, 0, 0, 2>
14;57;(6,14);;<1, 2, 3, 0, 3>
14;58;(5,14);;<0, 0, 0, 0, 0>
14;59;(4,14);;<0, 0, 0, 0, 0>
14;61;(8,15);;<1, 2, 3, 4, 4>
14;63;(8,17);;<1, 2, 3, 4, 4>
14;67;(14,13);;<0, 0, 0, 0, 0>
14;68;(13,13);;<1, 0, 0, 0, 1>
14;69;(12,13);outputNeighborhood;<1, 0, 0, 0, 1>
14;69;(12,13);;<1, 2, 0, 0, 2>
14;70;(11,13);outputNeighborhood;<1, 2, 3, 4, 4>
14;70;(11,13);;<1, 2, 3, 4, 4>
14;71;(9,13);;<1, 2, 3, 0, 3>
14;72;(8,13);outputNeighborhood;<1, 2, 3, 0, 3>
14;72;(8,13);;<1, 2, 3, 4, 4>
14;73;(7,13);outputNeighborhood;<1, 2, 0, 0, 2>
14;73;(7,13);;<1, 2, 3, 0, 3>
14;74;(5,13);;<0, 0, 0, 0, 0>
14;76;(4,13);;<0, 0, 0, 0, 0>
14;85;(12,0);;<0, 0, 0, 0, 0>
14;86;(18,5);outputNeighborhood;<1, 0, 0, 0, 1>
14;86;(18,5);;<1, 2, 0, 0, 2>
14;87;(17,5);;<1, 0, 0, 0, 1>
14;90;(13,12);;<0, 0, 0, 0, 0>
14;93;(8,16);;<1, 2, 3, 4, 4>
14;98;(18,3);outputNeighborhood;<1, 2, 3, 0, 3>
14;98;(18,3);;<1, 2, 3, 4, 4>
14;99;(9,10);;<0, 0, 0, 0, 0>
14;101;(19,4);;<1, 2, 3, 4, 4>
14;103;(18,4);outputNeighborhood;<1, 2, 0, 0, 2>
14;103;(18,4);;<1, 2, 3, 0, 3>
14;104;(9,18);;<1, 2, 3, 4, 4>
14;105;(1,18);;<1, 0, 0, 0, 1>
14;107;(16,4);;<1, 0, 0, 0, 1>
14;109;(16,19);;<0, 0, 0, 0, 0>
14;112;(6,0);;<0, 0, 0, 0, 0>
14;113;(18,2);;<1, 2, 3, 4, 4>
14;115;(0,5);;<1, 2, 3, 4, 4>
14;116;(11,19);;<1, 2, 3, 4, 4>
14;118;(3,4);;<1, 2, 3, 4, 4>
14;119;(1,4);;<1, 2, 3, 4, 4>
14;122;(19,3);outputNeighborhood;<1, 2, 3, 4, 4>
14;122;(19,3);;<1, 2, 3, 4, 4>
14;124;(1,1);;<1, 2, 3, 4, 4>
14;125;(4,19);;<0, 0, 0, 0, 0>
14;128;(15,3);;<0, 0, 0, 0, 0>
14;134;(17,3);outputNeighborhood;<1, 2, 0, 0, 2>
14;134;(17,3);;<1, 2, 3, 0, 3>
14;135;(0,10);;<1, 0, 0, 0, 1>
14;137;(2,3);outputNeighborhood;<1, 0, 0, 0, 1>
14;137;(2,3);;<1, 2, 0, 0, 2>
14;140;(7,1);;<0, 0, 0, 0, 0>
14;142;(1,3);outputNeighborhood;<1, 2, 0, 0, 2>
14;142;(1,3);;<1, 2, 3, 0, 3>
14;143;(6,13);outputNeighborhood;<1, 0, 0, 0, 1>
14;143;(6,13);;<1, 2, 0, 0, 2>
14;144;(0,3);outputNeighborhood;<1, 2, 3, 0, 3>
14;144;(0,3);;<1, 2, 3, 4, 4>
14;145;(0,1);;<1, 2, 3, 4, 4>
14;147;(3,3);;<1, 0, 0, 0, 1>
14;148;(0,11);;<0, 0, 0, 0, 0>
14;149;(2,5);;<1, 2, 3, 4, 4>
14;150;(18,9);;<1, 0, 0, 0, 1>
14;151;(19,17);;<0, 0, 0, 0, 0>
14;152;(2,2);;<1, 0, 0, 0, 1>
14;154;(15,16);;<0, 0, 0, 0, 0>
14;155;(6,1);;<0, 0, 0, 0, 0>
14;157;(12,17);outputNeighborhood;<1, 2, 0, 0, 2>
14;157;(12,17);;<1, 2, 3, 0, 3>
14;160;(11,16);;<1, 2, 3, 4, 4>
14;161;(4,3);;<0, 0, 0, 0, 0>
14;168;(14,16);;<1, 0, 0, 0, 1>
14;172;(17,6);;<0, 0, 0, 0, 0>
14;173;(17,4);outputNeighborhood;<1, 0, 0, 0, 1>
14;173;(17,4);;<1, 2, 0, 0, 2>
14;174;(1,17);;<0, 0, 0, 0, 0>
14;175;(2,4);;<1, 2, 3, 4, 4>
14;178;(16,2);;<0, 0, 0, 0, 0>
14;179;(18,8);;<0, 0, 0, 0, 0>
14;180;(15,4);;<1, 0, 0, 0, 1>
14;181;(1,19);outputNeighborhood;<1, 0, 0, 0, 1>
14;181;(1,19);;<1, 2, 0, 0, 2>
14;182;(15,15);;<0, 0, 0, 0, 0>
14;184;(10,18);;<1, 2, 3, 4, 4>
14;186;(2,1);;<0, 0, 0, 0, 0>
14;187;(1,0);;<1, 2, 3, 4, 4>
14;189;(17,0);outputNeighborhood;<1, 2, 3, 4, 4>
14;189;(17,0);;<1, 2, 3, 4, 4>
14;190;(16,5);;<0, 0, 0, 0, 0>
14;191;(18,7);;<0, 0, 0, 0, 0>
14;192;(15,0);;<0, 0, 0, 0, 0>
14;195;(10,13);;<1, 2, 3, 4, 4>
14;198;(7,11);;<0, 0, 0, 0, 0>
14;204;(7,0);;<0, 0, 0, 0, 0>
14;205;(19,7);;<1, 2, 3, 4, 4>
14;208;(9,19);;<1, 2, 3, 4, 4>
14;209;(8,19);;<1, 2, 3, 4, 4>
14;213;(11,15);;<1, 2, 3, 4, 4>
14;214;(13,14);outputNeighborhood;<1, 0, 0, 0, 1>
14;214;(13,14);;<1, 2, 0, 0, 2>
14;215;(5,12);;<0, 0, 0, 0, 0>
14;216;(5,0);;<0, 0, 0, 0, 0>
14;217;(1,9);;<1, 0, 0, 0, 1>
14;218;(13,19);;<0, 0, 0, 0, 0>
14;221;(19,2);outputNeighborhood;<1, 2, 3, 4, 4>
14;221;(19,2);;<1, 2, 3, 4, 4>
14;223;(18,0);;<1, 2, 3, 4, 4>
14;225;(8,0);;<0, 0, 0, 0, 0>
14;229;(9,17);;<1, 2, 3, 4, 4>
14;231;(19,1);;<1, 2, 3, 4, 4>
14;233;(12,11);;<0, 0, 0, 0, 0>
14;246;(11,11);;<0, 0, 0, 0, 0>
14;248;(16,0);;<0, 0, 0, 0, 0>
14;251;(6,16);outputNeighborhood;<1, 2, 3, 4, 4>
14;251;(6,16);;<1, 2, 3, 4, 4>
14;252;(17,1);outputNeighborhood;<1, 2, 3, 4, 4>
14;252;(17,1);;<1, 2, 3, 4, 4>
14;253;(16,1);;<0, 0, 0, 0, 0>
14;254;(15,1);;<0, 0, 0, 0, 0>
14;255;(18,1);;<1, 2, 3, 4, 4>
14;259;(0,0);;<1, 2, 3, 4, 4>
14;260;(1,2);outputNeighborhood;<1, 2, 3, 0, 3>
14;260;(1,2);;<1, 2, 3, 4, 4>
14;266;(0,2);;<1, 2, 3, 4, 4>
14;267;(3,2);;<0, 0, 0, 0, 0>
14;268;(4,17);;<0, 0, 0, 0, 0>
14;269;(12,15);outputNeighborhood;<1, 2, 0, 0, 2>
14;269;(12,15);;<1, 2, 3, 0, 3>
14;271;(10,16);;<1, 2, 3, 4, 4>
14;273;(2,0);;<0, 0, 0, 0, 0>
14;274;(19,5);;<1, 2, 3, 4, 4>
14;276;(13,18);;<0, 0, 0, 0, 0>
14;277;(7,14);outputNeighborhood;<1, 2, 3, 0, 3>
14;277;(7,14);;<1, 2, 3, 4, 4>
14;282;(6,17);outputNeighborhood;<1, 2, 3, 0, 3>
14;282;(6,17);;<1, 2, 3, 4, 4>
14;287;(0,18);outputNeighborhood;<1, 0, 0, 0, 1>
14;287;(0,18);;<1, 2, 0, 0, 2>
14;290;(19,10);;<1, 0, 0, 0, 1>
14;291;(7,19);outputNeighborhood;<1, 2, 0, 0, 2>
14;291;(7,19);;<1, 2, 3, 0, 3>
14;294;(10,11);;<0, 0, 0, 0, 0>
14;296;(10,15);;<1, 2, 3, 4, 4>
14;298;(17,18);;<0, 0, 0, 0, 0>
14;299;(19,0);;<1, 2, 3, 4, 4>
14;302;(8,12);;<1, 0, 0, 0, 1>
14;304;(18,6);;<1, 0, 0, 0, 1>
14;305;(17,2);outputNeighborhood;<1, 2, 3, 4, 4>
14;305;(17,2);;<1, 2, 3, 4, 4>
14;306;(0,7);;<1, 2, 3, 4, 4>
14;310;(8,14);outputNeighborhood;<1, 2, 3, 4, 4>
14;310;(8,14);;<1, 2, 3, 4, 4>
14;317;(13,16);outputNeighborhood;<1, 0, 0, 0, 1>
14;317;(13,16);;<1, 2, 0, 0, 2>
14;321;(1,8);;<1, 2, 3, 4, 4>
14;324;(0,8);;<1, 2, 3, 4, 4>
14;325;(3,19);;<0, 0, 0, 0, 0>
14;332;(19,6);;<1, 2, 3, 4, 4>
14;341;(16,3);;<0, 0, 0, 0, 0>
14;343;(19,8);;<1, 2, 3, 4, 4>
14;344;(6,12);;<0, 0, 0, 0, 0>
14;345;(15,2);;<0, 0, 0, 0, 0>
14;347;(0,9);outputNeighborhood;<1, 0, 0, 0, 1>
14;347;(0,9);;<1, 2, 0, 0, 2>
14;348;(8,11);;<0, 0, 0, 0, 0>
14;349;(2,9);;<0, 0, 0, 0, 0>
14;356;(5,18);;<0, 0, 0, 0, 0>
14;358;(17,9);;<0, 0, 0, 0, 0>
14;359;(19,9);outputNeighborhood;<1, 2, 0, 0, 2>
14;359;(19,9);;<1, 2, 3, 0, 3>
14;360;(1,10);;<0, 0, 0, 0, 0>
14;361;(13,17);;<1, 0, 0, 0, 1>
14;367;(19,11);;<0, 0, 0, 0, 0>
14;368;(15,14);;<0, 0, 0, 0, 0>
14;371;(9,11);;<0, 0, 0, 0, 0>
14;376;(7,12);;<0, 0, 0, 0, 0>
14;377;(18,18);;<0, 0, 0, 0, 0>
14;380;(0,4);;<1, 2, 3, 4, 4>
14;382;(12,19);;<1, 0, 0, 0, 1>
14;383;(18,10);;<0, 0, 0, 0, 0>
14;384;(9,12);outputNeighborhood;<1, 0, 0, 0, 1>
14;384;(9,12);;<1, 0, 0, 0, 1>
14;389;(6,11);;<0, 0, 0, 0, 0>
14;390;(1,5);;<1, 2, 3, 4, 4>
14;396;(10,12);;<1, 0, 0, 0, 1>
14;398;(11,12);;<0, 0, 0, 0, 0>
14;399;(12,12);;<0, 0, 0, 0, 0>
15;1;(19,19);outputNeighborhood;<1, 2, 0, 0, 2>
15;1;(19,19);;<1, 2, 3, 0, 3>
15;2;(18,19);outputNeighborhood;<1, 0, 0, 0, 1>
15;2;(18,19);;<1, 2, 0, 0, 2>
15;3;(17,19);;<1, 0, 0, 0, 1>
15;5;(14,19);;<0, 0, 0, 0, 0>
15;6;(6,19);outputNeighborhood;<1, 2, 0, 0, 2>
15;6;(6,19);;<1, 2, 3, 0, 3>
15;7;(5,19);;<0, 0, 0, 0, 0>
15;8;(2,19);;<0, 0, 0, 0, 0>
15;9;(0,19);outputNeighborhood;<1, 2, 0, 0, 2>
15;9;(0,19);;<1, 2, 3, 0, 3>
15;10;(19,18);outputNeighborhood;<1, 2, 0, 0, 2>
15;10;(19,18);;<1, 2, 3, 0, 3>
15;11;(14,18);;<0, 0, 0, 0, 0>
15;12;(12,18);outputNeighborhood;<1, 2, 0, 0, 2>
15;12;(12,18);;<1, 2, 3, 0, 3>
15;13;(11,18);;<1, 2, 3, 4, 4>
15;14;(8,18);;<1, 2, 3, 4, 4>
15;15;(6,18);outputNeighborhood;<1, 2, 3, 0, 3>
15;15;(6,18);;<1, 2, 3, 4, 4>
15;16;(4,18);;<0, 0, 0, 0, 0>
15;17;(3,18);;<1, 0, 0, 0, 1>
15;18;(2,18);;<0, 0, 0, 0, 0>
15;19;(18,17);;<0, 0, 0, 0, 0>
15;21;(15,17);;<0, 0, 0, 0, 0>
15;22;(14,17);;<1, 0, 0, 0, 1>
15;23;(11,17);;<1, 2, 3, 4, 4>
15;24;(10,17);;<1, 2, 3, 4, 4>
15;25;(7,17);;<1, 2, 3, 4, 4>
15;26;(5,17);;<0, 0, 0, 0, 0>
15;28;(2,17);;<0, 0, 0, 0, 0>
15;29;(0,17);;<0, 0, 0, 0, 0>
15;30;(19,16);;<0, 0, 0, 0, 0>
15;33;(12,16);outputNeighborhood;<1, 2, 3, 0, 3>
15;33;(12,16);;<1, 2, 3, 4, 4>
15;34;(7,18);;<1, 2, 3, 4, 4>
15;36;(7,16);;<1, 2, 3, 4, 4>
15;37;(5,16);;<0, 0, 0, 0, 0>
15;39;(1,16);;<0, 0, 0, 0, 0>
15;40;(0,16);;<0, 0, 0, 0, 0>
15;43;(14,15);;<1, 2, 0, 0, 2>
15;44;(13,15);outputNeighborhood;<1, 2, 3, 0, 3>
15;44;(13,15);;<1, 2, 3, 4, 4>
15;46;(6,15);;<1, 2, 3, 4, 4>
15;47;(5,15);;<0, 0, 0, 0, 0>
15;51;(7,15);;<1, 2, 3, 4, 4>
15;52;(14,14);outputNeighborhood;<1, 0, 0, 0, 1>
15;52;(14,14);;<1, 2, 0, 0, 2>
15;53;(12,14);outputNeighborhood;<1, 2, 3, 0, 3>
15;53;(12,14);;<1, 2, 3, 4, 4>
15;54;(11,14);outputNeighborhood;<1, 2, 3, 4, 4>
15;54;(11,14);;<1, 2, 3, 4, 4>
15;55;(10,14);;<1, 2, 3, 4, 4>
15;56;(9,14);;<1, 2, 3, 4, 4>
15;57;(6,14);outputNeighborhood;<1, 2, 3, 0, 3>
15;57;(6,14);;<1, 2, 3, 4, 4>
15;58;(5,14);;<0, 0, 0, 0, 0>
15;59;(4,14);;<0, 0, 0, 0, 0>
15;61;(8,15);;<1, 2, 3, 4, 4>
15;63;(8,17);;<1, 2, 3, 4, 4>
15;66;(15,13);;<0, 0, 0, 0, 0>
15;67;(14,13);;<1, 0, 0, 0, 1>
15;68;(13,13);outputNeighborhood;<1, 0, 0, 0, 1>
15;68;(13,13);;<1, 2, 0, 0, 2>
15;69;(12,13);outputNeighborhood;<1, 2, 0, 0, 2>
15;69;(12,13);;<1, 2, 3, 0, 3>
15;70;(11,13);;<1, 2, 3, 4, 4>
15;71;(9,13);;<1, 2, 3, 0, 3>
15;72;(8,13);outputNeighborhood;<1, 2, 3, 4, 4>
15;72;(8,13);;<1, 2, 3, 4, 4>
15;73;(7,13);outputNeighborhood;<1, 2, 3, 0, 3>
15;73;(7,13);;<1, 2, 3, 4, 4>
15;74;(5,13);;<0, 0, 0, 0, 0>
15;76;(4,13);;<0, 0, 0, 0, 0>
15;83;(10,19);;<1, 2, 3, 4, 4>
15;85;(12,0);;<0, 0, 0, 0, 0>
15;86;(18,5);outputNeighborhood;<1, 2, 0, 0, 2>
15;86;(18,5);;<1, 2, 3, 0, 3>
15;87;(17,5);outputNeighborhood;<1, 0, 0, 0, 1>
15;87;(17,5);;<1, 2, 0, 0, 2>
15;89;(15,5);;<1, 0, 0, 0, 1>
15;90;(13,12);;<0, 0, 0, 0, 0>
15;98;(18,3);outputNeighborhood;<1, 2, 3, 4, 4>
15;98;(18,3);;<1, 2, 3, 4, 4>
15;100;(2,8);;<1, 2, 3, 4, 4>
15;101;(19,4);;<1, 2, 3, 4, 4>
15;103;(18,4);outputNeighborhood;<1, 2, 3, 0, 3>
15;103;(18,4);;<1, 2, 3, 4, 4>
15;105;(1,18);outputNeighborhood;<1, 0, 0, 0, 1>
15;105;(1,18);;<1, 2, 0, 0, 2>
15;107;(16,4);outputNeighborhood;<1, 0, 0, 0, 1>
15;107;(16,4);;<1, 2, 0, 0, 2>
15;109;(16,19);;<0, 0, 0, 0, 0>
15;112;(6,0);;<0, 0, 0, 0, 0>
15;113;(18,2);;<1, 2, 3, 4, 4>
15;114;(4,4);;<0, 0, 0, 0, 0>
15;115;(0,5);;<1, 2, 3, 4, 4>
15;116;(11,19);;<1, 2, 3, 4, 4>
15;118;(3,4);;<1, 2, 3, 4, 4>
15;119;(1,4);;<1, 2, 3, 4, 4>
15;122;(19,3);;<1, 2, 3, 4, 4>
15;124;(1,1);;<1, 2, 3, 4, 4>
15;125;(4,19);;<0, 0, 0, 0, 0>
15;127;(17,10);;<0, 0, 0, 0, 0>
15;128;(15,3);;<0, 0, 0, 0, 0>
15;131;(5,3);;<0, 0, 0, 0, 0>
15;133;(16,9);;<0, 0, 0, 0, 0>
15;134;(17,3);outputNeighborhood;<1, 2, 3, 0, 3>
15;134;(17,3);;<1, 2, 3, 0, 3>
15;135;(0,10);outputNeighborhood;<1, 0, 0, 0, 1>
15;135;(0,10);;<1, 2, 0, 0, 2>
15;136;(16,14);;<0, 0, 0, 0, 0>
15;137;(2,3);outputNeighborhood;<1, 2, 0, 0, 2>
15;137;(2,3);;<1, 2, 3, 0, 3>
15;140;(7,1);;<0, 0, 0, 0, 0>
15;142;(1,3);outputNeighborhood;<1, 2, 3, 0, 3>
15;142;(1,3);;<1, 2, 3, 0, 3>
15;143;(6,13);outputNeighborhood;<1, 2, 0, 0, 2>
15;143;(6,13);;<1, 2, 3, 0, 3>
15;144;(0,3);outputNeighborhood;<1, 2, 3, 4, 4>
15;144;(0,3);;<1, 2, 3, 4, 4>
15;145;(0,1);;<1, 2, 3, 4, 4>
15;147;(3,3);outputNeighborhood;<1, 0, 0, 0, 1>
15;147;(3,3);;<1, 2, 0, 0, 2>
15;148;(0,11);;<0, 0, 0, 0, 0>
15;149;(2,5);;<1, 2, 3, 4, 4>
15;150;(18,9);outputNeighborhood;<1, 0, 0, 0, 1>
15;150;(18,9);;<1, 0, 0, 0, 1>
15;151;(19,17);;<0, 0, 0, 0, 0>
15;152;(2,2);outputNeighborhood;<1, 0, 0, 0, 1>
15;152;(2,2);;<1, 2, 0, 0, 2>
15;154;(15,16);;<0, 0, 0, 0, 0>
15;155;(6,1);;<0, 0, 0, 0, 0>
15;157;(12,17);outputNeighborhood;<1, 2, 3, 0, 3>
15;157;(12,17);;<1, 2, 3, 4, 4>
15;160;(11,16);;<1, 2, 3, 4, 4>
15;161;(4,3);;<0, 0, 0, 0, 0>
15;168;(14,16);outputNeighborhood;<1, 0, 0, 0, 1>
15;168;(14,16);;<1, 2, 0, 0, 2>
15;172;(17,6);;<1, 0, 0, 0, 1>
15;173;(17,4);outputNeighborhood;<1, 2, 0, 0, 2>
15;173;(17,4);;<1, 2, 3, 0, 3>
15;174;(1,17);;<0, 0, 0, 0, 0>
15;175;(2,4);;<1, 2, 3, 4, 4>
15;178;(16,2);;<0, 0, 0, 0, 0>
15;179;(18,8);;<1, 0, 0, 0, 1>
15;180;(15,4);;<1, 0, 0, 0, 1>
15;181;(1,19);outputNeighborhood;<1, 2, 0, 0, 2>
15;181;(1,19);;<1, 2, 3, 0, 3>
15;182;(15,15);;<0, 0, 0, 0, 0>
15;184;(10,18);;<1, 2, 3, 4, 4>
15;185;(4,2);;<0, 0, 0, 0, 0>
15;186;(2,1);;<1, 0, 0, 0, 1>
15;187;(1,0);;<1, 2, 3, 4, 4>
15;189;(17,0);;<1, 2, 3, 4, 4>
15;190;(16,5);;<1, 0, 0, 0, 1>
15;191;(18,7);;<1, 0, 0, 0, 1>
15;193;(16,16);;<0, 0, 0, 0, 0>
15;195;(10,13);;<1, 2, 3, 4, 4>
15;197;(1,11);;<0, 0, 0, 0, 0>
15;198;(7,11);;<0, 0, 0, 0, 0>
15;199;(3,1);;<0, 0, 0, 0, 0>
15;204;(7,0);;<0, 0, 0, 0, 0>
15;205;(19,7);;<1, 2, 3, 4, 4>
15;208;(9,19);;<1, 2, 3, 4, 4>
15;209;(8,19);;<1, 2, 3, 4, 4>
15;213;(11,15);;<1, 2, 3, 4, 4>
15;214;(13,14);outputNeighborhood;<1, 2, 0, 0, 2>
15;214;(13,14);;<1, 2, 3, 0, 3>
15;215;(5,12);;<0, 0, 0, 0, 0>
15;216;(5,0);;<0, 0, 0, 0, 0>
15;217;(1,9);outputNeighborhood;<1, 0, 0, 0, 1>
15;217;(1,9);;<1, 2, 0, 0, 2>
15;218;(13,19);;<0, 0, 0, 0, 0>
15;221;(19,2);;<1, 2, 3, 4, 4>
15;223;(18,0);;<1, 2, 3, 4, 4>
15;225;(8,0);;<0, 0, 0, 0, 0>
15;231;(19,1);;<1, 2, 3, 4, 4>
15;233;(12,11);;<0, 0, 0, 0, 0>
15;235;(14,12);;<0, 0, 0, 0, 0>
15;240;(13,0);;<0, 0, 0, 0, 0>
15;246;(11,11);;<0, 0, 0, 0, 0>
15;250;(12,1);;<0, 0, 0, 0, 0>
15;251;(6,16);;<1, 2, 3, 4, 4>
15;252;(17,1);;<1, 2, 3, 4, 4>
15;255;(18,1);;<1, 2, 3, 4, 4>
15;258;(11,0);;<0, 0, 0, 0, 0>
15;259;(0,0);;<1, 2, 3, 4, 4>
15;260;(1,2);outputNeighborhood;<1, 2, 3, 4, 4>
15;260;(1,2);;<1, 2, 3, 4, 4>
15;265;(3,5);;<1, 2, 3, 4, 4>
15;266;(0,2);outputNeighborhood;<1, 2, 3, 4, 4>
15;266;(0,2);;<1, 2, 3, 4, 4>
15;267;(3,2);;<1, 0, 0, 0, 1>
15;268;(4,17);;<0, 0, 0, 0, 0>
15;269;(12,15);outputNeighborhood;<1, 2, 3, 0, 3>
15;269;(12,15);;<1, 2, 3, 4, 4>
15;271;(10,16);;<1, 2, 3, 4, 4>
15;273;(2,0);;<0, 0, 0, 0, 0>
15;274;(19,5);;<1, 2, 3, 4, 4>
15;276;(13,18);;<1, 0, 0, 0, 1>
15;277;(7,14);outputNeighborhood;<1, 2, 3, 4, 4>
15;277;(7,14);;<1, 2, 3, 4, 4>
15;282;(6,17);outputNeighborhood;<1, 2, 3, 4, 4>
15;282;(6,17);;<1, 2, 3, 4, 4>
15;284;(14,4);;<0, 0, 0, 0, 0>
15;287;(0,18);outputNeighborhood;<1, 2, 0, 0, 2>
15;287;(0,18);;<1, 2, 3, 0, 3>
15;289;(0,12);;<0, 0, 0, 0, 0>
15;290;(19,10);;<1, 2, 0, 0, 2>
15;291;(7,19);outputNeighborhood;<1, 2, 3, 0, 3>
15;291;(7,19);;<1, 2, 3, 4, 4>
15;294;(10,11);;<0, 0, 0, 0, 0>
15;296;(10,15);;<1, 2, 3, 4, 4>
15;298;(17,18);;<0, 0, 0, 0, 0>
15;299;(19,0);;<1, 2, 3, 4, 4>
15;302;(8,12);outputNeighborhood;<1, 0, 0, 0, 1>
15;302;(8,12);;<1, 2, 0, 0, 2>
15;303;(16,6);;<0, 0, 0, 0, 0>
15;304;(18,6);outputNeighborhood;<1, 0, 0, 0, 1>
15;304;(18,6);;<1, 2, 0, 0, 2>
15;305;(17,2);;<1, 2, 3, 4, 4>
15;306;(0,7);;<1, 2, 3, 4, 4>
15;308;(1,7);;<1, 2, 3, 4, 4>
15;310;(8,14);;<1, 2, 3, 4, 4>
15;317;(13,16);outputNeighborhood;<1, 2, 0, 0, 2>
15;317;(13,16);;<1, 2, 3, 0, 3>
15;320;(17,7);;<0, 0, 0, 0, 0>
15;321;(1,8);;<1, 2, 3, 4, 4>
15;324;(0,8);;<1, 2, 3, 4, 4>
15;325;(3,19);;<0, 0, 0, 0, 0>
15;331;(0,6);;<1, 2, 3, 4, 4>
15;332;(19,6);;<1, 2, 3, 4, 4>
15;339;(17,8);;<0, 0, 0, 0, 0>
15;341;(16,3);;<1, 0, 0, 0, 1>
15;343;(19,8);;<1, 2, 3, 4, 4>
15;344;(6,12);;<0, 0, 0, 0, 0>
15;347;(0,9);outputNeighborhood;<1, 2, 0, 0, 2>
15;347;(0,9);;<1, 2, 3, 0, 3>
15;348;(8,11);;<0, 0, 0, 0, 0>
15;349;(2,9);;<1, 0, 0, 0, 1>
15;350;(3,9);;<0, 0, 0, 0, 0>
15;356;(5,18);;<0, 0, 0, 0, 0>
15;358;(17,9);;<0, 0, 0, 0, 0>
15;359;(19,9);outputNeighborhood;<1, 2, 3, 0, 3>
15;359;(19,9);;<1, 2, 3, 4, 4>
15;360;(1,10);;<1, 0, 0, 0, 1>
15;361;(13,17);outputNeighborhood;<1, 0, 0, 0, 1>
15;361;(13,17);;<1, 2, 0, 0, 2>
15;363;(2,10);;<0, 0, 0, 0, 0>
15;367;(19,11);;<0, 0, 0, 0, 0>
15;368;(15,14);;<0, 0, 0, 0, 0>
15;370;(8,10);;<0, 0, 0, 0, 0>
15;371;(9,11);;<0, 0, 0, 0, 0>
15;372;(10,10);;<0, 0, 0, 0, 0>
15;376;(7,12);;<1, 0, 0, 0, 1>
15;377;(18,18);;<1, 0, 0, 0, 1>
15;380;(0,4);;<1, 2, 3, 4, 4>
15;382;(12,19);outputNeighborhood;<1, 0, 0, 0, 1>
15;382;(12,19);;<1, 2, 0, 0, 2>
15;383;(18,10);;<1, 0, 0, 0, 1>
15;384;(9,12);;<1, 2, 0, 0, 2>
15;389;(6,11);;<0, 0, 0, 0, 0>
15;390;(1,5);;<1, 2, 3, 4, 4>
15;393;(18,11);;<0, 0, 0, 0, 0>
15;396;(10,12);outputNeighborhood;<1, 0, 0, 0, 1>
15;396;(10,12);;<1, 2, 0, 0, 2>
15;397;(13,11);;<0, 0, 0, 0, 0>
15;398;(11,12);;<1, 0, 0, 0, 1>
15;399;(12,12);;<0, 0, 0, 0, 0>
16;1;(19,19);outputNeighborhood;<1, 2, 3, 0, 3>
16;1;(19,19);;<1, 2, 3, 4, 4>
16;2;(18,19);outputNeighborhood;<1, 2, 0, 0, 2>
16;2;(18,19);;<1, 2, 3, 0, 3>
16;3;(17,19);outputNeighborhood;<1, 0, 0, 0, 1>
16;3;(17,19);;<1, 2, 0, 0, 2>
16;4;(15,19);;<0, 0, 0, 0, 0>
16;5;(14,19);;<0, 0, 0, 0, 0>
16;6;(6,19);outputNeighborhood;<1, 2, 3, 0, 3>
16;6;(6,19);;<1, 2, 3, 4, 4>
16;7;(5,19);;<0, 0, 0, 0, 0>
16;8;(2,19);;<0, 0, 0, 0, 0>
16;9;(0,19);outputNeighborhood;<1, 2, 3, 0, 3>
16;9;(0,19);;<1, 2, 3, 0, 3>
16;10;(19,18);outputNeighborhood;<1, 2, 3, 0, 3>
16;10;(19,18);;<1, 2, 3, 4, 4>
16;11;(14,18);;<1, 0, 0, 0, 1>
16;12;(12,18);outputNeighborhood;<1, 2, 3, 0, 3>
16;12;(12,18);;<1, 2, 3, 4, 4>
16;13;(11,18);;<1, 2, 3, 4, 4>
16;14;(8,18);;<1, 2, 3, 4, 4>
16;15;(6,18);outputNeighborhood;<1, 2, 3, 4, 4>
16;15;(6,18);;<1, 2, 3, 4, 4>
16;16;(4,18);;<0, 0, 0, 0, 0>
16;17;(3,18);outputNeighborhood;<1, 0, 0, 0, 1>
16;17;(3,18);;<1, 0, 0, 0, 1>
16;18;(2,18);;<1, 0, 0, 0, 1>
16;19;(18,17);;<0, 0, 0, 0, 0>
16;20;(17,17);;<0, 0, 0, 0, 0>
16;21;(15,17);;<0, 0, 0, 0, 0>
16;22;(14,17);outputNeighborhood;<1, 0, 0, 0, 1>
16;22;(14,17);;<1, 2, 0, 0, 2>
16;23;(11,17);;<1, 2, 3, 4, 4>
16;24;(10,17);;<1, 2, 3, 4, 4>
16;25;(7,17);;<1, 2, 3, 4, 4>
16;26;(5,17);;<0, 0, 0, 0, 0>
16;27;(3,17);;<0, 0, 0, 0, 0>
16;28;(2,17);;<0, 0, 0, 0, 0>
16;29;(0,17);;<0, 0, 0, 0, 0>
16;30;(19,16);;<0, 0, 0, 0, 0>
16;31;(18,16);;<0, 0, 0, 0, 0>
16;33;(12,16);outputNeighborhood;<1, 2, 3, 4, 4>
16;33;(12,16);;<1, 2, 3, 4, 4>
16;34;(7,18);outputNeighborhood;<1, 2, 3, 4, 4>
16;34;(7,18);;<1, 2, 3, 4, 4>
16;36;(7,16);;<1, 2, 3, 4, 4>
16;39;(1,16);;<0, 0, 0, 0, 0>
16;40;(0,16);;<1, 0, 0, 0, 1>
16;42;(16,15);;<0, 0, 0, 0, 0>
16;43;(14,15);outputNeighborhood;<1, 2, 0, 0, 2>
16;43;(14,15);;<1, 2, 3, 0, 3>
16;44;(13,15);outputNeighborhood;<1, 2, 3, 4, 4>
16;44;(13,15);;<1, 2, 3, 4, 4>
16;46;(6,15);;<1, 2, 3, 4, 4>
16;47;(5,15);;<0, 0, 0, 0, 0>
16;51;(7,15);;<1, 2, 3, 4, 4>
16;52;(14,14);outputNeighborhood;<1, 2, 0, 0, 2>
16;52;(14,14);;<1, 2, 3, 0, 3>
16;53;(12,14);outputNeighborhood;<1, 2, 3, 4, 4>
16;53;(12,14);;<1, 2, 3, 4, 4>
16;54;(11,14);;<1, 2, 3, 4, 4>
16;55;(10,14);;<1, 2, 3, 4, 4>
16;56;(9,14);;<1, 2, 3, 4, 4>
16;57;(6,14);outputNeighborhood;<1, 2, 3, 4, 4>
16;57;(6,14);;<1, 2, 3, 4, 4>
16;58;(5,14);;<0, 0, 0, 0, 0>
16;59;(4,14);;<1, 0, 0, 0, 1>
16;63;(8,17);;<1, 2, 3, 4, 4>
16;65;(16,13);;<0, 0, 0, 0, 0>
16;66;(15,13);;<0, 0, 0, 0, 0>
16;67;(14,13);outputNeighborhood;<1, 0, 0, 0, 1>
16;67;(14,13);;<1, 2, 0, 0, 2>
16;68;(13,13);outputNeighborhood;<1, 2, 0, 0, 2>
16;68;(13,13);;<1, 2, 3, 0, 3>
16;69;(12,13);outputNeighborhood;<1, 2, 3, 0, 3>
16;69;(12,13);;<1, 2, 3, 4, 4>
16;70;(11,13);;<1, 2, 3, 4, 4>
16;71;(9,13);;<1, 2, 3, 4, 4>
16;72;(8,13);;<1, 2, 3, 4, 4>
16;73;(7,13);outputNeighborhood;<1, 2, 3, 4, 4>
16;73;(7,13);;<1, 2, 3, 4, 4>
16;74;(5,13);;<0, 0, 0, 0, 0>
16;76;(4,13);;<0, 0, 0, 0, 0>
16;80;(19,12);;<0, 0, 0, 0, 0>
16;81;(18,12);;<0, 0, 0, 0, 0>
16;83;(10,19);;<1, 2, 3, 4, 4>
16;85;(12,0);;<0, 0, 0, 0, 0>
16;86;(18,5);outputNeighborhood;<1, 2, 3, 0, 3>
16;86;(18,5);;<1, 2, 3, 4, 4>
16;87;(17,5);outputNeighborhood;<1, 2, 0, 0, 2>
16;87;(17,5);;<1, 2, 3, 0, 3>
16;89;(15,5);outputNeighborhood;<1, 0, 0, 0, 1>
16;89;(15,5);;<1, 2, 0, 0, 2>
16;90;(13,12);;<0, 0, 0, 0, 0>
16;97;(1,12);;<0, 0, 0, 0, 0>
16;98;(18,3);;<1, 2, 3, 4, 4>
16;99;(9,10);;<0, 0, 0, 0, 0>
16;100;(2,8);;<1, 2, 3, 4, 4>
16;101;(19,4);;<1, 2, 3, 4, 4>
16;103;(18,4);outputNeighborhood;<1, 2, 3, 4, 4>
16;103;(18,4);;<1, 2, 3, 4, 4>
16;104;(9,18);;<1, 2, 3, 4, 4>
16;105;(1,18);outputNeighborhood;<1, 2, 0, 0, 2>
16;105;(1,18);;<1, 2, 3, 0, 3>
16;107;(16,4);outputNeighborhood;<1, 2, 0, 0, 2>
16;107;(16,4);;<1, 2, 3, 0, 3>
16;109;(16,19);;<0, 0, 0, 0, 0>
16;112;(6,0);;<0, 0, 0, 0, 0>
16;113;(18,2);;<1, 2, 3, 4, 4>
16;114;(4,4);;<0, 0, 0, 0, 0>
16;115;(0,5);;<1, 2, 3, 4, 4>
16;116;(11,19);;<1, 2, 3, 4, 4>
16;118;(3,4);;<1, 2, 3, 4, 4>
16;119;(1,4);;<1, 2, 3, 4, 4>
16;121;(16,17);;<0, 0, 0, 0, 0>
16;122;(19,3);;<1, 2, 3, 4, 4>
16;124;(1,1);;<1, 2, 3, 4, 4>
16;125;(4,19);;<0, 0, 0, 0, 0>
16;127;(17,10);;<0, 0, 0, 0, 0>
16;128;(15,3);;<1, 0, 0, 0, 1>
16;131;(5,3);;<0, 0, 0, 0, 0>
16;134;(17,3);;<1, 2, 3, 4, 4>
16;135;(0,10);outputNeighborhood;<1, 2, 0, 0, 2>
16;135;(0,10);;<1, 2, 3, 0, 3>
16;136;(16,14);;<0, 0, 0, 0, 0>
16;137;(2,3);outputNeighborhood;<1, 2, 3, 0, 3>
16;137;(2,3);;<1, 2, 3, 4, 4>
16;139;(13,5);;<0, 0, 0, 0, 0>
16;140;(7,1);;<1, 0, 0, 0, 1>
16;142;(1,3);;<1, 2, 3, 0, 3>
16;143;(6,13);outputNeighborhood;<1, 2, 3, 0, 3>
16;143;(6,13);;<1, 2, 3, 4, 4>
16;144;(0,3);;<1, 2, 3, 4, 4>
16;145;(0,1);;<1, 2, 3, 4, 4>
16;147;(3,3);outputNeighborhood;<1, 2, 0, 0, 2>
16;147;(3,3);;<1, 2, 3, 0, 3>
16;148;(0,11);;<0, 0, 0, 0, 0>
16;149;(2,5);;<1, 2, 3, 4, 4>
16;150;(18,9);;<1, 2, 0, 0, 2>
16;151;(19,17);;<0, 0, 0, 0, 0>
16;152;(2,2);outputNeighborhood;<1, 2, 0, 0, 2>
16;152;(2,2);;<1, 2, 3, 0, 3>
16;153;(3,8);;<1, 2, 3, 4, 4>
16;154;(15,16);;<0, 0, 0, 0, 0>
16;155;(6,1);;<0, 0, 0, 0, 0>
16;157;(12,17);outputNeighborhood;<1, 2, 3, 4, 4>
16;157;(12,17);;<1, 2, 3, 4, 4>
16;160;(11,16);;<1, 2, 3, 4, 4>
16;161;(4,3);;<0, 0, 0, 0, 0>
16;163;(15,18);;<0, 0, 0, 0, 0>
16;168;(14,16);outputNeighborhood;<1, 2, 0, 0, 2>
16;168;(14,16);;<1, 2, 3, 0, 3>
16;171;(14,3);;<0, 0, 0, 0, 0>
16;172;(17,6);outputNeighborhood;<1, 0, 0, 0, 1>
16;172;(17,6);;<1, 2, 0, 0, 2>
16;173;(17,4);outputNeighborhood;<1, 2, 3, 0, 3>
16;173;(17,4);;<1, 2, 3, 4, 4>
16;174;(1,17);;<0, 0, 0, 0, 0>
16;175;(2,4);;<1, 2, 3, 4, 4>
16;178;(16,2);;<1, 0, 0, 0, 1>
16;179;(18,8);outputNeighborhood;<1, 0, 0, 0, 1>
16;179;(18,8);;<1, 2, 0, 0, 2>
16;180;(15,4);;<1, 2, 0, 0, 2>
16;181;(1,19);outputNeighborhood;<1, 2, 3, 0, 3>
16;181;(1,19);;<1, 2, 3, 4, 4>
16;182;(15,15);;<0, 0, 0, 0, 0>
16;183;(4,1);;<0, 0, 0, 0, 0>
16;184;(10,18);;<1, 2, 3, 4, 4>
16;185;(4,2);;<0, 0, 0, 0, 0>
16;186;(2,1);outputNeighborhood;<1, 0, 0, 0, 1>
16;186;(2,1);;<1, 2, 0, 0, 2>
16;187;(1,0);;<1, 2, 3, 4, 4>
16;189;(17,0);;<1, 2, 3, 4, 4>
16;190;(16,5);outputNeighborhood;<1, 0, 0, 0, 1>
16;190;(16,5);;<1, 2, 0, 0, 2>
16;191;(18,7);outputNeighborhood;<1, 0, 0, 0, 1>
16;191;(18,7);;<1, 2, 0, 0, 2>
16;193;(16,16);;<0, 0, 0, 0, 0>
16;194;(2,11);;<0, 0, 0, 0, 0>
16;195;(10,13);;<1, 2, 3, 4, 4>
16;197;(1,11);;<0, 0, 0, 0, 0>
16;198;(7,11);;<0, 0, 0, 0, 0>
16;199;(3,1);;<1, 0, 0, 0, 1>
16;201;(5,2);;<0, 0, 0, 0, 0>
16;202;(17,11);;<0, 0, 0, 0, 0>
16;204;(7,0);;<0, 0, 0, 0, 0>
16;205;(19,7);;<1, 2, 3, 4, 4>
16;208;(9,19);;<1, 2, 3, 4, 4>
16;209;(8,19);;<1, 2, 3, 4, 4>
16;213;(11,15);;<1, 2, 3, 4, 4>
16;214;(13,14);outputNeighborhood;<1, 2, 3, 0, 3>
16;214;(13,14);;<1, 2, 3, 0, 3>
16;215;(5,12);;<0, 0, 0, 0, 0>
16;216;(5,0);;<0, 0, 0, 0, 0>
16;217;(1,9);outputNeighborhood;<1, 2, 0, 0, 2>
16;217;(1,9);;<1, 2, 3, 0, 3>
16;218;(13,19);;<1, 0, 0, 0, 1>
16;219;(3,16);;<0, 0, 0, 0, 0>
16;223;(18,0);;<1, 2, 3, 4, 4>
16;225;(8,0);;<0, 0, 0, 0, 0>
16;231;(19,1);;<1, 2, 3, 4, 4>
16;233;(12,11);;<0, 0, 0, 0, 0>
16;235;(14,12);;<0, 0, 0, 0, 0>
16;240;(13,0);;<0, 0, 0, 0, 0>
16;243;(15,6);;<0, 0, 0, 0, 0>
16;246;(11,11);;<0, 0, 0, 0, 0>
16;248;(16,0);;<0, 0, 0, 0, 0>
16;250;(12,1);;<0, 0, 0, 0, 0>
16;251;(6,16);;<1, 2, 3, 4, 4>
16;252;(17,1);;<1, 2, 3, 4, 4>
16;253;(16,1);;<0, 0, 0, 0, 0>
16;255;(18,1);;<1, 2, 3, 4, 4>
16;256;(2,7);;<1, 2, 3, 4, 4>
16;258;(11,0);;<0, 0, 0, 0, 0>
16;259;(0,0);;<1, 2, 3, 4, 4>
16;260;(1,2);;<1, 2, 3, 4, 4>
16;264;(3,0);;<0, 0, 0, 0, 0>
16;265;(3,5);;<1, 2, 3, 4, 4>
16;266;(0,2);;<1, 2, 3, 4, 4>
16;267;(3,2);outputNeighborhood;<1, 0, 0, 0, 1>
16;267;(3,2);;<1, 2, 0, 0, 2>
16;268;(4,17);;<0, 0, 0, 0, 0>
16;269;(12,15);outputNeighborhood;<1, 2, 3, 4, 4>
16;269;(12,15);;<1, 2, 3, 4, 4>
16;271;(10,16);;<1, 2, 3, 4, 4>
16;272;(14,5);;<0, 0, 0, 0, 0>
16;273;(2,0);;<1, 0, 0, 0, 1>
16;274;(19,5);;<1, 2, 3, 4, 4>
16;276;(13,18);outputNeighborhood;<1, 0, 0, 0, 1>
16;276;(13,18);;<1, 2, 0, 0, 2>
16;277;(7,14);;<1, 2, 3, 4, 4>
16;278;(16,7);;<1, 0, 0, 0, 1>
16;282;(6,17);;<1, 2, 3, 4, 4>
16;284;(14,4);;<0, 0, 0, 0, 0>
16;287;(0,18);outputNeighborhood;<1, 2, 3, 0, 3>
16;287;(0,18);;<1, 2, 3, 4, 4>
16;289;(0,12);;<0, 0, 0, 0, 0>
16;290;(19,10);outputNeighborhood;<1, 2, 0, 0, 2>
16;290;(19,10);;<1, 2, 3, 0, 3>
16;291;(7,19);outputNeighborhood;<1, 2, 3, 4, 4>
16;291;(7,19);;<1, 2, 3, 4, 4>
16;294;(10,11);;<0, 0, 0, 0, 0>
16;296;(10,15);;<1, 2, 3, 4, 4>
16;298;(17,18);;<1, 0, 0, 0, 1>
16;299;(19,0);;<1, 2, 3, 4, 4>
16;301;(14,6);;<0, 0, 0, 0, 0>
16;302;(8,12);outputNeighborhood;<1, 2, 0, 0, 2>
16;302;(8,12);;<1, 2, 3, 0, 3>
16;303;(16,6);;<1, 0, 0, 0, 1>
16;304;(18,6);outputNeighborhood;<1, 2, 0, 0, 2>
16;304;(18,6);;<1, 2, 3, 0, 3>
16;305;(17,2);;<1, 2, 3, 4, 4>
16;306;(0,7);;<1, 2, 3, 4, 4>
16;308;(1,7);;<1, 2, 3, 4, 4>
16;310;(8,14);;<1, 2, 3, 4, 4>
16;317;(13,16);outputNeighborhood;<1, 2, 3, 0, 3>
16;317;(13,16);;<1, 2, 3, 0, 3>
16;318;(15,7);;<0, 0, 0, 0, 0>
16;320;(17,7);;<1, 0, 0, 0, 1>
16;321;(1,8);;<1, 2, 3, 4, 4>
16;324;(0,8);;<1, 2, 3, 4, 4>
16;325;(3,19);;<0, 0, 0, 0, 0>
16;331;(0,6);;<1, 2, 3, 4, 4>
16;332;(19,6);;<1, 2, 3, 4, 4>
16;334;(16,18);;<0, 0, 0, 0, 0>
16;339;(17,8);;<0, 0, 0, 0, 0>
16;340;(11,10);;<0, 0, 0, 0, 0>
16;341;(16,3);outputNeighborhood;<1, 0, 0, 0, 1>
16;341;(16,3);;<1, 2, 0, 0, 2>
16;343;(19,8);;<1, 2, 3, 4, 4>
16;344;(6,12);;<1, 0, 0, 0, 1>
16;345;(15,2);;<0, 0, 0, 0, 0>
16;347;(0,9);outputNeighborhood;<1, 2, 3, 0, 3>
16;347;(0,9);;<1, 2, 3, 0, 3>
16;348;(8,11);;<0, 0, 0, 0, 0>
16;349;(2,9);outputNeighborhood;<1, 0, 0, 0, 1>
16;349;(2,9);;<1, 2, 0, 0, 2>
16;350;(3,9);;<1, 0, 0, 0, 1>
16;351;(4,9);;<0, 0, 0, 0, 0>
16;356;(5,18);;<0, 0, 0, 0, 0>
16;358;(17,9);;<0, 0, 0, 0, 0>
16;359;(19,9);outputNeighborhood;<1, 2, 3, 4, 4>
16;359;(19,9);;<1, 2, 3, 4, 4>
16;360;(1,10);outputNeighborhood;<1, 0, 0, 0, 1>
16;360;(1,10);;<1, 2, 0, 0, 2>
16;361;(13,17);outputNeighborhood;<1, 2, 0, 0, 2>
16;361;(13,17);;<1, 2, 3, 0, 3>
16;363;(2,10);;<1, 0, 0, 0, 1>
16;364;(3,10);;<0, 0, 0, 0, 0>
16;367;(19,11);;<0, 0, 0, 0, 0>
16;368;(15,14);;<0, 0, 0, 0, 0>
16;369;(7,10);;<0, 0, 0, 0, 0>
16;370;(8,10);;<0, 0, 0, 0, 0>
16;371;(9,11);;<0, 0, 0, 0, 0>
16;372;(10,10);;<0, 0, 0, 0, 0>
16;376;(7,12);outputNeighborhood;<1, 0, 0, 0, 1>
16;376;(7,12);;<1, 2, 0, 0, 2>
16;377;(18,18);outputNeighborhood;<1, 0, 0, 0, 1>
16;377;(18,18);;<1, 2, 0, 0, 2>
16;379;(16,10);;<0, 0, 0, 0, 0>
16;380;(0,4);;<1, 2, 3, 4, 4>
16;382;(12,19);outputNeighborhood;<1, 2, 0, 0, 2>
16;382;(12,19);;<1, 2, 3, 0, 3>
16;383;(18,10);outputNeighborhood;<1, 0, 0, 0, 1>
16;383;(18,10);;<1, 2, 0, 0, 2>
16;384;(9,12);outputNeighborhood;<1, 2, 0, 0, 2>
16;384;(9,12);;<1, 2, 3, 0, 3>
16;389;(6,11);;<0, 0, 0, 0, 0>
16;392;(14,11);;<0, 0, 0, 0, 0>
16;393;(18,11);;<0, 0, 0, 0, 0>
16;395;(16,8);;<0, 0, 0, 0, 0>
16;396;(10,12);outputNeighborhood;<1, 2, 0, 0, 2>
16;396;(10,12);;<1, 2, 3, 0, 3>
16;397;(13,11);;<0, 0, 0, 0, 0>
16;398;(11,12);outputNeighborhood;<1, 0, 0, 0, 1>
16;398;(11,12);;<1, 2, 0, 0, 2>
16;399;(12,12);;<1, 0, 0, 0, 1>
16;400;(15,12);;<0, 0, 0, 0, 0>
17;1;(19,19);outputNeighborhood;<1, 2, 3, 4, 4>
17;1;(19,19);;<1, 2, 3, 4, 4>
17;2;(18,19);outputNeighborhood;<1, 2, 3, 0, 3>
17;2;(18,19);;<1, 2, 3, 0, 3>
17;3;(17,19);outputNeighborhood;<1, 2, 0, 0, 2>
17;3;(17,19);;<1, 2, 3, 0, 3>
17;4;(15,19);;<0, 0, 0, 0, 0>
17;5;(14,19);;<1, 0, 0, 0, 1>
17;6;(6,19);outputNeighborhood;<1, 2, 3, 4, 4>
17;6;(6,19);;<1, 2, 3, 4, 4>
17;7;(5,19);;<0, 0, 0, 0, 0>
17;8;(2,19);;<1, 0, 0, 0, 1>
17;9;(0,19);;<1, 2, 3, 4, 4>
17;10;(19,18);outputNeighborhood;<1, 2, 3, 4, 4>
17;10;(19,18);;<1, 2, 3, 4, 4>
17;11;(14,18);outputNeighborhood;<1, 0, 0, 0, 1>
17;11;(14,18);;<1, 2, 0, 0, 2>
17;12;(12,18);outputNeighborhood;<1, 2, 3, 4, 4>
17;12;(12,18);;<1, 2, 3, 4, 4>
17;13;(11,18);;<1, 2, 3, 4, 4>
17;15;(6,18);;<1, 2, 3, 4, 4>
17;16;(4,18);;<0, 0, 0, 0, 0>
17;17;(3,18);;<1, 0, 0, 0, 1>
17;18;(2,18);outputNeighborhood;<1, 0, 0, 0, 1>
17;18;(2,18);;<1, 2, 0, 0, 2>
17;19;(18,17);;<0, 0, 0, 0, 0>
17;20;(17,17);;<0, 0, 0, 0, 0>
17;21;(15,17);;<0, 0, 0, 0, 0>
17;22;(14,17);outputNeighborhood;<1, 2, 0, 0, 2>
17;22;(14,17);;<1, 2, 3, 0, 3>
17;23;(11,17);;<1, 2, 3, 4, 4>
17;27;(3,17);;<0, 0, 0, 0, 0>
17;28;(2,17);;<0, 0, 0, 0, 0>
17;29;(0,17);;<1, 0, 0, 0, 1>
17;30;(19,16);;<0, 0, 0, 0, 0>
17;31;(18,16);;<1, 0, 0, 0, 1>
17;32;(17,16);;<0, 0, 0, 0, 0>
17;33;(12,16);;<1, 2, 3, 4, 4>
17;34;(7,18);;<1, 2, 3, 4, 4>
17;38;(4,16);;<0, 0, 0, 0, 0>
17;39;(1,16);;<0, 0, 0, 0, 0>
17;40;(0,16);outputNeighborhood;<1, 0, 0, 0, 1>
17;40;(0,16);;<1, 0, 0, 0, 1>
17;41;(19,15);;<0, 0, 0, 0, 0>
17;42;(16,15);;<0, 0, 0, 0, 0>
17;43;(14,15);outputNeighborhood;<1, 2, 3, 0, 3>
17;43;(14,15);;<1, 2, 3, 4, 4>
17;44;(13,15);;<1, 2, 3, 4, 4>
17;45;(9,15);;<1, 2, 3, 4, 4>
17;46;(6,15);;<1, 2, 3, 4, 4>
17;47;(5,15);;<0, 0, 0, 0, 0>
17;48;(4,15);;<0, 0, 0, 0, 0>
17;50;(1,15);;<0, 0, 0, 0, 0>
17;52;(14,14);outputNeighborhood;<1, 2, 3, 0, 3>
17;52;(14,14);;<1, 2, 3, 0, 3>
17;53;(12,14);;<1, 2, 3, 4, 4>
17;54;(11,14);;<1, 2, 3, 4, 4>
17;55;(10,14);;<1, 2, 3, 4, 4>
17;56;(9,14);;<1, 2, 3, 4, 4>
17;57;(6,14);;<1, 2, 3, 4, 4>
17;58;(5,14);;<1, 0, 0, 0, 1>
17;59;(4,14);outputNeighborhood;<1, 0, 0, 0, 1>
17;59;(4,14);;<1, 0, 0, 0, 1>
17;60;(3,14);;<0, 0, 0, 0, 0>
17;62;(2,14);;<0, 0, 0, 0, 0>
17;65;(16,13);;<0, 0, 0, 0, 0>
17;66;(15,13);;<0, 0, 0, 0, 0>
17;67;(14,13);outputNeighborhood;<1, 2, 0, 0, 2>
17;67;(14,13);;<1, 2, 3, 0, 3>
17;68;(13,13);outputNeighborhood;<1, 2, 3, 0, 3>
17;68;(13,13);;<1, 2, 3, 4, 4>
17;69;(12,13);outputNeighborhood;<1, 2, 3, 4, 4>
17;69;(12,13);;<1, 2, 3, 4, 4>
17;70;(11,13);;<1, 2, 3, 4, 4>
17;71;(9,13);outputNeighborhood;<1, 2, 3, 4, 4>
17;71;(9,13);;<1, 2, 3, 4, 4>
17;72;(8,13);;<1, 2, 3, 4, 4>
17;73;(7,13);;<1, 2, 3, 4, 4>
17;74;(5,13);;<0, 0, 0, 0, 0>
17;75;(0,15);;<0, 0, 0, 0, 0>
17;76;(4,13);;<0, 0, 0, 0, 0>
17;77;(3,13);;<0, 0, 0, 0, 0>
17;80;(19,12);;<0, 0, 0, 0, 0>
17;81;(18,12);;<0, 0, 0, 0, 0>
17;83;(10,19);;<1, 2, 3, 4, 4>
17;85;(12,0);;<0, 0, 0, 0, 0>
17;86;(18,5);outputNeighborhood;<1, 2, 3, 4, 4>
17;86;(18,5);;<1, 2, 3, 4, 4>
17;87;(17,5);outputNeighborhood;<1, 2, 3, 0, 3>
17;87;(17,5);;<1, 2, 3, 4, 4>
17;89;(15,5);outputNeighborhood;<1, 2, 0, 0, 2>
17;89;(15,5);;<1, 2, 3, 0, 3>
17;90;(13,12);;<1, 0, 0, 0, 1>
17;95;(4,12);;<0, 0, 0, 0, 0>
17;97;(1,12);;<0, 0, 0, 0, 0>
17;98;(18,3);;<1, 2, 3, 4, 4>
17;99;(9,10);;<0, 0, 0, 0, 0>
17;100;(2,8);;<1, 2, 3, 4, 4>
17;101;(19,4);;<1, 2, 3, 4, 4>
17;103;(18,4);;<1, 2, 3, 4, 4>
17;105;(1,18);outputNeighborhood;<1, 2, 3, 0, 3>
17;105;(1,18);;<1, 2, 3, 4, 4>
17;107;(16,4);outputNeighborhood;<1, 2, 3, 0, 3>
17;107;(16,4);;<1, 2, 3, 4, 4>
17;108;(8,2);;<0, 0, 0, 0, 0>
17;109;(16,19);;<0, 0, 0, 0, 0>
17;112;(6,0);;<0, 0, 0, 0, 0>
17;113;(18,2);;<1, 2, 3, 4, 4>
17;114;(4,4);;<0, 0, 0, 0, 0>
17;115;(0,5);;<1, 2, 3, 4, 4>
17;116;(11,19);;<1, 2, 3, 4, 4>
17;118;(3,4);;<1, 2, 3, 4, 4>
17;119;(1,4);;<1, 2, 3, 4, 4>
17;121;(16,17);;<0, 0, 0, 0, 0>
17;122;(19,3);;<1, 2, 3, 4, 4>
17;124;(1,1);;<1, 2, 3, 4, 4>
17;125;(4,19);;<0, 0, 0, 0, 0>
17;126;(13,3);;<0, 0, 0, 0, 0>
17;127;(17,10);;<0, 0, 0, 0, 0>
17;128;(15,3);outputNeighborhood;<1, 0, 0, 0, 1>
17;128;(15,3);;<1, 2, 0, 0, 2>
17;131;(5,3);;<0, 0, 0, 0, 0>
17;133;(16,9);;<0, 0, 0, 0, 0>
17;134;(17,3);outputNeighborhood;<1, 2, 3, 4, 4>
17;134;(17,3);;<1, 2, 3, 4, 4>
17;135;(0,10);outputNeighborhood;<1, 2, 3, 0, 3>
17;135;(0,10);;<1, 2, 3, 4, 4>
17;136;(16,14);;<0, 0, 0, 0, 0>
17;137;(2,3);outputNeighborhood;<1, 2, 3, 4, 4>
17;137;(2,3);;<1, 2, 3, 4, 4>
17;139;(13,5);;<0, 0, 0, 0, 0>
17;140;(7,1);outputNeighborhood;<1, 0, 0, 0, 1>
17;140;(7,1);;<1, 0, 0, 0, 1>
17;142;(1,3);;<1, 2, 3, 4, 4>
17;143;(6,13);outputNeighborhood;<1, 2, 3, 4, 4>
17;143;(6,13);;<1, 2, 3, 4, 4>
17;144;(0,3);;<1, 2, 3, 4, 4>
17;145;(0,1);;<1, 2, 3, 4, 4>
17;146;(3,7);;<1, 2, 3, 4, 4>
17;147;(3,3);outputNeighborhood;<1, 2, 3, 0, 3>
17;147;(3,3);;<1, 2, 3, 4, 4>
17;148;(0,11);;<0, 0, 0, 0, 0>
17;149;(2,5);;<1, 2, 3, 4, 4>
17;150;(18,9);outputNeighborhood;<1, 2, 0, 0, 2>
17;150;(18,9);;<1, 2, 3, 0, 3>
17;151;(19,17);;<0, 0, 0, 0, 0>
17;152;(2,2);outputNeighborhood;<1, 2, 3, 0, 3>
17;152;(2,2);;<1, 2, 3, 4, 4>
17;153;(3,8);outputNeighborhood;<1, 2, 3, 4, 4>
17;153;(3,8);;<1, 2, 3, 4, 4>
17;154;(15,16);;<0, 0, 0, 0, 0>
17;155;(6,1);;<0, 0, 0, 0, 0>
17;157;(12,17);;<1, 2, 3, 4, 4>
17;158;(8,1);;<0, 0, 0, 0, 0>
17;159;(7,2);;<0, 0, 0, 0, 0>
17;161;(4,3);;<0, 0, 0, 0, 0>
17;162;(5,1);;<0, 0, 0, 0, 0>
17;163;(15,18);;<0, 0, 0, 0, 0>
17;168;(14,16);outputNeighborhood;<1, 2, 3, 0, 3>
17;168;(14,16);;<1, 2, 3, 4, 4>
17;171;(14,3);;<0, 0, 0, 0, 0>
17;172;(17,6);outputNeighborhood;<1, 2, 0, 0, 2>
17;172;(17,6);;<1, 2, 3, 0, 3>
17;173;(17,4);outputNeighborhood;<1, 2, 3, 4, 4>
17;173;(17,4);;<1, 2, 3, 4, 4>
17;174;(1,17);;<0, 0, 0, 0, 0>
17;175;(2,4);;<1, 2, 3, 4, 4>
17;176;(13,4);;<0, 0, 0, 0, 0>
17;178;(16,2);outputNeighborhood;<1, 0, 0, 0, 1>
17;178;(16,2);;<1, 2, 0, 0, 2>
17;179;(18,8);outputNeighborhood;<1, 2, 0, 0, 2>
17;179;(18,8);;<1, 2, 3, 0, 3>
17;180;(15,4);outputNeighborhood;<1, 2, 0, 0, 2>
17;180;(15,4);;<1, 2, 3, 0, 3>
17;181;(1,19);outputNeighborhood;<1, 2, 3, 4, 4>
17;181;(1,19);;<1, 2, 3, 4, 4>
17;182;(15,15);;<0, 0, 0, 0, 0>
17;183;(4,1);;<0, 0, 0, 0, 0>
17;184;(10,18);;<1, 2, 3, 4, 4>
17;185;(4,2);;<0, 0, 0, 0, 0>
17;186;(2,1);outputNeighborhood;<1, 2, 0, 0, 2>
17;186;(2,1);;<1, 2, 3, 0, 3>
17;187;(1,0);;<1, 2, 3, 4, 4>
17;189;(17,0);;<1, 2, 3, 4, 4>
17;190;(16,5);outputNeighborhood;<1, 2, 0, 0, 2>
17;190;(16,5);;<1, 2, 3, 0, 3>
17;191;(18,7);outputNeighborhood;<1, 2, 0, 0, 2>
17;191;(18,7);;<1, 2, 3, 0, 3>
17;193;(16,16);;<0, 0, 0, 0, 0>
17;194;(2,11);;<0, 0, 0, 0, 0>
17;195;(10,13);;<1, 2, 3, 4, 4>
17;197;(1,11);;<0, 0, 0, 0, 0>
17;198;(7,11);;<0, 0, 0, 0, 0>
17;199;(3,1);outputNeighborhood;<1, 0, 0, 0, 1>
17;199;(3,1);;<1, 2, 0, 0, 2>
17;200;(3,15);;<0, 0, 0, 0, 0>
17;201;(5,2);;<0, 0, 0, 0, 0>
17;202;(17,11);;<0, 0, 0, 0, 0>
17;204;(7,0);;<1, 0, 0, 0, 1>
17;205;(19,7);;<1, 2, 3, 4, 4>
17;206;(2,16);;<0, 0, 0, 0, 0>
17;209;(8,19);;<1, 2, 3, 4, 4>
17;212;(7,3);;<0, 0, 0, 0, 0>
17;214;(13,14);;<1, 2, 3, 4, 4>
17;215;(5,12);;<1, 0, 0, 0, 1>
17;216;(5,0);;<0, 0, 0, 0, 0>
17;217;(1,9);outputNeighborhood;<1, 2, 3, 0, 3>
17;217;(1,9);;<1, 2, 3, 4, 4>
17;218;(13,19);outputNeighborhood;<1, 0, 0, 0, 1>
17;218;(13,19);;<1, 2, 0, 0, 2>
17;223;(18,0);;<1, 2, 3, 4, 4>
17;224;(3,11);;<0, 0, 0, 0, 0>
17;225;(8,0);;<0, 0, 0, 0, 0>
17;231;(19,1);;<1, 2, 3, 4, 4>
17;233;(12,11);;<0, 0, 0, 0, 0>
17;235;(14,12);;<0, 0, 0, 0, 0>
17;236;(4,0);;<0, 0, 0, 0, 0>
17;238;(3,6);;<1, 2, 3, 4, 4>
17;240;(13,0);;<0, 0, 0, 0, 0>
17;243;(15,6);;<1, 0, 0, 0, 1>
17;246;(11,11);;<0, 0, 0, 0, 0>
17;248;(16,0);;<1, 0, 0, 0, 1>
17;249;(14,0);;<0, 0, 0, 0, 0>
17;250;(12,1);;<0, 0, 0, 0, 0>
17;252;(17,1);;<1, 2, 3, 4, 4>
17;253;(16,1);;<1, 0, 0, 0, 1>
17;254;(15,1);;<0, 0, 0, 0, 0>
17;255;(18,1);;<1, 2, 3, 4, 4>
17;256;(2,7);;<1, 2, 3, 4, 4>
17;258;(11,0);;<0, 0, 0, 0, 0>
17;259;(0,0);;<1, 2, 3, 4, 4>
17;260;(1,2);;<1, 2, 3, 4, 4>
17;261;(0,14);;<0, 0, 0, 0, 0>
17;264;(3,0);;<1, 0, 0, 0, 1>
17;265;(3,5);;<1, 2, 3, 4, 4>
17;266;(0,2);;<1, 2, 3, 4, 4>
17;267;(3,2);outputNeighborhood;<1, 2, 0, 0, 2>
17;267;(3,2);;<1, 2, 3, 0, 3>
17;269;(12,15);;<1, 2, 3, 4, 4>
17;270;(6,2);;<0, 0, 0, 0, 0>
17;272;(14,5);;<0, 0, 0, 0, 0>
17;273;(2,0);outputNeighborhood;<1, 0, 0, 0, 1>
17;273;(2,0);;<1, 2, 0, 0, 2>
17;274;(19,5);;<1, 2, 3, 4, 4>
17;276;(13,18);outputNeighborhood;<1, 2, 0, 0, 2>
17;276;(13,18);;<1, 2, 3, 0, 3>
17;277;(7,14);;<1, 2, 3, 4, 4>
17;278;(16,7);;<1, 2, 0, 0, 2>
17;282;(6,17);;<1, 2, 3, 4, 4>
17;284;(14,4);;<0, 0, 0, 0, 0>
17;285;(14,2);;<0, 0, 0, 0, 0>
17;287;(0,18);outputNeighborhood;<1, 2, 3, 4, 4>
17;287;(0,18);;<1, 2, 3, 4, 4>
17;288;(9,1);;<0, 0, 0, 0, 0>
17;289;(0,12);;<0, 0, 0, 0, 0>
17;290;(19,10);outputNeighborhood;<1, 2, 3, 0, 3>
17;290;(19,10);;<1, 2, 3, 4, 4>
17;291;(7,19);;<1, 2, 3, 4, 4>
17;294;(10,11);;<0, 0, 0, 0, 0>
17;298;(17,18);outputNeighborhood;<1, 0, 0, 0, 1>
17;298;(17,18);;<1, 2, 0, 0, 2>
17;299;(19,0);;<1, 2, 3, 4, 4>
17;301;(14,6);;<0, 0, 0, 0, 0>
17;302;(8,12);outputNeighborhood;<1, 2, 3, 0, 3>
17;302;(8,12);;<1, 2, 3, 4, 4>
17;303;(16,6);outputNeighborhood;<1, 0, 0, 0, 1>
17;303;(16,6);;<1, 2, 0, 0, 2>
17;304;(18,6);outputNeighborhood;<1, 2, 3, 0, 3>
17;304;(18,6);;<1, 2, 3, 4, 4>
17;305;(17,2);;<1, 2, 3, 4, 4>
17;306;(0,7);;<1, 2, 3, 4, 4>
17;308;(1,7);;<1, 2, 3, 4, 4>
17;309;(4,7);;<0, 0, 0, 0, 0>
17;310;(8,14);;<1, 2, 3, 4, 4>
17;317;(13,16);;<1, 2, 3, 4, 4>
17;318;(15,7);;<0, 0, 0, 0, 0>
17;320;(17,7);outputNeighborhood;<1, 0, 0, 0, 1>
17;320;(17,7);;<1, 2, 0, 0, 2>
17;321;(1,8);;<1, 2, 3, 4, 4>
17;324;(0,8);;<1, 2, 3, 4, 4>
17;325;(3,19);;<0, 0, 0, 0, 0>
17;326;(4,8);;<0, 0, 0, 0, 0>
17;327;(5,8);;<0, 0, 0, 0, 0>
17;331;(0,6);;<1, 2, 3, 4, 4>
17;332;(19,6);;<1, 2, 3, 4, 4>
17;334;(16,18);;<0, 0, 0, 0, 0>
17;339;(17,8);;<1, 0, 0, 0, 1>
17;340;(11,10);;<0, 0, 0, 0, 0>
17;341;(16,3);outputNeighborhood;<1, 2, 0, 0, 2>
17;341;(16,3);;<1, 2, 3, 0, 3>
17;343;(19,8);;<1, 2, 3, 4, 4>
17;344;(6,12);outputNeighborhood;<1, 0, 0, 0, 1>
17;344;(6,12);;<1, 2, 0, 0, 2>
17;345;(15,2);;<1, 0, 0, 0, 1>
17;347;(0,9);;<1, 2, 3, 4, 4>
17;348;(8,11);;<0, 0, 0, 0, 0>
17;349;(2,9);outputNeighborhood;<1, 2, 0, 0, 2>
17;349;(2,9);;<1, 2, 3, 0, 3>
17;350;(3,9);outputNeighborhood;<1, 0, 0, 0, 1>
17;350;(3,9);;<1, 2, 0, 0, 2>
17;351;(4,9);;<0, 0, 0, 0, 0>
17;352;(5,9);;<0, 0, 0, 0, 0>
17;353;(4,10);;<0, 0, 0, 0, 0>
17;356;(5,18);;<0, 0, 0, 0, 0>
17;358;(17,9);;<0, 0, 0, 0, 0>
17;359;(19,9);;<1, 2, 3, 4, 4>
17;360;(1,10);outputNeighborhood;<1, 2, 0, 0, 2>
17;360;(1,10);;<1, 2, 3, 0, 3>
17;361;(13,17);outputNeighborhood;<1, 2, 3, 0, 3>
17;361;(13,17);;<1, 2, 3, 4, 4>
17;363;(2,10);outputNeighborhood;<1, 0, 0, 0, 1>
17;363;(2,10);;<1, 2, 0, 0, 2>
17;364;(3,10);;<1, 0, 0, 0, 1>
17;366;(6,10);;<0, 0, 0, 0, 0>
17;367;(19,11);;<0, 0, 0, 0, 0>
17;368;(15,14);;<0, 0, 0, 0, 0>
17;369;(7,10);;<0, 0, 0, 0, 0>
17;370;(8,10);;<0, 0, 0, 0, 0>
17;371;(9,11);;<0, 0, 0, 0, 0>
17;372;(10,10);;<0, 0, 0, 0, 0>
17;373;(12,10);;<0, 0, 0, 0, 0>
17;376;(7,12);outputNeighborhood;<1, 2, 0, 0, 2>
17;376;(7,12);;<1, 2, 3, 0, 3>
17;377;(18,18);outputNeighborhood;<1, 2, 0, 0, 2>
17;377;(18,18);;<1, 2, 3, 0, 3>
17;379;(16,10);;<0, 0, 0, 0, 0>
17;381;(2,12);;<0, 0, 0, 0, 0>
17;382;(12,19);outputNeighborhood;<1, 2, 3, 0, 3>
17;382;(12,19);;<1, 2, 3, 4, 4>
17;383;(18,10);outputNeighborhood;<1, 2, 0, 0, 2>
17;383;(18,10);;<1, 2, 3, 0, 3>
17;384;(9,12);outputNeighborhood;<1, 2, 3, 0, 3>
17;384;(9,12);;<1, 2, 3, 4, 4>
17;385;(5,11);;<1, 0, 0, 0, 1>
17;389;(6,11);;<1, 0, 0, 0, 1>
17;392;(14,11);;<0, 0, 0, 0, 0>
17;393;(18,11);;<0, 0, 0, 0, 0>
17;394;(13,1);;<0, 0, 0, 0, 0>
17;395;(16,8);;<0, 0, 0, 0, 0>
17;396;(10,12);outputNeighborhood;<1, 2, 3, 0, 3>
17;396;(10,12);;<1, 2, 3, 4, 4>
17;397;(13,11);;<0, 0, 0, 0, 0>
17;398;(11,12);outputNeighborhood;<1, 2, 0, 0, 2>
17;398;(11,12);;<1, 2, 3, 0, 3>
17;399;(12,12);outputNeighborhood;<1, 0, 0, 0, 1>
17;399;(12,12);;<1, 2, 0, 0, 2>
17;400;(15,12);;<0, 0, 0, 0, 0>
18;1;(19,19);;<1, 2, 3, 4, 4>
18;2;(18,19);;<1, 2, 3, 4, 4>
18;3;(17,19);outputNeighborhood;<1, 2, 3, 0, 3>
18;3;(17,19);;<1, 2, 3, 4, 4>
18;4;(15,19);;<0, 0, 0, 0, 0>
18;5;(14,19);outputNeighborhood;<1, 0, 0, 0, 1>
18;5;(14,19);;<1, 2, 0, 0, 2>
18;6;(6,19);;<1, 2, 3, 4, 4>
18;8;(2,19);outputNeighborhood;<1, 0, 0, 0, 1>
18;8;(2,19);;<1, 2, 0, 0, 2>
18;9;(0,19);outputNeighborhood;<1, 2, 3, 4, 4>
18;9;(0,19);;<1, 2, 3, 4, 4>
18;10;(19,18);;<1, 2, 3, 4, 4>
18;11;(14,18);outputNeighborhood;<1, 2, 0, 0, 2>
18;11;(14,18);;<1, 2, 3, 0, 3>
18;12;(12,18);;<1, 2, 3, 4, 4>
18;13;(11,18);;<1, 2, 3, 4, 4>
18;16;(4,18);;<0, 0, 0, 0, 0>
18;17;(3,18);;<1, 0, 0, 0, 1>
18;18;(2,18);outputNeighborhood;<1, 2, 0, 0, 2>
18;18;(2,18);;<1, 2, 3, 0, 3>
18;19;(18,17);;<1, 0, 0, 0, 1>
18;20;(17,17);;<0, 0, 0, 0, 0>
18;21;(15,17);;<0, 0, 0, 0, 0>
18;22;(14,17);outputNeighborhood;<1, 2, 3, 0, 3>
18;22;(14,17);;<1, 2, 3, 4, 4>
18;23;(11,17);;<1, 2, 3, 4, 4>
18;27;(3,17);;<0, 0, 0, 0, 0>
18;28;(2,17);;<0, 0, 0, 0, 0>
18;29;(0,17);outputNeighborhood;<1, 0, 0, 0, 1>
18;29;(0,17);;<1, 2, 0, 0, 2>
18;30;(19,16);;<1, 0, 0, 0, 1>
18;31;(18,16);outputNeighborhood;<1, 0, 0, 0, 1>
18;31;(18,16);;<1, 0, 0, 0, 1>
18;32;(17,16);;<0, 0, 0, 0, 0>
18;33;(12,16);;<1, 2, 3, 4, 4>
18;34;(7,18);;<1, 2, 3, 4, 4>
18;37;(5,16);;<0, 0, 0, 0, 0>
18;39;(1,16);;<0, 0, 0, 0, 0>
18;40;(0,16);;<1, 0, 0, 0, 1>
18;41;(19,15);;<0, 0, 0, 0, 0>
18;42;(16,15);;<0, 0, 0, 0, 0>
18;43;(14,15);outputNeighborhood;<1, 2, 3, 4, 4>
18;43;(14,15);;<1, 2, 3, 4, 4>
18;44;(13,15);;<1, 2, 3, 4, 4>
18;46;(6,15);;<1, 2, 3, 4, 4>
18;47;(5,15);;<1, 0, 0, 0, 1>
18;48;(4,15);;<0, 0, 0, 0, 0>
18;52;(14,14);;<1, 2, 3, 0, 3>
18;53;(12,14);;<1, 2, 3, 4, 4>
18;54;(11,14);;<1, 2, 3, 4, 4>
18;55;(10,14);;<1, 2, 3, 4, 4>
18;56;(9,14);;<1, 2, 3, 4, 4>
18;57;(6,14);;<1, 2, 3, 4, 4>
18;58;(5,14);outputNeighborhood;<1, 0, 0, 0, 1>
18;58;(5,14);;<1, 2, 0, 0, 2>
18;59;(4,14);;<1, 0, 0, 0, 1>
18;60;(3,14);;<0, 0, 0, 0, 0>
18;65;(16,13);;<0, 0, 0, 0, 0>
18;66;(15,13);;<0, 0, 0, 0, 0>
18;67;(14,13);outputNeighborhood;<1, 2, 3, 0, 3>
18;67;(14,13);;<1, 2, 3, 4, 4>
18;68;(13,13);outputNeighborhood;<1, 2, 3, 4, 4>
18;68;(13,13);;<1, 2, 3, 4, 4>
18;69;(12,13);;<1, 2, 3, 4, 4>
18;70;(11,13);;<1, 2, 3, 4, 4>
18;71;(9,13);;<1, 2, 3, 4, 4>
18;72;(8,13);;<1, 2, 3, 4, 4>
18;73;(7,13);;<1, 2, 3, 4, 4>
18;74;(5,13);;<1, 0, 0, 0, 1>
18;75;(0,15);;<0, 0, 0, 0, 0>
18;76;(4,13);;<0, 0, 0, 0, 0>
18;80;(19,12);;<0, 0, 0, 0, 0>
18;81;(18,12);;<0, 0, 0, 0, 0>
18;83;(10,19);;<1, 2, 3, 4, 4>
18;85;(12,0);;<1, 0, 0, 0, 1>
18;86;(18,5);;<1, 2, 3, 4, 4>
18;87;(17,5);outputNeighborhood;<1, 2, 3, 4, 4>
18;87;(17,5);;<1, 2, 3, 4, 4>
18;89;(15,5);outputNeighborhood;<1, 2, 3, 0, 3>
18;89;(15,5);;<1, 2, 3, 4, 4>
18;90;(13,12);outputNeighborhood;<1, 0, 0, 0, 1>
18;90;(13,12);;<1, 2, 0, 0, 2>
18;95;(4,12);;<0, 0, 0, 0, 0>
18;96;(18,14);;<0, 0, 0, 0, 0>
18;97;(1,12);;<0, 0, 0, 0, 0>
18;98;(18,3);;<1, 2, 3, 4, 4>
18;99;(9,10);;<0, 0, 0, 0, 0>
18;100;(2,8);;<1, 2, 3, 4, 4>
18;103;(18,4);;<1, 2, 3, 4, 4>
18;105;(1,18);outputNeighborhood;<1, 2, 3, 4, 4>
18;105;(1,18);;<1, 2, 3, 4, 4>
18;107;(16,4);outputNeighborhood;<1, 2, 3, 4, 4>
18;107;(16,4);;<1, 2, 3, 4, 4>
18;109;(16,19);;<1, 0, 0, 0, 1>
18;110;(13,2);;<0, 0, 0, 0, 0>
18;112;(6,0);;<1, 0, 0, 0, 1>
18;113;(18,2);;<1, 2, 3, 4, 4>
18;114;(4,4);;<0, 0, 0, 0, 0>
18;116;(11,19);;<1, 2, 3, 4, 4>
18;117;(14,7);;<0, 0, 0, 0, 0>
18;118;(3,4);;<1, 2, 3, 4, 4>
18;119;(1,4);;<1, 2, 3, 4, 4>
18;120;(3,12);;<1, 0, 0, 0, 1>
18;121;(16,17);;<0, 0, 0, 0, 0>
18;122;(19,3);;<1, 2, 3, 4, 4>
18;123;(13,6);;<0, 0, 0, 0, 0>
18;124;(1,1);;<1, 2, 3, 4, 4>
18;125;(4,19);;<0, 0, 0, 0, 0>
18;126;(13,3);;<0, 0, 0, 0, 0>
18;127;(17,10);;<1, 0, 0, 0, 1>
18;128;(15,3);outputNeighborhood;<1, 2, 0, 0, 2>
18;128;(15,3);;<1, 2, 3, 0, 3>
18;131;(5,3);;<0, 0, 0, 0, 0>
18;133;(16,9);;<0, 0, 0, 0, 0>
18;134;(17,3);;<1, 2, 3, 4, 4>
18;135;(0,10);outputNeighborhood;<1, 2, 3, 4, 4>
18;135;(0,10);;<1, 2, 3, 4, 4>
18;137;(2,3);;<1, 2, 3, 4, 4>
18;139;(13,5);;<0, 0, 0, 0, 0>
18;140;(7,1);;<1, 0, 0, 0, 1>
18;142;(1,3);outputNeighborhood;<1, 2, 3, 4, 4>
18;142;(1,3);;<1, 2, 3, 4, 4>
18;143;(6,13);;<1, 2, 3, 4, 4>
18;144;(0,3);;<1, 2, 3, 4, 4>
18;145;(0,1);;<1, 2, 3, 4, 4>
18;146;(3,7);;<1, 2, 3, 4, 4>
18;147;(3,3);outputNeighborhood;<1, 2, 3, 4, 4>
18;147;(3,3);;<1, 2, 3, 4, 4>
18;148;(0,11);;<0, 0, 0, 0, 0>
18;150;(18,9);outputNeighborhood;<1, 2, 3, 0, 3>
18;150;(18,9);;<1, 2, 3, 4, 4>
18;151;(19,17);;<1, 0, 0, 0, 1>
18;152;(2,2);outputNeighborhood;<1, 2, 3, 4, 4>
18;152;(2,2);;<1, 2, 3, 4, 4>
18;153;(3,8);;<1, 2, 3, 4, 4>
18;154;(15,16);;<0, 0, 0, 0, 0>
18;155;(6,1);;<0, 0, 0, 0, 0>
18;157;(12,17);;<1, 2, 3, 4, 4>
18;158;(8,1);;<0, 0, 0, 0, 0>
18;159;(7,2);;<0, 0, 0, 0, 0>
18;160;(11,16);;<1, 2, 3, 4, 4>
18;161;(4,3);;<0, 0, 0, 0, 0>
18;162;(5,1);;<0, 0, 0, 0, 0>
18;163;(15,18);;<0, 0, 0, 0, 0>
18;168;(14,16);outputNeighborhood;<1, 2, 3, 4, 4>
18;168;(14,16);;<1, 2, 3, 4, 4>
18;170;(9,0);;<0, 0, 0, 0, 0>
18;171;(14,3);;<0, 0, 0, 0, 0>
18;172;(17,6);outputNeighborhood;<1, 2, 3, 0, 3>
18;172;(17,6);;<1, 2, 3, 4, 4>
18;173;(17,4);;<1, 2, 3, 4, 4>
18;174;(1,17);;<1, 0, 0, 0, 1>
18;175;(2,4);;<1, 2, 3, 4, 4>
18;176;(13,4);;<0, 0, 0, 0, 0>
18;178;(16,2);outputNeighborhood;<1, 2, 0, 0, 2>
18;178;(16,2);;<1, 2, 3, 0, 3>
18;179;(18,8);outputNeighborhood;<1, 2, 3, 0, 3>
18;179;(18,8);;<1, 2, 3, 4, 4>
18;180;(15,4);outputNeighborhood;<1, 2, 3, 0, 3>
18;180;(15,4);;<1, 2, 3, 4, 4>
18;181;(1,19);;<1, 2, 3, 4, 4>
18;182;(15,15);;<0, 0, 0, 0, 0>
18;183;(4,1);;<0, 0, 0, 0, 0>
18;185;(4,2);;<0, 0, 0, 0, 0>
18;186;(2,1);outputNeighborhood;<1, 2, 3, 0, 3>
18;186;(2,1);;<1, 2, 3, 4, 4>
18;187;(1,0);;<1, 2, 3, 4, 4>
18;189;(17,0);;<1, 2, 3, 4, 4>
18;190;(16,5);outputNeighborhood;<1, 2, 3, 0, 3>
18;190;(16,5);;<1, 2, 3, 4, 4>
18;191;(18,7);outputNeighborhood;<1, 2, 3, 0, 3>
18;191;(18,7);;<1, 2, 3, 0, 3>
18;192;(15,0);;<0, 0, 0, 0, 0>
18;193;(16,16);;<0, 0, 0, 0, 0>
18;194;(2,11);;<0, 0, 0, 0, 0>
18;195;(10,13);;<1, 2, 3, 4, 4>
18;197;(1,11);;<0, 0, 0, 0, 0>
18;198;(7,11);;<1, 0, 0, 0, 1>
18;199;(3,1);outputNeighborhood;<1, 2, 0, 0, 2>
18;199;(3,1);;<1, 2, 3, 0, 3>
18;201;(5,2);;<0, 0, 0, 0, 0>
18;202;(17,11);;<0, 0, 0, 0, 0>
18;204;(7,0);outputNeighborhood;<1, 0, 0, 0, 1>
18;204;(7,0);;<1, 2, 0, 0, 2>
18;205;(19,7);;<1, 2, 3, 4, 4>
18;206;(2,16);;<0, 0, 0, 0, 0>
18;209;(8,19);;<1, 2, 3, 4, 4>
18;214;(13,14);outputNeighborhood;<1, 2, 3, 4, 4>
18;214;(13,14);;<1, 2, 3, 4, 4>
18;215;(5,12);outputNeighborhood;<1, 0, 0, 0, 1>
18;215;(5,12);;<1, 2, 0, 0, 2>
18;216;(5,0);;<1, 0, 0, 0, 1>
18;217;(1,9);outputNeighborhood;<1, 2, 3, 4, 4>
18;217;(1,9);;<1, 2, 3, 4, 4>
18;218;(13,19);outputNeighborhood;<1, 2, 0, 0, 2>
18;218;(13,19);;<1, 2, 3, 0, 3>
18;223;(18,0);;<1, 2, 3, 4, 4>
18;224;(3,11);;<0, 0, 0, 0, 0>
18;225;(8,0);;<1, 0, 0, 0, 1>
18;232;(18,15);;<0, 0, 0, 0, 0>
18;233;(12,11);;<0, 0, 0, 0, 0>
18;235;(14,12);;<1, 0, 0, 0, 1>
18;236;(4,0);;<0, 0, 0, 0, 0>
18;240;(13,0);;<0, 0, 0, 0, 0>
18;243;(15,6);outputNeighborhood;<1, 0, 0, 0, 1>
18;243;(15,6);;<1, 2, 0, 0, 2>
18;246;(11,11);;<0, 0, 0, 0, 0>
18;248;(16,0);outputNeighborhood;<1, 0, 0, 0, 1>
18;248;(16,0);;<1, 2, 0, 0, 2>
18;249;(14,0);;<1, 0, 0, 0, 1>
18;250;(12,1);;<0, 0, 0, 0, 0>
18;252;(17,1);;<1, 2, 3, 4, 4>
18;253;(16,1);outputNeighborhood;<1, 0, 0, 0, 1>
18;253;(16,1);;<1, 2, 0, 0, 2>
18;254;(15,1);;<1, 0, 0, 0, 1>
18;255;(18,1);;<1, 2, 3, 4, 4>
18;256;(2,7);;<1, 2, 3, 4, 4>
18;258;(11,0);;<0, 0, 0, 0, 0>
18;259;(0,0);;<1, 2, 3, 4, 4>
18;260;(1,2);;<1, 2, 3, 4, 4>
18;264;(3,0);outputNeighborhood;<1, 0, 0, 0, 1>
18;264;(3,0);;<1, 2, 0, 0, 2>
18;265;(3,5);;<1, 2, 3, 4, 4>
18;266;(0,2);;<1, 2, 3, 4, 4>
18;267;(3,2);outputNeighborhood;<1, 2, 3, 0, 3>
18;267;(3,2);;<1, 2, 3, 4, 4>
18;269;(12,15);;<1, 2, 3, 4, 4>
18;272;(14,5);;<0, 0, 0, 0, 0>
18;273;(2,0);outputNeighborhood;<1, 2, 0, 0, 2>
18;273;(2,0);;<1, 2, 3, 0, 3>
18;274;(19,5);;<1, 2, 3, 4, 4>
18;275;(14,1);;<0, 0, 0, 0, 0>
18;276;(13,18);outputNeighborhood;<1, 2, 3, 0, 3>
18;276;(13,18);;<1, 2, 3, 4, 4>
18;277;(7,14);;<1, 2, 3, 4, 4>
18;278;(16,7);outputNeighborhood;<1, 2, 0, 0, 2>
18;278;(16,7);;<1, 2, 3, 0, 3>
18;284;(14,4);;<0, 0, 0, 0, 0>
18;285;(14,2);;<0, 0, 0, 0, 0>
18;287;(0,18);;<1, 2, 3, 4, 4>
18;289;(0,12);;<0, 0, 0, 0, 0>
18;290;(19,10);outputNeighborhood;<1, 2, 3, 4, 4>
18;290;(19,10);;<1, 2, 3, 4, 4>
18;291;(7,19);;<1, 2, 3, 4, 4>
18;294;(10,11);;<0, 0, 0, 0, 0>
18;298;(17,18);outputNeighborhood;<1, 2, 0, 0, 2>
18;298;(17,18);;<1, 2, 3, 0, 3>
18;299;(19,0);;<1, 2, 3, 4, 4>
18;301;(14,6);;<0, 0, 0, 0, 0>
18;302;(8,12);outputNeighborhood;<1, 2, 3, 4, 4>
18;302;(8,12);;<1, 2, 3, 4, 4>
18;303;(16,6);outputNeighborhood;<1, 2, 0, 0, 2>
18;303;(16,6);;<1, 2, 3, 0, 3>
18;304;(18,6);outputNeighborhood;<1, 2, 3, 4, 4>
18;304;(18,6);;<1, 2, 3, 4, 4>
18;305;(17,2);;<1, 2, 3, 4, 4>
18;306;(0,7);;<1, 2, 3, 4, 4>
18;307;(15,8);;<0, 0, 0, 0, 0>
18;308;(1,7);;<1, 2, 3, 4, 4>
18;310;(8,14);;<1, 2, 3, 4, 4>
18;317;(13,16);outputNeighborhood;<1, 2, 3, 4, 4>
18;317;(13,16);;<1, 2, 3, 4, 4>
18;318;(15,7);;<1, 0, 0, 0, 1>
18;320;(17,7);outputNeighborhood;<1, 2, 0, 0, 2>
18;320;(17,7);;<1, 2, 3, 0, 3>
18;321;(1,8);;<1, 2, 3, 4, 4>
18;324;(0,8);;<1, 2, 3, 4, 4>
18;325;(3,19);;<1, 0, 0, 0, 1>
18;326;(4,8);;<0, 0, 0, 0, 0>
18;331;(0,6);;<1, 2, 3, 4, 4>
18;332;(19,6);;<1, 2, 3, 4, 4>
18;334;(16,18);;<0, 0, 0, 0, 0>
18;335;(6,9);;<0, 0, 0, 0, 0>
18;338;(17,15);;<0, 0, 0, 0, 0>
18;339;(17,8);outputNeighborhood;<1, 0, 0, 0, 1>
18;339;(17,8);;<1, 2, 0, 0, 2>
18;340;(11,10);;<0, 0, 0, 0, 0>
18;341;(16,3);outputNeighborhood;<1, 2, 3, 0, 3>
18;341;(16,3);;<1, 2, 3, 4, 4>
18;343;(19,8);;<1, 2, 3, 4, 4>
18;344;(6,12);outputNeighborhood;<1, 2, 0, 0, 2>
18;344;(6,12);;<1, 2, 3, 0, 3>
18;345;(15,2);outputNeighborhood;<1, 0, 0, 0, 1>
18;345;(15,2);;<1, 2, 0, 0, 2>
18;346;(4,11);;<0, 0, 0, 0, 0>
18;347;(0,9);outputNeighborhood;<1, 2, 3, 4, 4>
18;347;(0,9);;<1, 2, 3, 4, 4>
18;348;(8,11);;<0, 0, 0, 0, 0>
18;349;(2,9);outputNeighborhood;<1, 2, 3, 0, 3>
18;349;(2,9);;<1, 2, 3, 0, 3>
18;350;(3,9);outputNeighborhood;<1, 2, 0, 0, 2>
18;350;(3,9);;<1, 2, 3, 0, 3>
18;351;(4,9);;<0, 0, 0, 0, 0>
18;352;(5,9);;<0, 0, 0, 0, 0>
18;353;(4,10);;<0, 0, 0, 0, 0>
18;358;(17,9);;<1, 0, 0, 0, 1>
18;359;(19,9);;<1, 2, 3, 4, 4>
18;360;(1,10);outputNeighborhood;<1, 2, 3, 0, 3>
18;360;(1,10);;<1, 2, 3, 4, 4>
18;361;(13,17);outputNeighborhood;<1, 2, 3, 4, 4>
18;361;(13,17);;<1, 2, 3, 4, 4>
18;363;(2,10);outputNeighborhood;<1, 2, 0, 0, 2>
18;363;(2,10);;<1, 2, 3, 0, 3>
18;364;(3,10);outputNeighborhood;<1, 0, 0, 0, 1>
18;364;(3,10);;<1, 2, 0, 0, 2>
18;365;(5,10);;<0, 0, 0, 0, 0>
18;366;(6,10);;<1, 0, 0, 0, 1>
18;367;(19,11);;<0, 0, 0, 0, 0>
18;368;(15,14);;<0, 0, 0, 0, 0>
18;369;(7,10);;<0, 0, 0, 0, 0>
18;370;(8,10);;<0, 0, 0, 0, 0>
18;371;(9,11);;<0, 0, 0, 0, 0>
18;372;(10,10);;<0, 0, 0, 0, 0>
18;373;(12,10);;<0, 0, 0, 0, 0>
18;375;(13,10);;<0, 0, 0, 0, 0>
18;376;(7,12);outputNeighborhood;<1, 2, 3, 0, 3>
18;376;(7,12);;<1, 2, 3, 4, 4>
18;377;(18,18);outputNeighborhood;<1, 2, 3, 0, 3>
18;377;(18,18);;<1, 2, 3, 4, 4>
18;379;(16,10);;<0, 0, 0, 0, 0>
18;380;(0,4);;<1, 2, 3, 4, 4>
18;381;(2,12);;<0, 0, 0, 0, 0>
18;382;(12,19);outputNeighborhood;<1, 2, 3, 4, 4>
18;382;(12,19);;<1, 2, 3, 4, 4>
18;383;(18,10);outputNeighborhood;<1, 2, 3, 0, 3>
18;383;(18,10);;<1, 2, 3, 4, 4>
18;384;(9,12);outputNeighborhood;<1, 2, 3, 4, 4>
18;384;(9,12);;<1, 2, 3, 4, 4>
18;385;(5,11);;<1, 2, 0, 0, 2>
18;389;(6,11);outputNeighborhood;<1, 0, 0, 0, 1>
18;389;(6,11);;<1, 2, 0, 0, 2>
18;390;(1,5);;<1, 2, 3, 4, 4>
18;392;(14,11);;<0, 0, 0, 0, 0>
18;393;(18,11);;<0, 0, 0, 0, 0>
18;394;(13,1);;<0, 0, 0, 0, 0>
18;395;(16,8);;<1, 0, 0, 0, 1>
18;396;(10,12);outputNeighborhood;<1, 2, 3, 4, 4>
18;396;(10,12);;<1, 2, 3, 4, 4>
18;397;(13,11);;<0, 0, 0, 0, 0>
18;398;(11,12);outputNeighborhood;<1, 2, 3, 0, 3>
18;398;(11,12);;<1, 2, 3, 0, 3>
18;399;(12,12);outputNeighborhood;<1, 2, 0, 0, 2>
18;399;(12,12);;<1, 2, 3, 0, 3>
18;400;(15,12);;<0, 0, 0, 0, 0>
19;1;(19,19);;<1, 2, 3, 4, 4>
19;2;(18,19);outputNeighborhood;<1, 2, 3, 4, 4>
19;2;(18,19);;<1, 2, 3, 4, 4>
19;3;(17,19);outputNeighborhood;<1, 2, 3, 4, 4>
19;3;(17,19);;<1, 2, 3, 4, 4>
19;4;(15,19);;<1, 0, 0, 0, 1>
19;5;(14,19);outputNeighborhood;<1, 2, 0, 0, 2>
19;5;(14,19);;<1, 2, 3, 0, 3>
19;6;(6,19);;<1, 2, 3, 4, 4>
19;7;(5,19);;<1, 0, 0, 0, 1>
19;8;(2,19);outputNeighborhood;<1, 2, 0, 0, 2>
19;8;(2,19);;<1, 2, 3, 0, 3>
19;9;(0,19);;<1, 2, 3, 4, 4>
19;10;(19,18);;<1, 2, 3, 4, 4>
19;11;(14,18);outputNeighborhood;<1, 2, 3, 0, 3>
19;11;(14,18);;<1, 2, 3, 4, 4>
19;12;(12,18);;<1, 2, 3, 4, 4>
19;13;(11,18);;<1, 2, 3, 4, 4>
19;14;(8,18);;<1, 2, 3, 4, 4>
19;15;(6,18);;<1, 2, 3, 4, 4>
19;16;(4,18);;<0, 0, 0, 0, 0>
19;17;(3,18);;<1, 2, 0, 0, 2>
19;18;(2,18);outputNeighborhood;<1, 2, 3, 0, 3>
19;18;(2,18);;<1, 2, 3, 4, 4>
19;19;(18,17);outputNeighborhood;<1, 0, 0, 0, 1>
19;19;(18,17);;<1, 2, 0, 0, 2>
19;20;(17,17);;<1, 0, 0, 0, 1>
19;21;(15,17);;<0, 0, 0, 0, 0>
19;22;(14,17);outputNeighborhood;<1, 2, 3, 4, 4>
19;22;(14,17);;<1, 2, 3, 4, 4>
19;26;(5,17);;<0, 0, 0, 0, 0>
19;27;(3,17);;<0, 0, 0, 0, 0>
19;28;(2,17);;<1, 0, 0, 0, 1>
19;29;(0,17);outputNeighborhood;<1, 2, 0, 0, 2>
19;29;(0,17);;<1, 2, 3, 0, 3>
19;30;(19,16);outputNeighborhood;<1, 0, 0, 0, 1>
19;30;(19,16);;<1, 2, 0, 0, 2>
19;31;(18,16);;<1, 2, 0, 0, 2>
19;32;(17,16);;<0, 0, 0, 0, 0>
19;34;(7,18);;<1, 2, 3, 4, 4>
19;37;(5,16);;<1, 0, 0, 0, 1>
19;38;(4,16);;<0, 0, 0, 0, 0>
19;39;(1,16);;<1, 0, 0, 0, 1>
19;40;(0,16);;<1, 2, 0, 0, 2>
19;41;(19,15);;<0, 0, 0, 0, 0>
19;43;(14,15);;<1, 2, 3, 4, 4>
19;46;(6,15);;<1, 2, 3, 4, 4>
19;47;(5,15);outputNeighborhood;<1, 0, 0, 0, 1>
19;47;(5,15);;<1, 2, 0, 0, 2>
19;48;(4,15);;<1, 0, 0, 0, 1>
19;50;(1,15);;<0, 0, 0, 0, 0>
19;51;(7,15);;<1, 2, 3, 4, 4>
19;52;(14,14);;<1, 2, 3, 4, 4>
19;53;(12,14);;<1, 2, 3, 4, 4>
19;57;(6,14);;<1, 2, 3, 4, 4>
19;58;(5,14);outputNeighborhood;<1, 2, 0, 0, 2>
19;58;(5,14);;<1, 2, 3, 0, 3>
19;59;(4,14);;<1, 0, 0, 0, 1>
19;60;(3,14);;<0, 0, 0, 0, 0>
19;65;(16,13);;<0, 0, 0, 0, 0>
19;66;(15,13);;<0, 0, 0, 0, 0>
19;67;(14,13);outputNeighborhood;<1, 2, 3, 4, 4>
19;67;(14,13);;<1, 2, 3, 4, 4>
19;68;(13,13);;<1, 2, 3, 4, 4>
19;69;(12,13);;<1, 2, 3, 4, 4>
19;70;(11,13);;<1, 2, 3, 4, 4>
19;72;(8,13);;<1, 2, 3, 4, 4>
19;73;(7,13);;<1, 2, 3, 4, 4>
19;74;(5,13);outputNeighborhood;<1, 0, 0, 0, 1>
19;74;(5,13);;<1, 2, 0, 0, 2>
19;75;(0,15);;<0, 0, 0, 0, 0>
19;76;(4,13);;<1, 0, 0, 0, 1>
19;77;(3,13);;<0, 0, 0, 0, 0>
19;78;(2,13);;<0, 0, 0, 0, 0>
19;81;(18,12);;<0, 0, 0, 0, 0>
19;82;(17,12);;<0, 0, 0, 0, 0>
19;85;(12,0);outputNeighborhood;<1, 0, 0, 0, 1>
19;85;(12,0);;<1, 0, 0, 0, 1>
19;86;(18,5);;<1, 2, 3, 4, 4>
19;87;(17,5);;<1, 2, 3, 4, 4>
19;89;(15,5);outputNeighborhood;<1, 2, 3, 4, 4>
19;89;(15,5);;<1, 2, 3, 4, 4>
19;90;(13,12);outputNeighborhood;<1, 2, 0, 0, 2>
19;90;(13,12);;<1, 2, 3, 0, 3>
19;95;(4,12);;<1, 0, 0, 0, 1>
19;97;(1,12);;<0, 0, 0, 0, 0>
19;98;(18,3);;<1, 2, 3, 4, 4>
19;100;(2,8);;<1, 2, 3, 4, 4>
19;105;(1,18);;<1, 2, 3, 4, 4>
19;107;(16,4);;<1, 2, 3, 4, 4>
19;108;(8,2);;<0, 0, 0, 0, 0>
19;109;(16,19);outputNeighborhood;<1, 0, 0, 0, 1>
19;109;(16,19);;<1, 2, 0, 0, 2>
19;110;(13,2);;<0, 0, 0, 0, 0>
19;112;(6,0);outputNeighborhood;<1, 0, 0, 0, 1>
19;112;(6,0);;<1, 2, 0, 0, 2>
19;113;(18,2);;<1, 2, 3, 4, 4>
19;116;(11,19);;<1, 2, 3, 4, 4>
19;117;(14,7);;<0, 0, 0, 0, 0>
19;118;(3,4);;<1, 2, 3, 4, 4>
19;120;(3,12);outputNeighborhood;<1, 0, 0, 0, 1>
19;120;(3,12);;<1, 0, 0, 0, 1>
19;121;(16,17);;<0, 0, 0, 0, 0>
19;123;(13,6);;<0, 0, 0, 0, 0>
19;124;(1,1);;<1, 2, 3, 4, 4>
19;125;(4,19);;<0, 0, 0, 0, 0>
19;126;(13,3);;<0, 0, 0, 0, 0>
19;127;(17,10);outputNeighborhood;<1, 0, 0, 0, 1>
19;127;(17,10);;<1, 2, 0, 0, 2>
19;128;(15,3);outputNeighborhood;<1, 2, 3, 0, 3>
19;128;(15,3);;<1, 2, 3, 0, 3>
19;133;(16,9);;<1, 0, 0, 0, 1>
19;134;(17,3);;<1, 2, 3, 4, 4>
19;135;(0,10);;<1, 2, 3, 4, 4>
19;137;(2,3);;<1, 2, 3, 4, 4>
19;139;(13,5);;<0, 0, 0, 0, 0>
19;140;(7,1);;<1, 0, 0, 0, 1>
19;143;(6,13);;<1, 2, 3, 4, 4>
19;145;(0,1);;<1, 2, 3, 4, 4>
19;146;(3,7);;<1, 2, 3, 4, 4>
19;147;(3,3);;<1, 2, 3, 4, 4>
19;148;(0,11);;<0, 0, 0, 0, 0>
19;150;(18,9);outputNeighborhood;<1, 2, 3, 4, 4>
19;150;(18,9);;<1, 2, 3, 4, 4>
19;151;(19,17);outputNeighborhood;<1, 0, 0, 0, 1>
19;151;(19,17);;<1, 2, 0, 0, 2>
19;152;(2,2);;<1, 2, 3, 4, 4>
19;153;(3,8);;<1, 2, 3, 4, 4>
19;154;(15,16);;<0, 0, 0, 0, 0>
19;155;(6,1);;<1, 0, 0, 0, 1>
19;157;(12,17);;<1, 2, 3, 4, 4>
19;158;(8,1);;<1, 0, 0, 0, 1>
19;159;(7,2);;<0, 0, 0, 0, 0>
19;161;(4,3);;<0, 0, 0, 0, 0>
19;162;(5,1);;<0, 0, 0, 0, 0>
19;163;(15,18);;<0, 0, 0, 0, 0>
19;168;(14,16);;<1, 2, 3, 4, 4>
19;170;(9,0);;<1, 0, 0, 0, 1>
19;171;(14,3);;<0, 0, 0, 0, 0>
19;172;(17,6);outputNeighborhood;<1, 2, 3, 4, 4>
19;172;(17,6);;<1, 2, 3, 4, 4>
19;173;(17,4);;<1, 2, 3, 4, 4>
19;174;(1,17);outputNeighborhood;<1, 0, 0, 0, 1>
19;174;(1,17);;<1, 2, 0, 0, 2>
19;176;(13,4);;<0, 0, 0, 0, 0>
19;178;(16,2);outputNeighborhood;<1, 2, 3, 0, 3>
19;178;(16,2);;<1, 2, 3, 4, 4>
19;179;(18,8);outputNeighborhood;<1, 2, 3, 4, 4>
19;179;(18,8);;<1, 2, 3, 4, 4>
19;180;(15,4);outputNeighborhood;<1, 2, 3, 4, 4>
19;180;(15,4);;<1, 2, 3, 4, 4>
19;181;(1,19);;<1, 2, 3, 4, 4>
19;183;(4,1);;<0, 0, 0, 0, 0>
19;185;(4,2);;<0, 0, 0, 0, 0>
19;186;(2,1);outputNeighborhood;<1, 2, 3, 4, 4>
19;186;(2,1);;<1, 2, 3, 4, 4>
19;187;(1,0);;<1, 2, 3, 4, 4>
19;189;(17,0);;<1, 2, 3, 4, 4>
19;190;(16,5);outputNeighborhood;<1, 2, 3, 4, 4>
19;190;(16,5);;<1, 2, 3, 4, 4>
19;191;(18,7);;<1, 2, 3, 4, 4>
19;192;(15,0);;<1, 0, 0, 0, 1>
19;194;(2,11);;<0, 0, 0, 0, 0>
19;197;(1,11);;<0, 0, 0, 0, 0>
19;198;(7,11);outputNeighborhood;<1, 0, 0, 0, 1>
19;198;(7,11);;<1, 2, 0, 0, 2>
19;199;(3,1);outputNeighborhood;<1, 2, 3, 0, 3>
19;199;(3,1);;<1, 2, 3, 4, 4>
19;200;(3,15);;<0, 0, 0, 0, 0>
19;201;(5,2);;<0, 0, 0, 0, 0>
19;202;(17,11);;<0, 0, 0, 0, 0>
19;204;(7,0);outputNeighborhood;<1, 2, 0, 0, 2>
19;204;(7,0);;<1, 2, 3, 0, 3>
19;205;(19,7);;<1, 2, 3, 4, 4>
19;206;(2,16);;<0, 0, 0, 0, 0>
19;208;(9,19);;<1, 2, 3, 4, 4>
19;209;(8,19);;<1, 2, 3, 4, 4>
19;210;(14,8);;<0, 0, 0, 0, 0>
19;214;(13,14);;<1, 2, 3, 4, 4>
19;215;(5,12);outputNeighborhood;<1, 2, 0, 0, 2>
19;215;(5,12);;<1, 2, 3, 0, 3>
19;216;(5,0);outputNeighborhood;<1, 0, 0, 0, 1>
19;216;(5,0);;<1, 0, 0, 0, 1>
19;217;(1,9);;<1, 2, 3, 4, 4>
19;218;(13,19);outputNeighborhood;<1, 2, 3, 0, 3>
19;218;(13,19);;<1, 2, 3, 4, 4>
19;222;(10,0);;<0, 0, 0, 0, 0>
19;223;(18,0);;<1, 2, 3, 4, 4>
19;224;(3,11);;<1, 0, 0, 0, 1>
19;225;(8,0);outputNeighborhood;<1, 0, 0, 0, 1>
19;225;(8,0);;<1, 2, 0, 0, 2>
19;232;(18,15);;<0, 0, 0, 0, 0>
19;233;(12,11);;<0, 0, 0, 0, 0>
19;235;(14,12);outputNeighborhood;<1, 0, 0, 0, 1>
19;235;(14,12);;<1, 2, 0, 0, 2>
19;236;(4,0);;<1, 0, 0, 0, 1>
19;239;(12,2);;<0, 0, 0, 0, 0>
19;240;(13,0);;<1, 0, 0, 0, 1>
19;241;(11,1);;<0, 0, 0, 0, 0>
19;243;(15,6);outputNeighborhood;<1, 2, 0, 0, 2>
19;243;(15,6);;<1, 2, 3, 0, 3>
19;246;(11,11);;<0, 0, 0, 0, 0>
19;247;(15,11);;<0, 0, 0, 0, 0>
19;248;(16,0);outputNeighborhood;<1, 2, 0, 0, 2>
19;248;(16,0);;<1, 2, 3, 0, 3>
19;249;(14,0);outputNeighborhood;<1, 0, 0, 0, 1>
19;249;(14,0);;<1, 0, 0, 0, 1>
19;250;(12,1);;<1, 0, 0, 0, 1>
19;251;(6,16);;<1, 2, 3, 4, 4>
19;252;(17,1);;<1, 2, 3, 4, 4>
19;253;(16,1);outputNeighborhood;<1, 2, 0, 0, 2>
19;253;(16,1);;<1, 2, 3, 0, 3>
19;254;(15,1);outputNeighborhood;<1, 0, 0, 0, 1>
19;254;(15,1);;<1, 2, 0, 0, 2>
19;255;(18,1);;<1, 2, 3, 4, 4>
19;258;(11,0);;<1, 0, 0, 0, 1>
19;259;(0,0);;<1, 2, 3, 4, 4>
19;260;(1,2);;<1, 2, 3, 4, 4>
19;263;(14,10);;<0, 0, 0, 0, 0>
19;264;(3,0);outputNeighborhood;<1, 2, 0, 0, 2>
19;264;(3,0);;<1, 2, 3, 0, 3>
19;267;(3,2);outputNeighborhood;<1, 2, 3, 4, 4>
19;267;(3,2);;<1, 2, 3, 4, 4>
19;270;(6,2);;<0, 0, 0, 0, 0>
19;272;(14,5);;<0, 0, 0, 0, 0>
19;273;(2,0);outputNeighborhood;<1, 2, 3, 0, 3>
19;273;(2,0);;<1, 2, 3, 0, 3>
19;275;(14,1);;<1, 0, 0, 0, 1>
19;276;(13,18);outputNeighborhood;<1, 2, 3, 4, 4>
19;276;(13,18);;<1, 2, 3, 4, 4>
19;277;(7,14);;<1, 2, 3, 4, 4>
19;278;(16,7);outputNeighborhood;<1, 2, 3, 0, 3>
19;278;(16,7);;<1, 2, 3, 4, 4>
19;283;(19,14);;<0, 0, 0, 0, 0>
19;284;(14,4);;<0, 0, 0, 0, 0>
19;285;(14,2);;<0, 0, 0, 0, 0>
19;287;(0,18);;<1, 2, 3, 4, 4>
19;288;(9,1);;<0, 0, 0, 0, 0>
19;290;(19,10);;<1, 2, 3, 4, 4>
19;291;(7,19);;<1, 2, 3, 4, 4>
19;298;(17,18);outputNeighborhood;<1, 2, 3, 0, 3>
19;298;(17,18);;<1, 2, 3, 4, 4>
19;299;(19,0);;<1, 2, 3, 4, 4>
19;301;(14,6);;<0, 0, 0, 0, 0>
19;302;(8,12);;<1, 2, 3, 4, 4>
19;303;(16,6);outputNeighborhood;<1, 2, 3, 0, 3>
19;303;(16,6);;<1, 2, 3, 4, 4>
19;304;(18,6);;<1, 2, 3, 4, 4>
19;305;(17,2);;<1, 2, 3, 4, 4>
19;307;(15,8);;<1, 0, 0, 0, 1>
19;316;(13,7);;<0, 0, 0, 0, 0>
19;317;(13,16);;<1, 2, 3, 4, 4>
19;318;(15,7);outputNeighborhood;<1, 0, 0, 0, 1>
19;318;(15,7);;<1, 2, 0, 0, 2>
19;320;(17,7);outputNeighborhood;<1, 2, 3, 0, 3>
19;320;(17,7);;<1, 2, 3, 4, 4>
19;321;(1,8);;<1, 2, 3, 4, 4>
19;324;(0,8);;<1, 2, 3, 4, 4>
19;325;(3,19);outputNeighborhood;<1, 0, 0, 0, 1>
19;325;(3,19);;<1, 2, 0, 0, 2>
19;326;(4,8);;<0, 0, 0, 0, 0>
19;330;(6,8);;<0, 0, 0, 0, 0>
19;332;(19,6);;<1, 2, 3, 4, 4>
19;334;(16,18);;<1, 0, 0, 0, 1>
19;335;(6,9);;<0, 0, 0, 0, 0>
19;339;(17,8);outputNeighborhood;<1, 2, 0, 0, 2>
19;339;(17,8);;<1, 2, 3, 0, 3>
19;341;(16,3);outputNeighborhood;<1, 2, 3, 4, 4>
19;341;(16,3);;<1, 2, 3, 4, 4>
19;343;(19,8);;<1, 2, 3, 4, 4>
19;344;(6,12);outputNeighborhood;<1, 2, 3, 0, 3>
19;344;(6,12);;<1, 2, 3, 4, 4>
19;345;(15,2);outputNeighborhood;<1, 2, 0, 0, 2>
19;345;(15,2);;<1, 2, 3, 0, 3>
19;346;(4,11);;<0, 0, 0, 0, 0>
19;347;(0,9);;<1, 2, 3, 4, 4>
19;348;(8,11);;<1, 0, 0, 0, 1>
19;349;(2,9);;<1, 2, 3, 0, 3>
19;350;(3,9);outputNeighborhood;<1, 2, 3, 0, 3>
19;350;(3,9);;<1, 2, 3, 4, 4>
19;351;(4,9);;<0, 0, 0, 0, 0>
19;352;(5,9);;<0, 0, 0, 0, 0>
19;353;(4,10);;<0, 0, 0, 0, 0>
19;355;(7,9);;<0, 0, 0, 0, 0>
19;356;(5,18);;<0, 0, 0, 0, 0>
19;357;(15,9);;<0, 0, 0, 0, 0>
19;358;(17,9);outputNeighborhood;<1, 0, 0, 0, 1>
19;358;(17,9);;<1, 2, 0, 0, 2>
19;359;(19,9);;<1, 2, 3, 4, 4>
19;360;(1,10);outputNeighborhood;<1, 2, 3, 4, 4>
19;360;(1,10);;<1, 2, 3, 4, 4>
19;361;(13,17);;<1, 2, 3, 4, 4>
19;363;(2,10);outputNeighborhood;<1, 2, 3, 0, 3>
19;363;(2,10);;<1, 2, 3, 4, 4>
19;364;(3,10);outputNeighborhood;<1, 2, 0, 0, 2>
19;364;(3,10);;<1, 2, 3, 0, 3>
19;365;(5,10);;<1, 0, 0, 0, 1>
19;366;(6,10);outputNeighborhood;<1, 0, 0, 0, 1>
19;366;(6,10);;<1, 0, 0, 0, 1>
19;367;(19,11);;<0, 0, 0, 0, 0>
19;368;(15,14);;<0, 0, 0, 0, 0>
19;369;(7,10);;<1, 0, 0, 0, 1>
19;370;(8,10);;<0, 0, 0, 0, 0>
19;371;(9,11);;<0, 0, 0, 0, 0>
19;373;(12,10);;<0, 0, 0, 0, 0>
19;374;(16,12);;<0, 0, 0, 0, 0>
19;375;(13,10);;<0, 0, 0, 0, 0>
19;376;(7,12);outputNeighborhood;<1, 2, 3, 4, 4>
19;376;(7,12);;<1, 2, 3, 4, 4>
19;377;(18,18);outputNeighborhood;<1, 2, 3, 4, 4>
19;377;(18,18);;<1, 2, 3, 4, 4>
19;378;(15,10);;<0, 0, 0, 0, 0>
19;379;(16,10);;<0, 0, 0, 0, 0>
19;381;(2,12);;<0, 0, 0, 0, 0>
19;382;(12,19);;<1, 2, 3, 4, 4>
19;383;(18,10);outputNeighborhood;<1, 2, 3, 4, 4>
19;383;(18,10);;<1, 2, 3, 4, 4>
19;384;(9,12);;<1, 2, 3, 4, 4>
19;385;(5,11);outputNeighborhood;<1, 2, 0, 0, 2>
19;385;(5,11);;<1, 2, 3, 0, 3>
19;386;(16,11);;<0, 0, 0, 0, 0>
19;389;(6,11);outputNeighborhood;<1, 2, 0, 0, 2>
19;389;(6,11);;<1, 2, 3, 0, 3>
19;392;(14,11);;<0, 0, 0, 0, 0>
19;393;(18,11);;<0, 0, 0, 0, 0>
19;394;(13,1);;<0, 0, 0, 0, 0>
19;395;(16,8);outputNeighborhood;<1, 0, 0, 0, 1>
19;395;(16,8);;<1, 2, 0, 0, 2>
19;396;(10,12);;<1, 2, 3, 4, 4>
19;397;(13,11);;<0, 0, 0, 0, 0>
19;398;(11,12);;<1, 2, 3, 4, 4>
19;399;(12,12);outputNeighborhood;<1, 2, 3, 0, 3>
19;399;(12,12);;<1, 2, 3, 4, 4>
19;400;(15,12);;<0, 0, 0, 0, 0>
20;1;(19,19);;<1, 2, 3, 4, 4>
20;2;(18,19);;<1, 2, 3, 4, 4>
20;3;(17,19);;<1, 2, 3, 4, 4>
20;4;(15,19);outputNeighborhood;<1, 0, 0, 0, 1>
20;4;(15,19);;<1, 2, 0, 0, 2>
20;5;(14,19);outputNeighborhood;<1, 2, 3, 0, 3>
20;5;(14,19);;<1, 2, 3, 4, 4>
20;6;(6,19);;<1, 2, 3, 4, 4>
20;7;(5,19);outputNeighborhood;<1, 0, 0, 0, 1>
20;7;(5,19);;<1, 2, 0, 0, 2>
20;8;(2,19);outputNeighborhood;<1, 2, 3, 0, 3>
20;8;(2,19);;<1, 2, 3, 4, 4>
20;9;(0,19);;<1, 2, 3, 4, 4>
20;10;(19,18);;<1, 2, 3, 4, 4>
20;11;(14,18);outputNeighborhood;<1, 2, 3, 4, 4>
20;11;(14,18);;<1, 2, 3, 4, 4>
20;12;(12,18);;<1, 2, 3, 4, 4>
20;13;(11,18);;<1, 2, 3, 4, 4>
20;14;(8,18);;<1, 2, 3, 4, 4>
20;15;(6,18);;<1, 2, 3, 4, 4>
20;16;(4,18);;<0, 0, 0, 0, 0>
20;17;(3,18);outputNeighborhood;<1, 2, 0, 0, 2>
20;17;(3,18);;<1, 2, 3, 0, 3>
20;18;(2,18);outputNeighborhood;<1, 2, 3, 4, 4>
20;18;(2,18);;<1, 2, 3, 4, 4>
20;19;(18,17);outputNeighborhood;<1, 2, 0, 0, 2>
20;19;(18,17);;<1, 2, 3, 0, 3>
20;20;(17,17);outputNeighborhood;<1, 0, 0, 0, 1>
20;20;(17,17);;<1, 2, 0, 0, 2>
20;21;(15,17);;<0, 0, 0, 0, 0>
20;22;(14,17);;<1, 2, 3, 4, 4>
20;26;(5,17);;<1, 0, 0, 0, 1>
20;27;(3,17);;<1, 0, 0, 0, 1>
20;28;(2,17);outputNeighborhood;<1, 0, 0, 0, 1>
20;28;(2,17);;<1, 2, 0, 0, 2>
20;29;(0,17);outputNeighborhood;<1, 2, 3, 0, 3>
20;29;(0,17);;<1, 2, 3, 0, 3>
20;30;(19,16);outputNeighborhood;<1, 2, 0, 0, 2>
20;30;(19,16);;<1, 2, 3, 0, 3>
20;31;(18,16);outputNeighborhood;<1, 2, 0, 0, 2>
20;31;(18,16);;<1, 2, 3, 0, 3>
20;32;(17,16);;<1, 0, 0, 0, 1>
20;34;(7,18);;<1, 2, 3, 4, 4>
20;36;(7,16);;<1, 2, 3, 4, 4>
20;37;(5,16);outputNeighborhood;<1, 0, 0, 0, 1>
20;37;(5,16);;<1, 2, 0, 0, 2>
20;38;(4,16);;<1, 0, 0, 0, 1>
20;39;(1,16);outputNeighborhood;<1, 0, 0, 0, 1>
20;39;(1,16);;<1, 2, 0, 0, 2>
20;40;(0,16);outputNeighborhood;<1, 2, 0, 0, 2>
20;40;(0,16);;<1, 2, 3, 0, 3>
20;41;(19,15);;<0, 0, 0, 0, 0>
20;43;(14,15);;<1, 2, 3, 4, 4>
20;44;(13,15);;<1, 2, 3, 4, 4>
20;46;(6,15);;<1, 2, 3, 4, 4>
20;47;(5,15);outputNeighborhood;<1, 2, 0, 0, 2>
20;47;(5,15);;<1, 2, 3, 0, 3>
20;48;(4,15);outputNeighborhood;<1, 0, 0, 0, 1>
20;48;(4,15);;<1, 2, 0, 0, 2>
20;49;(2,15);;<0, 0, 0, 0, 0>
20;50;(1,15);;<0, 0, 0, 0, 0>
20;51;(7,15);;<1, 2, 3, 4, 4>
20;52;(14,14);outputNeighborhood;<1, 2, 3, 4, 4>
20;52;(14,14);;<1, 2, 3, 4, 4>
20;53;(12,14);;<1, 2, 3, 4, 4>
20;54;(11,14);;<1, 2, 3, 4, 4>
20;57;(6,14);;<1, 2, 3, 4, 4>
20;58;(5,14);outputNeighborhood;<1, 2, 3, 0, 3>
20;58;(5,14);;<1, 2, 3, 4, 4>
20;59;(4,14);;<1, 2, 0, 0, 2>
20;60;(3,14);;<0, 0, 0, 0, 0>
20;66;(15,13);;<0, 0, 0, 0, 0>
20;67;(14,13);;<1, 2, 3, 4, 4>
20;68;(13,13);;<1, 2, 3, 4, 4>
20;69;(12,13);;<1, 2, 3, 4, 4>
20;70;(11,13);;<1, 2, 3, 4, 4>
20;72;(8,13);;<1, 2, 3, 4, 4>
20;73;(7,13);;<1, 2, 3, 4, 4>
20;74;(5,13);outputNeighborhood;<1, 2, 0, 0, 2>
20;74;(5,13);;<1, 2, 3, 0, 3>
20;75;(0,15);;<0, 0, 0, 0, 0>
20;76;(4,13);outputNeighborhood;<1, 0, 0, 0, 1>
20;76;(4,13);;<1, 2, 0, 0, 2>
20;77;(3,13);;<1, 0, 0, 0, 1>
20;78;(2,13);;<0, 0, 0, 0, 0>
20;82;(17,12);;<0, 0, 0, 0, 0>
20;83;(10,19);;<1, 2, 3, 4, 4>
20;85;(12,0);;<1, 2, 0, 0, 2>
20;86;(18,5);;<1, 2, 3, 4, 4>
20;87;(17,5);;<1, 2, 3, 4, 4>
20;89;(15,5);;<1, 2, 3, 4, 4>
20;90;(13,12);outputNeighborhood;<1, 2, 3, 0, 3>
20;90;(13,12);;<1, 2, 3, 0, 3>
20;95;(4,12);outputNeighborhood;<1, 0, 0, 0, 1>
20;95;(4,12);;<1, 2, 0, 0, 2>
20;96;(18,14);;<0, 0, 0, 0, 0>
20;99;(9,10);;<0, 0, 0, 0, 0>
20;100;(2,8);;<1, 2, 3, 4, 4>
20;104;(9,18);;<1, 2, 3, 4, 4>
20;105;(1,18);;<1, 2, 3, 4, 4>
20;107;(16,4);;<1, 2, 3, 4, 4>
20;108;(8,2);;<0, 0, 0, 0, 0>
20;109;(16,19);outputNeighborhood;<1, 2, 0, 0, 2>
20;109;(16,19);;<1, 2, 3, 0, 3>
20;110;(13,2);;<0, 0, 0, 0, 0>
20;112;(6,0);outputNeighborhood;<1, 2, 0, 0, 2>
20;112;(6,0);;<1, 2, 3, 0, 3>
20;113;(18,2);;<1, 2, 3, 4, 4>
20;116;(11,19);;<1, 2, 3, 4, 4>
20;117;(14,7);;<0, 0, 0, 0, 0>
20;120;(3,12);;<1, 2, 0, 0, 2>
20;121;(16,17);;<1, 0, 0, 0, 1>
20;123;(13,6);;<0, 0, 0, 0, 0>
20;124;(1,1);;<1, 2, 3, 4, 4>
20;125;(4,19);;<1, 0, 0, 0, 1>
20;127;(17,10);outputNeighborhood;<1, 2, 0, 0, 2>
20;127;(17,10);;<1, 2, 3, 0, 3>
20;128;(15,3);;<1, 2, 3, 4, 4>
20;130;(6,3);;<0, 0, 0, 0, 0>
20;133;(16,9);outputNeighborhood;<1, 0, 0, 0, 1>
20;133;(16,9);;<1, 2, 0, 0, 2>
20;134;(17,3);;<1, 2, 3, 4, 4>
20;135;(0,10);;<1, 2, 3, 4, 4>
20;136;(16,14);;<0, 0, 0, 0, 0>
20;140;(7,1);;<1, 2, 0, 0, 2>
20;143;(6,13);;<1, 2, 3, 4, 4>
20;146;(3,7);;<1, 2, 3, 4, 4>
20;147;(3,3);;<1, 2, 3, 4, 4>
20;150;(18,9);;<1, 2, 3, 4, 4>
20;151;(19,17);outputNeighborhood;<1, 2, 0, 0, 2>
20;151;(19,17);;<1, 2, 3, 0, 3>
20;152;(2,2);;<1, 2, 3, 4, 4>
20;153;(3,8);;<1, 2, 3, 4, 4>
20;155;(6,1);outputNeighborhood;<1, 0, 0, 0, 1>
20;155;(6,1);;<1, 2, 0, 0, 2>
20;158;(8,1);outputNeighborhood;<1, 0, 0, 0, 1>
20;158;(8,1);;<1, 2, 0, 0, 2>
20;159;(7,2);;<0, 0, 0, 0, 0>
20;162;(5,1);;<1, 0, 0, 0, 1>
20;163;(15,18);;<1, 0, 0, 0, 1>
20;168;(14,16);;<1, 2, 3, 4, 4>
20;170;(9,0);outputNeighborhood;<1, 0, 0, 0, 1>
20;170;(9,0);;<1, 2, 0, 0, 2>
20;171;(14,3);;<0, 0, 0, 0, 0>
20;172;(17,6);;<1, 2, 3, 4, 4>
20;174;(1,17);outputNeighborhood;<1, 2, 0, 0, 2>
20;174;(1,17);;<1, 2, 3, 0, 3>
20;178;(16,2);outputNeighborhood;<1, 2, 3, 4, 4>
20;178;(16,2);;<1, 2, 3, 4, 4>
20;179;(18,8);;<1, 2, 3, 4, 4>
20;180;(15,4);;<1, 2, 3, 4, 4>
20;181;(1,19);;<1, 2, 3, 4, 4>
20;182;(15,15);;<0, 0, 0, 0, 0>
20;183;(4,1);;<1, 0, 0, 0, 1>
20;185;(4,2);;<0, 0, 0, 0, 0>
20;186;(2,1);;<1, 2, 3, 4, 4>
20;187;(1,0);;<1, 2, 3, 4, 4>
20;189;(17,0);;<1, 2, 3, 4, 4>
20;190;(16,5);;<1, 2, 3, 4, 4>
20;191;(18,7);outputNeighborhood;<1, 2, 3, 4, 4>
20;191;(18,7);;<1, 2, 3, 4, 4>
20;192;(15,0);outputNeighborhood;<1, 0, 0, 0, 1>
20;192;(15,0);;<1, 2, 0, 0, 2>
20;193;(16,16);;<0, 0, 0, 0, 0>
20;194;(2,11);;<1, 0, 0, 0, 1>
20;195;(10,13);;<1, 2, 3, 4, 4>
20;197;(1,11);;<0, 0, 0, 0, 0>
20;198;(7,11);outputNeighborhood;<1, 2, 0, 0, 2>
20;198;(7,11);;<1, 2, 3, 0, 3>
20;199;(3,1);outputNeighborhood;<1, 2, 3, 4, 4>
20;199;(3,1);;<1, 2, 3, 4, 4>
20;200;(3,15);;<0, 0, 0, 0, 0>
20;201;(5,2);;<0, 0, 0, 0, 0>
20;202;(17,11);;<0, 0, 0, 0, 0>
20;203;(7,8);;<0, 0, 0, 0, 0>
20;204;(7,0);outputNeighborhood;<1, 2, 3, 0, 3>
20;204;(7,0);;<1, 2, 3, 4, 4>
20;205;(19,7);;<1, 2, 3, 4, 4>
20;206;(2,16);;<1, 0, 0, 0, 1>
20;207;(12,3);;<0, 0, 0, 0, 0>
20;208;(9,19);;<1, 2, 3, 4, 4>
20;209;(8,19);;<1, 2, 3, 4, 4>
20;210;(14,8);;<0, 0, 0, 0, 0>
20;214;(13,14);;<1, 2, 3, 4, 4>
20;215;(5,12);outputNeighborhood;<1, 2, 3, 0, 3>
20;215;(5,12);;<1, 2, 3, 4, 4>
20;216;(5,0);;<1, 2, 0, 0, 2>
20;217;(1,9);;<1, 2, 3, 4, 4>
20;218;(13,19);outputNeighborhood;<1, 2, 3, 4, 4>
20;218;(13,19);;<1, 2, 3, 4, 4>
20;219;(3,16);;<0, 0, 0, 0, 0>
20;222;(10,0);;<1, 0, 0, 0, 1>
20;223;(18,0);;<1, 2, 3, 4, 4>
20;224;(3,11);outputNeighborhood;<1, 0, 0, 0, 1>
20;224;(3,11);;<1, 2, 0, 0, 2>
20;225;(8,0);outputNeighborhood;<1, 2, 0, 0, 2>
20;225;(8,0);;<1, 2, 3, 0, 3>
20;226;(14,9);;<0, 0, 0, 0, 0>
20;232;(18,15);;<0, 0, 0, 0, 0>
20;233;(12,11);;<0, 0, 0, 0, 0>
20;235;(14,12);outputNeighborhood;<1, 2, 0, 0, 2>
20;235;(14,12);;<1, 2, 3, 0, 3>
20;236;(4,0);outputNeighborhood;<1, 0, 0, 0, 1>
20;236;(4,0);;<1, 2, 0, 0, 2>
20;239;(12,2);;<0, 0, 0, 0, 0>
20;240;(13,0);outputNeighborhood;<1, 0, 0, 0, 1>
20;240;(13,0);;<1, 2, 0, 0, 2>
20;241;(11,1);;<1, 0, 0, 0, 1>
20;242;(10,1);;<0, 0, 0, 0, 0>
20;243;(15,6);outputNeighborhood;<1, 2, 3, 0, 3>
20;243;(15,6);;<1, 2, 3, 4, 4>
20;246;(11,11);;<0, 0, 0, 0, 0>
20;247;(15,11);;<0, 0, 0, 0, 0>
20;248;(16,0);outputNeighborhood;<1, 2, 3, 0, 3>
20;248;(16,0);;<1, 2, 3, 4, 4>
20;249;(14,0);;<1, 2, 0, 0, 2>
20;250;(12,1);outputNeighborhood;<1, 0, 0, 0, 1>
20;250;(12,1);;<1, 0, 0, 0, 1>
20;251;(6,16);;<1, 2, 3, 4, 4>
20;252;(17,1);;<1, 2, 3, 4, 4>
20;253;(16,1);outputNeighborhood;<1, 2, 3, 0, 3>
20;253;(16,1);;<1, 2, 3, 4, 4>
20;254;(15,1);outputNeighborhood;<1, 2, 0, 0, 2>
20;254;(15,1);;<1, 2, 3, 0, 3>
20;255;(18,1);;<1, 2, 3, 4, 4>
20;257;(9,2);;<0, 0, 0, 0, 0>
20;258;(11,0);outputNeighborhood;<1, 0, 0, 0, 1>
20;258;(11,0);;<1, 2, 0, 0, 2>
20;261;(0,14);;<0, 0, 0, 0, 0>
20;263;(14,10);;<0, 0, 0, 0, 0>
20;264;(3,0);outputNeighborhood;<1, 2, 3, 0, 3>
20;264;(3,0);;<1, 2, 3, 4, 4>
20;267;(3,2);;<1, 2, 3, 4, 4>
20;268;(4,17);;<0, 0, 0, 0, 0>
20;270;(6,2);;<0, 0, 0, 0, 0>
20;272;(14,5);;<0, 0, 0, 0, 0>
20;273;(2,0);;<1, 2, 3, 4, 4>
20;275;(14,1);outputNeighborhood;<1, 0, 0, 0, 1>
20;275;(14,1);;<1, 2, 0, 0, 2>
20;276;(13,18);;<1, 2, 3, 4, 4>
20;277;(7,14);;<1, 2, 3, 4, 4>
20;278;(16,7);outputNeighborhood;<1, 2, 3, 4, 4>
20;278;(16,7);;<1, 2, 3, 4, 4>
20;281;(11,2);;<0, 0, 0, 0, 0>
20;282;(6,17);;<1, 2, 3, 4, 4>
20;283;(19,14);;<0, 0, 0, 0, 0>
20;285;(14,2);;<1, 0, 0, 0, 1>
20;286;(13,8);;<0, 0, 0, 0, 0>
20;287;(0,18);;<1, 2, 3, 4, 4>
20;288;(9,1);;<1, 0, 0, 0, 1>
20;290;(19,10);;<1, 2, 3, 4, 4>
20;291;(7,19);;<1, 2, 3, 4, 4>
20;293;(8,9);;<0, 0, 0, 0, 0>
20;294;(10,11);;<0, 0, 0, 0, 0>
20;298;(17,18);outputNeighborhood;<1, 2, 3, 4, 4>
20;298;(17,18);;<1, 2, 3, 4, 4>
20;301;(14,6);;<0, 0, 0, 0, 0>
20;302;(8,12);;<1, 2, 3, 4, 4>
20;303;(16,6);outputNeighborhood;<1, 2, 3, 4, 4>
20;303;(16,6);;<1, 2, 3, 4, 4>
20;304;(18,6);;<1, 2, 3, 4, 4>
20;305;(17,2);;<1, 2, 3, 4, 4>
20;306;(0,7);;<1, 2, 3, 4, 4>
20;307;(15,8);outputNeighborhood;<1, 0, 0, 0, 1>
20;307;(15,8);;<1, 2, 0, 0, 2>
20;316;(13,7);;<0, 0, 0, 0, 0>
20;318;(15,7);outputNeighborhood;<1, 2, 0, 0, 2>
20;318;(15,7);;<1, 2, 3, 0, 3>
20;320;(17,7);outputNeighborhood;<1, 2, 3, 4, 4>
20;320;(17,7);;<1, 2, 3, 4, 4>
20;325;(3,19);outputNeighborhood;<1, 2, 0, 0, 2>
20;325;(3,19);;<1, 2, 3, 0, 3>
20;326;(4,8);;<0, 0, 0, 0, 0>
20;327;(5,8);;<0, 0, 0, 0, 0>
20;329;(8,3);;<0, 0, 0, 0, 0>
20;332;(19,6);;<1, 2, 3, 4, 4>
20;334;(16,18);outputNeighborhood;<1, 0, 0, 0, 1>
20;334;(16,18);;<1, 2, 0, 0, 2>
20;335;(6,9);;<0, 0, 0, 0, 0>
20;338;(17,15);;<0, 0, 0, 0, 0>
20;339;(17,8);outputNeighborhood;<1, 2, 3, 0, 3>
20;339;(17,8);;<1, 2, 3, 0, 3>
20;340;(11,10);;<0, 0, 0, 0, 0>
20;341;(16,3);;<1, 2, 3, 4, 4>
20;343;(19,8);;<1, 2, 3, 4, 4>
20;344;(6,12);outputNeighborhood;<1, 2, 3, 4, 4>
20;344;(6,12);;<1, 2, 3, 4, 4>
20;345;(15,2);outputNeighborhood;<1, 2, 3, 0, 3>
20;345;(15,2);;<1, 2, 3, 4, 4>
20;346;(4,11);;<1, 0, 0, 0, 1>
20;348;(8,11);outputNeighborhood;<1, 0, 0, 0, 1>
20;348;(8,11);;<1, 2, 0, 0, 2>
20;349;(2,9);;<1, 2, 3, 4, 4>
20;350;(3,9);outputNeighborhood;<1, 2, 3, 4, 4>
20;350;(3,9);;<1, 2, 3, 4, 4>
20;351;(4,9);;<0, 0, 0, 0, 0>
20;352;(5,9);;<0, 0, 0, 0, 0>
20;353;(4,10);;<1, 0, 0, 0, 1>
20;355;(7,9);;<0, 0, 0, 0, 0>
20;356;(5,18);;<1, 0, 0, 0, 1>
20;357;(15,9);;<1, 0, 0, 0, 1>
20;358;(17,9);outputNeighborhood;<1, 2, 0, 0, 2>
20;358;(17,9);;<1, 2, 3, 0, 3>
20;359;(19,9);;<1, 2, 3, 4, 4>
20;360;(1,10);;<1, 2, 3, 4, 4>
20;361;(13,17);;<1, 2, 3, 4, 4>
20;362;(1,14);;<0, 0, 0, 0, 0>
20;363;(2,10);outputNeighborhood;<1, 2, 3, 4, 4>
20;363;(2,10);;<1, 2, 3, 4, 4>
20;364;(3,10);outputNeighborhood;<1, 2, 3, 0, 3>
20;364;(3,10);;<1, 2, 3, 4, 4>
20;365;(5,10);outputNeighborhood;<1, 0, 0, 0, 1>
20;365;(5,10);;<1, 2, 0, 0, 2>
20;366;(6,10);;<1, 2, 0, 0, 2>
20;368;(15,14);;<0, 0, 0, 0, 0>
20;369;(7,10);outputNeighborhood;<1, 0, 0, 0, 1>
20;369;(7,10);;<1, 2, 0, 0, 2>
20;370;(8,10);;<1, 0, 0, 0, 1>
20;371;(9,11);;<1, 0, 0, 0, 1>
20;373;(12,10);;<0, 0, 0, 0, 0>
20;374;(16,12);;<0, 0, 0, 0, 0>
20;375;(13,10);;<0, 0, 0, 0, 0>
20;376;(7,12);;<1, 2, 3, 4, 4>
20;377;(18,18);;<1, 2, 3, 4, 4>
20;378;(15,10);;<0, 0, 0, 0, 0>
20;379;(16,10);;<1, 0, 0, 0, 1>
20;381;(2,12);;<0, 0, 0, 0, 0>
20;382;(12,19);;<1, 2, 3, 4, 4>
20;383;(18,10);;<1, 2, 3, 4, 4>
20;384;(9,12);;<1, 2, 3, 4, 4>
20;385;(5,11);outputNeighborhood;<1, 2, 3, 0, 3>
20;385;(5,11);;<1, 2, 3, 4, 4>
20;386;(16,11);;<0, 0, 0, 0, 0>
20;389;(6,11);outputNeighborhood;<1, 2, 3, 0, 3>
20;389;(6,11);;<1, 2, 3, 4, 4>
20;392;(14,11);;<0, 0, 0, 0, 0>
20;393;(18,11);;<0, 0, 0, 0, 0>
20;394;(13,1);;<1, 0, 0, 0, 1>
20;395;(16,8);outputNeighborhood;<1, 2, 0, 0, 2>
20;395;(16,8);;<1, 2, 3, 0, 3>
20;396;(10,12);;<1, 2, 3, 4, 4>
20;397;(13,11);;<0, 0, 0, 0, 0>
20;398;(11,12);outputNeighborhood;<1, 2, 3, 4, 4>
20;398;(11,12);;<1, 2, 3, 4, 4>
20;399;(12,12);outputNeighborhood;<1, 2, 3, 4, 4>
20;399;(12,12);;<1, 2, 3, 4, 4>
20;400;(15,12);;<0, 0, 0, 0, 0>
21;1;(19,19);;<1, 2, 3, 4, 4>
21;2;(18,19);;<1, 2, 3, 4, 4>
21;3;(17,19);;<1, 2, 3, 4, 4>
21;4;(15,19);outputNeighborhood;<1, 2, 0, 0, 2>
21;4;(15,19);;<1, 2, 3, 0, 3>
21;5;(14,19);outputNeighborhood;<1, 2, 3, 4, 4>
21;5;(14,19);;<1, 2, 3, 4, 4>
21;6;(6,19);;<1, 2, 3, 4, 4>
21;7;(5,19);outputNeighborhood;<1, 2, 0, 0, 2>
21;7;(5,19);;<1, 2, 3, 0, 3>
21;8;(2,19);outputNeighborhood;<1, 2, 3, 4, 4>
21;8;(2,19);;<1, 2, 3, 4, 4>
21;9;(0,19);;<1, 2, 3, 4, 4>
21;10;(19,18);;<1, 2, 3, 4, 4>
21;11;(14,18);;<1, 2, 3, 4, 4>
21;12;(12,18);;<1, 2, 3, 4, 4>
21;13;(11,18);;<1, 2, 3, 4, 4>
21;14;(8,18);;<1, 2, 3, 4, 4>
21;15;(6,18);;<1, 2, 3, 4, 4>
21;16;(4,18);;<1, 0, 0, 0, 1>
21;17;(3,18);outputNeighborhood;<1, 2, 3, 0, 3>
21;17;(3,18);;<1, 2, 3, 4, 4>
21;18;(2,18);;<1, 2, 3, 4, 4>
21;19;(18,17);outputNeighborhood;<1, 2, 3, 0, 3>
21;19;(18,17);;<1, 2, 3, 4, 4>
21;20;(17,17);outputNeighborhood;<1, 2, 0, 0, 2>
21;20;(17,17);;<1, 2, 3, 0, 3>
21;21;(15,17);;<1, 0, 0, 0, 1>
21;22;(14,17);;<1, 2, 3, 4, 4>
21;25;(7,17);;<1, 2, 3, 4, 4>
21;26;(5,17);outputNeighborhood;<1, 0, 0, 0, 1>
21;26;(5,17);;<1, 2, 0, 0, 2>
21;27;(3,17);outputNeighborhood;<1, 0, 0, 0, 1>
21;27;(3,17);;<1, 2, 0, 0, 2>
21;28;(2,17);outputNeighborhood;<1, 2, 0, 0, 2>
21;28;(2,17);;<1, 2, 3, 0, 3>
21;29;(0,17);;<1, 2, 3, 4, 4>
21;30;(19,16);outputNeighborhood;<1, 2, 3, 0, 3>
21;30;(19,16);;<1, 2, 3, 4, 4>
21;31;(18,16);outputNeighborhood;<1, 2, 3, 0, 3>
21;31;(18,16);;<1, 2, 3, 4, 4>
21;32;(17,16);outputNeighborhood;<1, 0, 0, 0, 1>
21;32;(17,16);;<1, 2, 0, 0, 2>
21;34;(7,18);;<1, 2, 3, 4, 4>
21;36;(7,16);;<1, 2, 3, 4, 4>
21;37;(5,16);outputNeighborhood;<1, 2, 0, 0, 2>
21;37;(5,16);;<1, 2, 3, 0, 3>
21;38;(4,16);outputNeighborhood;<1, 0, 0, 0, 1>
21;38;(4,16);;<1, 2, 0, 0, 2>
21;39;(1,16);outputNeighborhood;<1, 2, 0, 0, 2>
21;39;(1,16);;<1, 2, 3, 0, 3>
21;40;(0,16);outputNeighborhood;<1, 2, 3, 0, 3>
21;40;(0,16);;<1, 2, 3, 4, 4>
21;41;(19,15);;<0, 0, 0, 0, 0>
21;42;(16,15);;<0, 0, 0, 0, 0>
21;46;(6,15);;<1, 2, 3, 4, 4>
21;47;(5,15);outputNeighborhood;<1, 2, 3, 0, 3>
21;47;(5,15);;<1, 2, 3, 4, 4>
21;48;(4,15);outputNeighborhood;<1, 2, 0, 0, 2>
21;48;(4,15);;<1, 2, 3, 0, 3>
21;49;(2,15);;<0, 0, 0, 0, 0>
21;50;(1,15);;<0, 0, 0, 0, 0>
21;51;(7,15);;<1, 2, 3, 4, 4>
21;52;(14,14);;<1, 2, 3, 4, 4>
21;57;(6,14);;<1, 2, 3, 4, 4>
21;58;(5,14);outputNeighborhood;<1, 2, 3, 4, 4>
21;58;(5,14);;<1, 2, 3, 4, 4>
21;59;(4,14);outputNeighborhood;<1, 2, 0, 0, 2>
21;59;(4,14);;<1, 2, 3, 0, 3>
21;60;(3,14);;<1, 0, 0, 0, 1>
21;62;(2,14);;<0, 0, 0, 0, 0>
21;66;(15,13);;<0, 0, 0, 0, 0>
21;67;(14,13);;<1, 2, 3, 4, 4>
21;68;(13,13);;<1, 2, 3, 4, 4>
21;71;(9,13);;<1, 2, 3, 4, 4>
21;72;(8,13);;<1, 2, 3, 4, 4>
21;73;(7,13);;<1, 2, 3, 4, 4>
21;74;(5,13);outputNeighborhood;<1, 2, 3, 0, 3>
21;74;(5,13);;<1, 2, 3, 4, 4>
21;75;(0,15);;<0, 0, 0, 0, 0>
21;76;(4,13);outputNeighborhood;<1, 2, 0, 0, 2>
21;76;(4,13);;<1, 2, 3, 0, 3>
21;77;(3,13);outputNeighborhood;<1, 0, 0, 0, 1>
21;77;(3,13);;<1, 2, 0, 0, 2>
21;78;(2,13);;<0, 0, 0, 0, 0>
21;79;(1,13);;<0, 0, 0, 0, 0>
21;82;(17,12);;<0, 0, 0, 0, 0>
21;83;(10,19);;<1, 2, 3, 4, 4>
21;85;(12,0);outputNeighborhood;<1, 2, 0, 0, 2>
21;85;(12,0);;<1, 2, 3, 0, 3>
21;89;(15,5);;<1, 2, 3, 4, 4>
21;90;(13,12);;<1, 2, 3, 4, 4>
21;95;(4,12);outputNeighborhood;<1, 2, 0, 0, 2>
21;95;(4,12);;<1, 2, 3, 0, 3>
21;96;(18,14);;<0, 0, 0, 0, 0>
21;97;(1,12);;<0, 0, 0, 0, 0>
21;99;(9,10);;<1, 0, 0, 0, 1>
21;100;(2,8);;<1, 2, 3, 4, 4>
21;104;(9,18);;<1, 2, 3, 4, 4>
21;105;(1,18);;<1, 2, 3, 4, 4>
21;107;(16,4);;<1, 2, 3, 4, 4>
21;108;(8,2);;<0, 0, 0, 0, 0>
21;109;(16,19);outputNeighborhood;<1, 2, 3, 0, 3>
21;109;(16,19);;<1, 2, 3, 0, 3>
21;110;(13,2);;<1, 0, 0, 0, 1>
21;112;(6,0);outputNeighborhood;<1, 2, 3, 0, 3>
21;112;(6,0);;<1, 2, 3, 4, 4>
21;116;(11,19);;<1, 2, 3, 4, 4>
21;117;(14,7);;<0, 0, 0, 0, 0>
21;120;(3,12);outputNeighborhood;<1, 2, 0, 0, 2>
21;120;(3,12);;<1, 2, 3, 0, 3>
21;121;(16,17);outputNeighborhood;<1, 0, 0, 0, 1>
21;121;(16,17);;<1, 2, 0, 0, 2>
21;123;(13,6);;<0, 0, 0, 0, 0>
21;124;(1,1);;<1, 2, 3, 4, 4>
21;125;(4,19);outputNeighborhood;<1, 0, 0, 0, 1>
21;125;(4,19);;<1, 2, 0, 0, 2>
21;126;(13,3);;<0, 0, 0, 0, 0>
21;127;(17,10);outputNeighborhood;<1, 2, 3, 0, 3>
21;127;(17,10);;<1, 2, 3, 4, 4>
21;128;(15,3);outputNeighborhood;<1, 2, 3, 4, 4>
21;128;(15,3);;<1, 2, 3, 4, 4>
21;129;(9,3);;<0, 0, 0, 0, 0>
21;130;(6,3);;<0, 0, 0, 0, 0>
21;131;(5,3);;<0, 0, 0, 0, 0>
21;133;(16,9);outputNeighborhood;<1, 2, 0, 0, 2>
21;133;(16,9);;<1, 2, 3, 0, 3>
21;134;(17,3);;<1, 2, 3, 4, 4>
21;140;(7,1);outputNeighborhood;<1, 2, 0, 0, 2>
21;140;(7,1);;<1, 2, 3, 0, 3>
21;141;(11,3);;<0, 0, 0, 0, 0>
21;143;(6,13);;<1, 2, 3, 4, 4>
21;148;(0,11);;<0, 0, 0, 0, 0>
21;150;(18,9);;<1, 2, 3, 4, 4>
21;151;(19,17);outputNeighborhood;<1, 2, 3, 0, 3>
21;151;(19,17);;<1, 2, 3, 4, 4>
21;152;(2,2);;<1, 2, 3, 4, 4>
21;153;(3,8);;<1, 2, 3, 4, 4>
21;154;(15,16);;<0, 0, 0, 0, 0>
21;155;(6,1);outputNeighborhood;<1, 2, 0, 0, 2>
21;155;(6,1);;<1, 2, 3, 0, 3>
21;156;(9,9);;<0, 0, 0, 0, 0>
21;158;(8,1);outputNeighborhood;<1, 2, 0, 0, 2>
21;158;(8,1);;<1, 2, 3, 0, 3>
21;159;(7,2);;<0, 0, 0, 0, 0>
21;161;(4,3);;<0, 0, 0, 0, 0>
21;162;(5,1);outputNeighborhood;<1, 0, 0, 0, 1>
21;162;(5,1);;<1, 2, 0, 0, 2>
21;163;(15,18);outputNeighborhood;<1, 0, 0, 0, 1>
21;163;(15,18);;<1, 2, 0, 0, 2>
21;170;(9,0);outputNeighborhood;<1, 2, 0, 0, 2>
21;170;(9,0);;<1, 2, 3, 0, 3>
21;171;(14,3);;<1, 0, 0, 0, 1>
21;172;(17,6);;<1, 2, 3, 4, 4>
21;174;(1,17);outputNeighborhood;<1, 2, 3, 0, 3>
21;174;(1,17);;<1, 2, 3, 4, 4>
21;178;(16,2);;<1, 2, 3, 4, 4>
21;179;(18,8);;<1, 2, 3, 4, 4>
21;180;(15,4);;<1, 2, 3, 4, 4>
21;181;(1,19);;<1, 2, 3, 4, 4>
21;183;(4,1);outputNeighborhood;<1, 0, 0, 0, 1>
21;183;(4,1);;<1, 2, 0, 0, 2>
21;184;(10,18);;<1, 2, 3, 4, 4>
21;185;(4,2);;<1, 0, 0, 0, 1>
21;186;(2,1);;<1, 2, 3, 4, 4>
21;187;(1,0);;<1, 2, 3, 4, 4>
21;189;(17,0);;<1, 2, 3, 4, 4>
21;190;(16,5);;<1, 2, 3, 4, 4>
21;192;(15,0);outputNeighborhood;<1, 2, 0, 0, 2>
21;192;(15,0);;<1, 2, 3, 0, 3>
21;193;(16,16);;<1, 0, 0, 0, 1>
21;194;(2,11);outputNeighborhood;<1, 0, 0, 0, 1>
21;194;(2,11);;<1, 2, 0, 0, 2>
21;197;(1,11);;<1, 0, 0, 0, 1>
21;198;(7,11);outputNeighborhood;<1, 2, 3, 0, 3>
21;198;(7,11);;<1, 2, 3, 0, 3>
21;199;(3,1);;<1, 2, 3, 4, 4>
21;200;(3,15);;<0, 0, 0, 0, 0>
21;201;(5,2);;<0, 0, 0, 0, 0>
21;202;(17,11);;<0, 0, 0, 0, 0>
21;203;(7,8);;<0, 0, 0, 0, 0>
21;204;(7,0);outputNeighborhood;<1, 2, 3, 4, 4>
21;204;(7,0);;<1, 2, 3, 4, 4>
21;206;(2,16);outputNeighborhood;<1, 0, 0, 0, 1>
21;206;(2,16);;<1, 2, 0, 0, 2>
21;208;(9,19);;<1, 2, 3, 4, 4>
21;209;(8,19);;<1, 2, 3, 4, 4>
21;210;(14,8);;<0, 0, 0, 0, 0>
21;212;(7,3);;<0, 0, 0, 0, 0>
21;215;(5,12);outputNeighborhood;<1, 2, 3, 4, 4>
21;215;(5,12);;<1, 2, 3, 4, 4>
21;216;(5,0);outputNeighborhood;<1, 2, 0, 0, 2>
21;216;(5,0);;<1, 2, 3, 0, 3>
21;217;(1,9);;<1, 2, 3, 4, 4>
21;218;(13,19);;<1, 2, 3, 4, 4>
21;219;(3,16);;<1, 0, 0, 0, 1>
21;222;(10,0);outputNeighborhood;<1, 0, 0, 0, 1>
21;222;(10,0);;<1, 2, 0, 0, 2>
21;223;(18,0);;<1, 2, 3, 4, 4>
21;224;(3,11);outputNeighborhood;<1, 2, 0, 0, 2>
21;224;(3,11);;<1, 2, 3, 0, 3>
21;225;(8,0);outputNeighborhood;<1, 2, 3, 0, 3>
21;225;(8,0);;<1, 2, 3, 4, 4>
21;226;(14,9);;<0, 0, 0, 0, 0>
21;232;(18,15);;<0, 0, 0, 0, 0>
21;235;(14,12);outputNeighborhood;<1, 2, 3, 0, 3>
21;235;(14,12);;<1, 2, 3, 4, 4>
21;236;(4,0);outputNeighborhood;<1, 2, 0, 0, 2>
21;236;(4,0);;<1, 2, 3, 0, 3>
21;239;(12,2);;<0, 0, 0, 0, 0>
21;240;(13,0);outputNeighborhood;<1, 2, 0, 0, 2>
21;240;(13,0);;<1, 2, 3, 0, 3>
21;241;(11,1);outputNeighborhood;<1, 0, 0, 0, 1>
21;241;(11,1);;<1, 2, 0, 0, 2>
21;242;(10,1);;<1, 0, 0, 0, 1>
21;243;(15,6);outputNeighborhood;<1, 2, 3, 4, 4>
21;243;(15,6);;<1, 2, 3, 4, 4>
21;246;(11,11);;<0, 0, 0, 0, 0>
21;247;(15,11);;<0, 0, 0, 0, 0>
21;248;(16,0);outputNeighborhood;<1, 2, 3, 4, 4>
21;248;(16,0);;<1, 2, 3, 4, 4>
21;249;(14,0);outputNeighborhood;<1, 2, 0, 0, 2>
21;249;(14,0);;<1, 2, 3, 0, 3>
21;250;(12,1);;<1, 2, 0, 0, 2>
21;251;(6,16);;<1, 2, 3, 4, 4>
21;252;(17,1);;<1, 2, 3, 4, 4>
21;253;(16,1);outputNeighborhood;<1, 2, 3, 4, 4>
21;253;(16,1);;<1, 2, 3, 4, 4>
21;254;(15,1);outputNeighborhood;<1, 2, 3, 0, 3>
21;254;(15,1);;<1, 2, 3, 4, 4>
21;255;(18,1);;<1, 2, 3, 4, 4>
21;256;(2,7);;<1, 2, 3, 4, 4>
21;257;(9,2);;<0, 0, 0, 0, 0>
21;258;(11,0);outputNeighborhood;<1, 2, 0, 0, 2>
21;258;(11,0);;<1, 2, 3, 0, 3>
21;259;(0,0);;<1, 2, 3, 4, 4>
21;261;(0,14);;<0, 0, 0, 0, 0>
21;262;(13,9);;<0, 0, 0, 0, 0>
21;263;(14,10);;<0, 0, 0, 0, 0>
21;264;(3,0);outputNeighborhood;<1, 2, 3, 4, 4>
21;264;(3,0);;<1, 2, 3, 4, 4>
21;267;(3,2);;<1, 2, 3, 4, 4>
21;268;(4,17);;<1, 0, 0, 0, 1>
21;270;(6,2);;<0, 0, 0, 0, 0>
21;272;(14,5);;<0, 0, 0, 0, 0>
21;273;(2,0);outputNeighborhood;<1, 2, 3, 4, 4>
21;273;(2,0);;<1, 2, 3, 4, 4>
21;275;(14,1);outputNeighborhood;<1, 2, 0, 0, 2>
21;275;(14,1);;<1, 2, 3, 0, 3>
21;276;(13,18);;<1, 2, 3, 4, 4>
21;277;(7,14);;<1, 2, 3, 4, 4>
21;278;(16,7);;<1, 2, 3, 4, 4>
21;279;(8,8);;<0, 0, 0, 0, 0>
21;280;(10,2);;<0, 0, 0, 0, 0>
21;281;(11,2);;<0, 0, 0, 0, 0>
21;282;(6,17);;<1, 2, 3, 4, 4>
21;283;(19,14);;<0, 0, 0, 0, 0>
21;284;(14,4);;<0, 0, 0, 0, 0>
21;285;(14,2);outputNeighborhood;<1, 0, 0, 0, 1>
21;285;(14,2);;<1, 2, 0, 0, 2>
21;286;(13,8);;<0, 0, 0, 0, 0>
21;287;(0,18);;<1, 2, 3, 4, 4>
21;288;(9,1);outputNeighborhood;<1, 0, 0, 0, 1>
21;288;(9,1);;<1, 2, 0, 0, 2>
21;290;(19,10);;<1, 2, 3, 4, 4>
21;291;(7,19);;<1, 2, 3, 4, 4>
21;293;(8,9);;<0, 0, 0, 0, 0>
21;294;(10,11);;<1, 0, 0, 0, 1>
21;298;(17,18);;<1, 2, 3, 4, 4>
21;301;(14,6);;<0, 0, 0, 0, 0>
21;302;(8,12);;<1, 2, 3, 4, 4>
21;303;(16,6);;<1, 2, 3, 4, 4>
21;305;(17,2);;<1, 2, 3, 4, 4>
21;307;(15,8);outputNeighborhood;<1, 2, 0, 0, 2>
21;307;(15,8);;<1, 2, 3, 0, 3>
21;316;(13,7);;<0, 0, 0, 0, 0>
21;318;(15,7);outputNeighborhood;<1, 2, 3, 0, 3>
21;318;(15,7);;<1, 2, 3, 4, 4>
21;319;(17,14);;<0, 0, 0, 0, 0>
21;320;(17,7);;<1, 2, 3, 4, 4>
21;321;(1,8);;<1, 2, 3, 4, 4>
21;325;(3,19);outputNeighborhood;<1, 2, 3, 0, 3>
21;325;(3,19);;<1, 2, 3, 0, 3>
21;326;(4,8);;<0, 0, 0, 0, 0>
21;327;(5,8);;<0, 0, 0, 0, 0>
21;329;(8,3);;<0, 0, 0, 0, 0>
21;330;(6,8);;<0, 0, 0, 0, 0>
21;334;(16,18);outputNeighborhood;<1, 2, 0, 0, 2>
21;334;(16,18);;<1, 2, 3, 0, 3>
21;335;(6,9);;<0, 0, 0, 0, 0>
21;338;(17,15);;<0, 0, 0, 0, 0>
21;339;(17,8);;<1, 2, 3, 4, 4>
21;341;(16,3);;<1, 2, 3, 4, 4>
21;344;(6,12);;<1, 2, 3, 4, 4>
21;345;(15,2);outputNeighborhood;<1, 2, 3, 4, 4>
21;345;(15,2);;<1, 2, 3, 4, 4>
21;346;(4,11);outputNeighborhood;<1, 0, 0, 0, 1>
21;346;(4,11);;<1, 2, 0, 0, 2>
21;347;(0,9);;<1, 2, 3, 4, 4>
21;348;(8,11);outputNeighborhood;<1, 2, 0, 0, 2>
21;348;(8,11);;<1, 2, 3, 0, 3>
21;349;(2,9);outputNeighborhood;<1, 2, 3, 4, 4>
21;349;(2,9);;<1, 2, 3, 4, 4>
21;350;(3,9);;<1, 2, 3, 4, 4>
21;351;(4,9);;<1, 0, 0, 0, 1>
21;352;(5,9);;<0, 0, 0, 0, 0>
21;353;(4,10);outputNeighborhood;<1, 0, 0, 0, 1>
21;353;(4,10);;<1, 2, 0, 0, 2>
21;355;(7,9);;<0, 0, 0, 0, 0>
21;356;(5,18);outputNeighborhood;<1, 0, 0, 0, 1>
21;356;(5,18);;<1, 2, 0, 0, 2>
21;357;(15,9);outputNeighborhood;<1, 0, 0, 0, 1>
21;357;(15,9);;<1, 2, 0, 0, 2>
21;358;(17,9);outputNeighborhood;<1, 2, 3, 0, 3>
21;358;(17,9);;<1, 2, 3, 4, 4>
21;359;(19,9);;<1, 2, 3, 4, 4>
21;360;(1,10);;<1, 2, 3, 4, 4>
21;362;(1,14);;<0, 0, 0, 0, 0>
21;363;(2,10);;<1, 2, 3, 4, 4>
21;364;(3,10);outputNeighborhood;<1, 2, 3, 4, 4>
21;364;(3,10);;<1, 2, 3, 4, 4>
21;365;(5,10);outputNeighborhood;<1, 2, 0, 0, 2>
21;365;(5,10);;<1, 2, 3, 0, 3>
21;366;(6,10);outputNeighborhood;<1, 2, 0, 0, 2>
21;366;(6,10);;<1, 2, 3, 0, 3>
21;369;(7,10);outputNeighborhood;<1, 2, 0, 0, 2>
21;369;(7,10);;<1, 2, 3, 0, 3>
21;370;(8,10);outputNeighborhood;<1, 0, 0, 0, 1>
21;370;(8,10);;<1, 2, 0, 0, 2>
21;371;(9,11);outputNeighborhood;<1, 0, 0, 0, 1>
21;371;(9,11);;<1, 2, 0, 0, 2>
21;372;(10,10);;<1, 0, 0, 0, 1>
21;374;(16,12);;<0, 0, 0, 0, 0>
21;376;(7,12);;<1, 2, 3, 4, 4>
21;377;(18,18);;<1, 2, 3, 4, 4>
21;378;(15,10);;<1, 0, 0, 0, 1>
21;379;(16,10);outputNeighborhood;<1, 0, 0, 0, 1>
21;379;(16,10);;<1, 2, 0, 0, 2>
21;381;(2,12);;<1, 0, 0, 0, 1>
21;382;(12,19);;<1, 2, 3, 4, 4>
21;383;(18,10);;<1, 2, 3, 4, 4>
21;384;(9,12);;<1, 2, 3, 4, 4>
21;385;(5,11);outputNeighborhood;<1, 2, 3, 4, 4>
21;385;(5,11);;<1, 2, 3, 4, 4>
21;386;(16,11);;<0, 0, 0, 0, 0>
21;389;(6,11);outputNeighborhood;<1, 2, 3, 4, 4>
21;389;(6,11);;<1, 2, 3, 4, 4>
21;392;(14,11);;<0, 0, 0, 0, 0>
21;393;(18,11);;<0, 0, 0, 0, 0>
21;394;(13,1);outputNeighborhood;<1, 0, 0, 0, 1>
21;394;(13,1);;<1, 2, 0, 0, 2>
21;395;(16,8);outputNeighborhood;<1, 2, 3, 0, 3>
21;395;(16,8);;<1, 2, 3, 4, 4>
21;396;(10,12);;<1, 2, 3, 4, 4>
21;397;(13,11);;<0, 0, 0, 0, 0>
21;399;(12,12);;<1, 2, 3, 4, 4>
21;400;(15,12);;<0, 0, 0, 0, 0>
22;1;(19,19);;<1, 2, 3, 4, 4>
22;2;(18,19);;<1, 2, 3, 4, 4>
22;3;(17,19);;<1, 2, 3, 4, 4>
22;4;(15,19);outputNeighborhood;<1, 2, 3, 0, 3>
22;4;(15,19);;<1, 2, 3, 4, 4>
22;5;(14,19);;<1, 2, 3, 4, 4>
22;6;(6,19);;<1, 2, 3, 4, 4>
22;7;(5,19);outputNeighborhood;<1, 2, 3, 0, 3>
22;7;(5,19);;<1, 2, 3, 4, 4>
22;8;(2,19);;<1, 2, 3, 4, 4>
22;9;(0,19);;<1, 2, 3, 4, 4>
22;10;(19,18);;<1, 2, 3, 4, 4>
22;11;(14,18);;<1, 2, 3, 4, 4>
22;12;(12,18);;<1, 2, 3, 4, 4>
22;13;(11,18);;<1, 2, 3, 4, 4>
22;14;(8,18);;<1, 2, 3, 4, 4>
22;15;(6,18);;<1, 2, 3, 4, 4>
22;16;(4,18);outputNeighborhood;<1, 0, 0, 0, 1>
22;16;(4,18);;<1, 2, 0, 0, 2>
22;17;(3,18);outputNeighborhood;<1, 2, 3, 4, 4>
22;17;(3,18);;<1, 2, 3, 4, 4>
22;18;(2,18);;<1, 2, 3, 4, 4>
22;19;(18,17);outputNeighborhood;<1, 2, 3, 4, 4>
22;19;(18,17);;<1, 2, 3, 4, 4>
22;20;(17,17);outputNeighborhood;<1, 2, 3, 0, 3>
22;20;(17,17);;<1, 2, 3, 4, 4>
22;21;(15,17);outputNeighborhood;<1, 0, 0, 0, 1>
22;21;(15,17);;<1, 2, 0, 0, 2>
22;22;(14,17);;<1, 2, 3, 4, 4>
22;25;(7,17);;<1, 2, 3, 4, 4>
22;26;(5,17);outputNeighborhood;<1, 2, 0, 0, 2>
22;26;(5,17);;<1, 2, 3, 0, 3>
22;27;(3,17);outputNeighborhood;<1, 2, 0, 0, 2>
22;27;(3,17);;<1, 2, 3, 0, 3>
22;28;(2,17);outputNeighborhood;<1, 2, 3, 0, 3>
22;28;(2,17);;<1, 2, 3, 4, 4>
22;29;(0,17);outputNeighborhood;<1, 2, 3, 4, 4>
22;29;(0,17);;<1, 2, 3, 4, 4>
22;30;(19,16);outputNeighborhood;<1, 2, 3, 4, 4>
22;30;(19,16);;<1, 2, 3, 4, 4>
22;31;(18,16);outputNeighborhood;<1, 2, 3, 4, 4>
22;31;(18,16);;<1, 2, 3, 4, 4>
22;32;(17,16);outputNeighborhood;<1, 2, 0, 0, 2>
22;32;(17,16);;<1, 2, 3, 0, 3>
22;34;(7,18);;<1, 2, 3, 4, 4>
22;36;(7,16);;<1, 2, 3, 4, 4>
22;37;(5,16);outputNeighborhood;<1, 2, 3, 0, 3>
22;37;(5,16);;<1, 2, 3, 0, 3>
22;38;(4,16);outputNeighborhood;<1, 2, 0, 0, 2>
22;38;(4,16);;<1, 2, 3, 0, 3>
22;39;(1,16);outputNeighborhood;<1, 2, 3, 0, 3>
22;39;(1,16);;<1, 2, 3, 4, 4>
22;40;(0,16);outputNeighborhood;<1, 2, 3, 4, 4>
22;40;(0,16);;<1, 2, 3, 4, 4>
22;41;(19,15);;<0, 0, 0, 0, 0>
22;42;(16,15);;<0, 0, 0, 0, 0>
22;46;(6,15);;<1, 2, 3, 4, 4>
22;47;(5,15);outputNeighborhood;<1, 2, 3, 4, 4>
22;47;(5,15);;<1, 2, 3, 4, 4>
22;48;(4,15);outputNeighborhood;<1, 2, 3, 0, 3>
22;48;(4,15);;<1, 2, 3, 4, 4>
22;49;(2,15);;<0, 0, 0, 0, 0>
22;50;(1,15);;<0, 0, 0, 0, 0>
22;51;(7,15);;<1, 2, 3, 4, 4>
22;52;(14,14);;<1, 2, 3, 4, 4>
22;57;(6,14);;<1, 2, 3, 4, 4>
22;58;(5,14);;<1, 2, 3, 4, 4>
22;59;(4,14);outputNeighborhood;<1, 2, 3, 0, 3>
22;59;(4,14);;<1, 2, 3, 4, 4>
22;60;(3,14);outputNeighborhood;<1, 0, 0, 0, 1>
22;60;(3,14);;<1, 2, 0, 0, 2>
22;62;(2,14);;<0, 0, 0, 0, 0>
22;66;(15,13);;<0, 0, 0, 0, 0>
22;67;(14,13);;<1, 2, 3, 4, 4>
22;68;(13,13);;<1, 2, 3, 4, 4>
22;69;(12,13);;<1, 2, 3, 4, 4>
22;71;(9,13);;<1, 2, 3, 4, 4>
22;72;(8,13);;<1, 2, 3, 4, 4>
22;73;(7,13);;<1, 2, 3, 4, 4>
22;74;(5,13);outputNeighborhood;<1, 2, 3, 4, 4>
22;74;(5,13);;<1, 2, 3, 4, 4>
22;75;(0,15);;<0, 0, 0, 0, 0>
22;76;(4,13);outputNeighborhood;<1, 2, 3, 0, 3>
22;76;(4,13);;<1, 2, 3, 4, 4>
22;77;(3,13);outputNeighborhood;<1, 2, 0, 0, 2>
22;77;(3,13);;<1, 2, 3, 0, 3>
22;78;(2,13);;<1, 0, 0, 0, 1>
22;79;(1,13);;<0, 0, 0, 0, 0>
22;82;(17,12);;<0, 0, 0, 0, 0>
22;83;(10,19);;<1, 2, 3, 4, 4>
22;85;(12,0);outputNeighborhood;<1, 2, 3, 0, 3>
22;85;(12,0);;<1, 2, 3, 4, 4>
22;89;(15,5);;<1, 2, 3, 4, 4>
22;90;(13,12);outputNeighborhood;<1, 2, 3, 4, 4>
22;90;(13,12);;<1, 2, 3, 4, 4>
22;95;(4,12);outputNeighborhood;<1, 2, 3, 0, 3>
22;95;(4,12);;<1, 2, 3, 4, 4>
22;96;(18,14);;<0, 0, 0, 0, 0>
22;97;(1,12);;<1, 0, 0, 0, 1>
22;99;(9,10);outputNeighborhood;<1, 0, 0, 0, 1>
22;99;(9,10);;<1, 2, 0, 0, 2>
22;104;(9,18);;<1, 2, 3, 4, 4>
22;105;(1,18);;<1, 2, 3, 4, 4>
22;106;(10,9);;<0, 0, 0, 0, 0>
22;108;(8,2);;<0, 0, 0, 0, 0>
22;109;(16,19);;<1, 2, 3, 4, 4>
22;110;(13,2);outputNeighborhood;<1, 0, 0, 0, 1>
22;110;(13,2);;<1, 2, 0, 0, 2>
22;112;(6,0);outputNeighborhood;<1, 2, 3, 4, 4>
22;112;(6,0);;<1, 2, 3, 4, 4>
22;114;(4,4);;<0, 0, 0, 0, 0>
22;116;(11,19);;<1, 2, 3, 4, 4>
22;117;(14,7);;<0, 0, 0, 0, 0>
22;120;(3,12);outputNeighborhood;<1, 2, 3, 0, 3>
22;120;(3,12);;<1, 2, 3, 4, 4>
22;121;(16,17);outputNeighborhood;<1, 2, 0, 0, 2>
22;121;(16,17);;<1, 2, 3, 0, 3>
22;125;(4,19);outputNeighborhood;<1, 2, 0, 0, 2>
22;125;(4,19);;<1, 2, 3, 0, 3>
22;126;(13,3);;<1, 0, 0, 0, 1>
22;127;(17,10);outputNeighborhood;<1, 2, 3, 4, 4>
22;127;(17,10);;<1, 2, 3, 4, 4>
22;128;(15,3);;<1, 2, 3, 4, 4>
22;129;(9,3);;<0, 0, 0, 0, 0>
22;130;(6,3);;<0, 0, 0, 0, 0>
22;131;(5,3);;<0, 0, 0, 0, 0>
22;133;(16,9);outputNeighborhood;<1, 2, 3, 0, 3>
22;133;(16,9);;<1, 2, 3, 4, 4>
22;135;(0,10);;<1, 2, 3, 4, 4>
22;136;(16,14);;<1, 0, 0, 0, 1>
22;140;(7,1);outputNeighborhood;<1, 2, 3, 0, 3>
22;140;(7,1);;<1, 2, 3, 4, 4>
22;141;(11,3);;<0, 0, 0, 0, 0>
22;143;(6,13);;<1, 2, 3, 4, 4>
22;147;(3,3);;<1, 2, 3, 4, 4>
22;148;(0,11);;<1, 0, 0, 0, 1>
22;150;(18,9);;<1, 2, 3, 4, 4>
22;151;(19,17);outputNeighborhood;<1, 2, 3, 4, 4>
22;151;(19,17);;<1, 2, 3, 4, 4>
22;152;(2,2);;<1, 2, 3, 4, 4>
22;153;(3,8);;<1, 2, 3, 4, 4>
22;154;(15,16);;<1, 0, 0, 0, 1>
22;155;(6,1);outputNeighborhood;<1, 2, 3, 0, 3>
22;155;(6,1);;<1, 2, 3, 4, 4>
22;156;(9,9);;<0, 0, 0, 0, 0>
22;158;(8,1);outputNeighborhood;<1, 2, 3, 0, 3>
22;158;(8,1);;<1, 2, 3, 4, 4>
22;159;(7,2);;<0, 0, 0, 0, 0>
22;161;(4,3);;<1, 0, 0, 0, 1>
22;162;(5,1);outputNeighborhood;<1, 2, 0, 0, 2>
22;162;(5,1);;<1, 2, 3, 0, 3>
22;163;(15,18);outputNeighborhood;<1, 2, 0, 0, 2>
22;163;(15,18);;<1, 2, 3, 0, 3>
22;168;(14,16);;<1, 2, 3, 4, 4>
22;170;(9,0);outputNeighborhood;<1, 2, 3, 0, 3>
22;170;(9,0);;<1, 2, 3, 4, 4>
22;171;(14,3);outputNeighborhood;<1, 0, 0, 0, 1>
22;171;(14,3);;<1, 2, 0, 0, 2>
22;172;(17,6);;<1, 2, 3, 4, 4>
22;174;(1,17);outputNeighborhood;<1, 2, 3, 4, 4>
22;174;(1,17);;<1, 2, 3, 4, 4>
22;176;(13,4);;<0, 0, 0, 0, 0>
22;178;(16,2);;<1, 2, 3, 4, 4>
22;179;(18,8);;<1, 2, 3, 4, 4>
22;180;(15,4);;<1, 2, 3, 4, 4>
22;181;(1,19);;<1, 2, 3, 4, 4>
22;182;(15,15);;<0, 0, 0, 0, 0>
22;183;(4,1);outputNeighborhood;<1, 2, 0, 0, 2>
22;183;(4,1);;<1, 2, 3, 0, 3>
22;184;(10,18);;<1, 2, 3, 4, 4>
22;185;(4,2);outputNeighborhood;<1, 0, 0, 0, 1>
22;185;(4,2);;<1, 2, 0, 0, 2>
22;186;(2,1);;<1, 2, 3, 4, 4>
22;189;(17,0);;<1, 2, 3, 4, 4>
22;191;(18,7);;<1, 2, 3, 4, 4>
22;192;(15,0);outputNeighborhood;<1, 2, 3, 0, 3>
22;192;(15,0);;<1, 2, 3, 4, 4>
22;193;(16,16);outputNeighborhood;<1, 0, 0, 0, 1>
22;193;(16,16);;<1, 2, 0, 0, 2>
22;194;(2,11);outputNeighborhood;<1, 2, 0, 0, 2>
22;194;(2,11);;<1, 2, 3, 0, 3>
22;195;(10,13);;<1, 2, 3, 4, 4>
22;197;(1,11);outputNeighborhood;<1, 0, 0, 0, 1>
22;197;(1,11);;<1, 2, 0, 0, 2>
22;198;(7,11);;<1, 2, 3, 4, 4>
22;199;(3,1);;<1, 2, 3, 4, 4>
22;200;(3,15);;<1, 0, 0, 0, 1>
22;201;(5,2);;<1, 0, 0, 0, 1>
22;202;(17,11);;<0, 0, 0, 0, 0>
22;203;(7,8);;<0, 0, 0, 0, 0>
22;204;(7,0);;<1, 2, 3, 4, 4>
22;206;(2,16);outputNeighborhood;<1, 2, 0, 0, 2>
22;206;(2,16);;<1, 2, 3, 0, 3>
22;207;(12,3);;<0, 0, 0, 0, 0>
22;208;(9,19);;<1, 2, 3, 4, 4>
22;209;(8,19);;<1, 2, 3, 4, 4>
22;210;(14,8);;<0, 0, 0, 0, 0>
22;212;(7,3);;<0, 0, 0, 0, 0>
22;214;(13,14);;<1, 2, 3, 4, 4>
22;215;(5,12);;<1, 2, 3, 4, 4>
22;216;(5,0);outputNeighborhood;<1, 2, 3, 0, 3>
22;216;(5,0);;<1, 2, 3, 0, 3>
22;217;(1,9);;<1, 2, 3, 4, 4>
22;218;(13,19);;<1, 2, 3, 4, 4>
22;219;(3,16);outputNeighborhood;<1, 0, 0, 0, 1>
22;219;(3,16);;<1, 2, 0, 0, 2>
22;222;(10,0);outputNeighborhood;<1, 2, 0, 0, 2>
22;222;(10,0);;<1, 2, 3, 0, 3>
22;224;(3,11);outputNeighborhood;<1, 2, 3, 0, 3>
22;224;(3,11);;<1, 2, 3, 4, 4>
22;225;(8,0);outputNeighborhood;<1, 2, 3, 4, 4>
22;225;(8,0);;<1, 2, 3, 4, 4>
22;226;(14,9);;<0, 0, 0, 0, 0>
22;230;(10,3);;<0, 0, 0, 0, 0>
22;232;(18,15);;<0, 0, 0, 0, 0>
22;233;(12,11);;<0, 0, 0, 0, 0>
22;235;(14,12);outputNeighborhood;<1, 2, 3, 4, 4>
22;235;(14,12);;<1, 2, 3, 4, 4>
22;236;(4,0);outputNeighborhood;<1, 2, 3, 0, 3>
22;236;(4,0);;<1, 2, 3, 0, 3>
22;239;(12,2);;<1, 0, 0, 0, 1>
22;240;(13,0);outputNeighborhood;<1, 2, 3, 0, 3>
22;240;(13,0);;<1, 2, 3, 4, 4>
22;241;(11,1);outputNeighborhood;<1, 2, 0, 0, 2>
22;241;(11,1);;<1, 2, 3, 0, 3>
22;242;(10,1);outputNeighborhood;<1, 0, 0, 0, 1>
22;242;(10,1);;<1, 2, 0, 0, 2>
22;243;(15,6);;<1, 2, 3, 4, 4>
22;246;(11,11);;<1, 0, 0, 0, 1>
22;247;(15,11);;<0, 0, 0, 0, 0>
22;248;(16,0);;<1, 2, 3, 4, 4>
22;249;(14,0);outputNeighborhood;<1, 2, 3, 0, 3>
22;249;(14,0);;<1, 2, 3, 4, 4>
22;250;(12,1);outputNeighborhood;<1, 2, 0, 0, 2>
22;250;(12,1);;<1, 2, 3, 0, 3>
22;251;(6,16);;<1, 2, 3, 4, 4>
22;252;(17,1);;<1, 2, 3, 4, 4>
22;253;(16,1);;<1, 2, 3, 4, 4>
22;254;(15,1);outputNeighborhood;<1, 2, 3, 4, 4>
22;254;(15,1);;<1, 2, 3, 4, 4>
22;257;(9,2);;<0, 0, 0, 0, 0>
22;258;(11,0);outputNeighborhood;<1, 2, 3, 0, 3>
22;258;(11,0);;<1, 2, 3, 0, 3>
22;261;(0,14);;<0, 0, 0, 0, 0>
22;262;(13,9);;<0, 0, 0, 0, 0>
22;263;(14,10);;<0, 0, 0, 0, 0>
22;264;(3,0);;<1, 2, 3, 4, 4>
22;267;(3,2);;<1, 2, 3, 4, 4>
22;268;(4,17);outputNeighborhood;<1, 0, 0, 0, 1>
22;268;(4,17);;<1, 2, 0, 0, 2>
22;270;(6,2);;<0, 0, 0, 0, 0>
22;272;(14,5);;<0, 0, 0, 0, 0>
22;273;(2,0);;<1, 2, 3, 4, 4>
22;275;(14,1);outputNeighborhood;<1, 2, 3, 0, 3>
22;275;(14,1);;<1, 2, 3, 4, 4>
22;276;(13,18);;<1, 2, 3, 4, 4>
22;278;(16,7);;<1, 2, 3, 4, 4>
22;279;(8,8);;<0, 0, 0, 0, 0>
22;280;(10,2);;<0, 0, 0, 0, 0>
22;281;(11,2);;<0, 0, 0, 0, 0>
22;282;(6,17);;<1, 2, 3, 4, 4>
22;283;(19,14);;<0, 0, 0, 0, 0>
22;284;(14,4);;<1, 0, 0, 0, 1>
22;285;(14,2);outputNeighborhood;<1, 2, 0, 0, 2>
22;285;(14,2);;<1, 2, 3, 0, 3>
22;286;(13,8);;<0, 0, 0, 0, 0>
22;287;(0,18);;<1, 2, 3, 4, 4>
22;288;(9,1);outputNeighborhood;<1, 2, 0, 0, 2>
22;288;(9,1);;<1, 2, 3, 0, 3>
22;289;(0,12);;<0, 0, 0, 0, 0>
22;290;(19,10);;<1, 2, 3, 4, 4>
22;291;(7,19);;<1, 2, 3, 4, 4>
22;293;(8,9);;<0, 0, 0, 0, 0>
22;294;(10,11);outputNeighborhood;<1, 0, 0, 0, 1>
22;294;(10,11);;<1, 2, 0, 0, 2>
22;298;(17,18);;<1, 2, 3, 4, 4>
22;301;(14,6);;<1, 0, 0, 0, 1>
22;302;(8,12);;<1, 2, 3, 4, 4>
22;303;(16,6);;<1, 2, 3, 4, 4>
22;307;(15,8);outputNeighborhood;<1, 2, 3, 0, 3>
22;307;(15,8);;<1, 2, 3, 4, 4>
22;309;(4,7);;<0, 0, 0, 0, 0>
22;316;(13,7);;<0, 0, 0, 0, 0>
22;318;(15,7);outputNeighborhood;<1, 2, 3, 4, 4>
22;318;(15,7);;<1, 2, 3, 4, 4>
22;319;(17,14);;<0, 0, 0, 0, 0>
22;320;(17,7);;<1, 2, 3, 4, 4>
22;322;(9,8);;<0, 0, 0, 0, 0>
22;325;(3,19);;<1, 2, 3, 4, 4>
22;326;(4,8);;<1, 0, 0, 0, 1>
22;327;(5,8);;<0, 0, 0, 0, 0>
22;329;(8,3);;<0, 0, 0, 0, 0>
22;330;(6,8);;<0, 0, 0, 0, 0>
22;333;(10,8);;<0, 0, 0, 0, 0>
22;334;(16,18);outputNeighborhood;<1, 2, 3, 0, 3>
22;334;(16,18);;<1, 2, 3, 4, 4>
22;335;(6,9);;<0, 0, 0, 0, 0>
22;338;(17,15);;<0, 0, 0, 0, 0>
22;339;(17,8);outputNeighborhood;<1, 2, 3, 4, 4>
22;339;(17,8);;<1, 2, 3, 4, 4>
22;340;(11,10);;<0, 0, 0, 0, 0>
22;341;(16,3);;<1, 2, 3, 4, 4>
22;342;(11,9);;<0, 0, 0, 0, 0>
22;343;(19,8);;<1, 2, 3, 4, 4>
22;344;(6,12);;<1, 2, 3, 4, 4>
22;345;(15,2);;<1, 2, 3, 4, 4>
22;346;(4,11);outputNeighborhood;<1, 2, 0, 0, 2>
22;346;(4,11);;<1, 2, 3, 0, 3>
22;348;(8,11);outputNeighborhood;<1, 2, 3, 0, 3>
22;348;(8,11);;<1, 2, 3, 4, 4>
22;349;(2,9);;<1, 2, 3, 4, 4>
22;350;(3,9);;<1, 2, 3, 4, 4>
22;351;(4,9);outputNeighborhood;<1, 0, 0, 0, 1>
22;351;(4,9);;<1, 2, 0, 0, 2>
22;352;(5,9);;<1, 0, 0, 0, 1>
22;353;(4,10);outputNeighborhood;<1, 2, 0, 0, 2>
22;353;(4,10);;<1, 2, 3, 0, 3>
22;355;(7,9);;<0, 0, 0, 0, 0>
22;356;(5,18);outputNeighborhood;<1, 2, 0, 0, 2>
22;356;(5,18);;<1, 2, 3, 0, 3>
22;357;(15,9);outputNeighborhood;<1, 2, 0, 0, 2>
22;357;(15,9);;<1, 2, 3, 0, 3>
22;358;(17,9);outputNeighborhood;<1, 2, 3, 4, 4>
22;358;(17,9);;<1, 2, 3, 4, 4>
22;359;(19,9);;<1, 2, 3, 4, 4>
22;360;(1,10);;<1, 2, 3, 4, 4>
22;361;(13,17);;<1, 2, 3, 4, 4>
22;362;(1,14);;<0, 0, 0, 0, 0>
22;363;(2,10);;<1, 2, 3, 4, 4>
22;364;(3,10);;<1, 2, 3, 4, 4>
22;365;(5,10);outputNeighborhood;<1, 2, 3, 0, 3>
22;365;(5,10);;<1, 2, 3, 0, 3>
22;366;(6,10);outputNeighborhood;<1, 2, 3, 0, 3>
22;366;(6,10);;<1, 2, 3, 4, 4>
22;367;(19,11);;<0, 0, 0, 0, 0>
22;369;(7,10);outputNeighborhood;<1, 2, 3, 0, 3>
22;369;(7,10);;<1, 2, 3, 0, 3>
22;370;(8,10);outputNeighborhood;<1, 2, 0, 0, 2>
22;370;(8,10);;<1, 2, 3, 0, 3>
22;371;(9,11);outputNeighborhood;<1, 2, 0, 0, 2>
22;371;(9,11);;<1, 2, 3, 0, 3>
22;372;(10,10);outputNeighborhood;<1, 0, 0, 0, 1>
22;372;(10,10);;<1, 2, 0, 0, 2>
22;373;(12,10);;<0, 0, 0, 0, 0>
22;374;(16,12);;<0, 0, 0, 0, 0>
22;375;(13,10);;<1, 0, 0, 0, 1>
22;376;(7,12);;<1, 2, 3, 4, 4>
22;377;(18,18);;<1, 2, 3, 4, 4>
22;378;(15,10);outputNeighborhood;<1, 0, 0, 0, 1>
22;378;(15,10);;<1, 2, 0, 0, 2>
22;379;(16,10);outputNeighborhood;<1, 2, 0, 0, 2>
22;379;(16,10);;<1, 2, 3, 0, 3>
22;381;(2,12);outputNeighborhood;<1, 0, 0, 0, 1>
22;381;(2,12);;<1, 2, 0, 0, 2>
22;382;(12,19);;<1, 2, 3, 4, 4>
22;383;(18,10);;<1, 2, 3, 4, 4>
22;384;(9,12);;<1, 2, 3, 4, 4>
22;385;(5,11);;<1, 2, 3, 4, 4>
22;386;(16,11);;<0, 0, 0, 0, 0>
22;389;(6,11);;<1, 2, 3, 4, 4>
22;392;(14,11);;<0, 0, 0, 0, 0>
22;393;(18,11);;<0, 0, 0, 0, 0>
22;394;(13,1);outputNeighborhood;<1, 2, 0, 0, 2>
22;394;(13,1);;<1, 2, 3, 0, 3>
22;395;(16,8);outputNeighborhood;<1, 2, 3, 4, 4>
22;395;(16,8);;<1, 2, 3, 4, 4>
22;396;(10,12);;<1, 2, 3, 4, 4>
22;397;(13,11);;<0, 0, 0, 0, 0>
22;398;(11,12);;<1, 2, 3, 4, 4>
22;399;(12,12);;<1, 2, 3, 4, 4>
22;400;(15,12);;<0, 0, 0, 0, 0>
23;2;(18,19);;<1, 2, 3, 4, 4>
23;3;(17,19);;<1, 2, 3, 4, 4>
23;4;(15,19);outputNeighborhood;<1, 2, 3, 4, 4>
23;4;(15,19);;<1, 2, 3, 4, 4>
23;5;(14,19);;<1, 2, 3, 4, 4>
23;6;(6,19);;<1, 2, 3, 4, 4>
23;7;(5,19);outputNeighborhood;<1, 2, 3, 4, 4>
23;7;(5,19);;<1, 2, 3, 4, 4>
23;8;(2,19);;<1, 2, 3, 4, 4>
23;11;(14,18);;<1, 2, 3, 4, 4>
23;12;(12,18);;<1, 2, 3, 4, 4>
23;15;(6,18);;<1, 2, 3, 4, 4>
23;16;(4,18);outputNeighborhood;<1, 2, 0, 0, 2>
23;16;(4,18);;<1, 2, 3, 0, 3>
23;17;(3,18);;<1, 2, 3, 4, 4>
23;18;(2,18);;<1, 2, 3, 4, 4>
23;19;(18,17);;<1, 2, 3, 4, 4>
23;20;(17,17);outputNeighborhood;<1, 2, 3, 4, 4>
23;20;(17,17);;<1, 2, 3, 4, 4>
23;21;(15,17);outputNeighborhood;<1, 2, 0, 0, 2>
23;21;(15,17);;<1, 2, 3, 0, 3>
23;22;(14,17);;<1, 2, 3, 4, 4>
23;25;(7,17);;<1, 2, 3, 4, 4>
23;26;(5,17);outputNeighborhood;<1, 2, 3, 0, 3>
23;26;(5,17);;<1, 2, 3, 0, 3>
23;27;(3,17);outputNeighborhood;<1, 2, 3, 0, 3>
23;27;(3,17);;<1, 2, 3, 4, 4>
23;28;(2,17);outputNeighborhood;<1, 2, 3, 4, 4>
23;28;(2,17);;<1, 2, 3, 4, 4>
23;29;(0,17);;<1, 2, 3, 4, 4>
23;30;(19,16);;<1, 2, 3, 4, 4>
23;31;(18,16);;<1, 2, 3, 4, 4>
23;32;(17,16);outputNeighborhood;<1, 2, 3, 0, 3>
23;32;(17,16);;<1, 2, 3, 4, 4>
23;34;(7,18);;<1, 2, 3, 4, 4>
23;37;(5,16);;<1, 2, 3, 4, 4>
23;38;(4,16);outputNeighborhood;<1, 2, 3, 0, 3>
23;38;(4,16);;<1, 2, 3, 4, 4>
23;39;(1,16);outputNeighborhood;<1, 2, 3, 4, 4>
23;39;(1,16);;<1, 2, 3, 4, 4>
23;40;(0,16);;<1, 2, 3, 4, 4>
23;42;(16,15);;<1, 0, 0, 0, 1>
23;43;(14,15);;<1, 2, 3, 4, 4>
23;46;(6,15);;<1, 2, 3, 4, 4>
23;47;(5,15);;<1, 2, 3, 4, 4>
23;48;(4,15);outputNeighborhood;<1, 2, 3, 4, 4>
23;48;(4,15);;<1, 2, 3, 4, 4>
23;49;(2,15);;<1, 0, 0, 0, 1>
23;50;(1,15);;<0, 0, 0, 0, 0>
23;52;(14,14);;<1, 2, 3, 4, 4>
23;57;(6,14);;<1, 2, 3, 4, 4>
23;58;(5,14);;<1, 2, 3, 4, 4>
23;59;(4,14);outputNeighborhood;<1, 2, 3, 4, 4>
23;59;(4,14);;<1, 2, 3, 4, 4>
23;60;(3,14);outputNeighborhood;<1, 2, 0, 0, 2>
23;60;(3,14);;<1, 2, 3, 0, 3>
23;62;(2,14);;<1, 0, 0, 0, 1>
23;65;(16,13);;<0, 0, 0, 0, 0>
23;66;(15,13);;<0, 0, 0, 0, 0>
23;70;(11,13);;<1, 2, 3, 4, 4>
23;71;(9,13);;<1, 2, 3, 4, 4>
23;72;(8,13);;<1, 2, 3, 4, 4>
23;73;(7,13);;<1, 2, 3, 4, 4>
23;74;(5,13);;<1, 2, 3, 4, 4>
23;75;(0,15);;<0, 0, 0, 0, 0>
23;76;(4,13);outputNeighborhood;<1, 2, 3, 4, 4>
23;76;(4,13);;<1, 2, 3, 4, 4>
23;77;(3,13);outputNeighborhood;<1, 2, 3, 0, 3>
23;77;(3,13);;<1, 2, 3, 4, 4>
23;78;(2,13);outputNeighborhood;<1, 0, 0, 0, 1>
23;78;(2,13);;<1, 2, 0, 0, 2>
23;79;(1,13);;<1, 0, 0, 0, 1>
23;80;(19,12);;<0, 0, 0, 0, 0>
23;83;(10,19);;<1, 2, 3, 4, 4>
23;85;(12,0);outputNeighborhood;<1, 2, 3, 4, 4>
23;85;(12,0);;<1, 2, 3, 4, 4>
23;89;(15,5);;<1, 2, 3, 4, 4>
23;90;(13,12);;<1, 2, 3, 4, 4>
23;94;(5,4);;<0, 0, 0, 0, 0>
23;95;(4,12);outputNeighborhood;<1, 2, 3, 4, 4>
23;95;(4,12);;<1, 2, 3, 4, 4>
23;96;(18,14);;<0, 0, 0, 0, 0>
23;97;(1,12);outputNeighborhood;<1, 0, 0, 0, 1>
23;97;(1,12);;<1, 2, 0, 0, 2>
23;99;(9,10);outputNeighborhood;<1, 2, 0, 0, 2>
23;99;(9,10);;<1, 2, 3, 0, 3>
23;100;(2,8);;<1, 2, 3, 4, 4>
23;104;(9,18);;<1, 2, 3, 4, 4>
23;105;(1,18);;<1, 2, 3, 4, 4>
23;106;(10,9);;<0, 0, 0, 0, 0>
23;107;(16,4);;<1, 2, 3, 4, 4>
23;108;(8,2);;<0, 0, 0, 0, 0>
23;109;(16,19);outputNeighborhood;<1, 2, 3, 4, 4>
23;109;(16,19);;<1, 2, 3, 4, 4>
23;110;(13,2);outputNeighborhood;<1, 2, 0, 0, 2>
23;110;(13,2);;<1, 2, 3, 0, 3>
23;112;(6,0);;<1, 2, 3, 4, 4>
23;114;(4,4);;<1, 0, 0, 0, 1>
23;116;(11,19);;<1, 2, 3, 4, 4>
23;117;(14,7);;<1, 0, 0, 0, 1>
23;118;(3,4);;<1, 2, 3, 4, 4>
23;120;(3,12);outputNeighborhood;<1, 2, 3, 4, 4>
23;120;(3,12);;<1, 2, 3, 4, 4>
23;121;(16,17);outputNeighborhood;<1, 2, 3, 0, 3>
23;121;(16,17);;<1, 2, 3, 4, 4>
23;123;(13,6);;<0, 0, 0, 0, 0>
23;125;(4,19);outputNeighborhood;<1, 2, 3, 0, 3>
23;125;(4,19);;<1, 2, 3, 4, 4>
23;126;(13,3);outputNeighborhood;<1, 0, 0, 0, 1>
23;126;(13,3);;<1, 2, 0, 0, 2>
23;127;(17,10);;<1, 2, 3, 4, 4>
23;128;(15,3);;<1, 2, 3, 4, 4>
23;129;(9,3);;<0, 0, 0, 0, 0>
23;130;(6,3);;<0, 0, 0, 0, 0>
23;131;(5,3);;<1, 0, 0, 0, 1>
23;133;(16,9);outputNeighborhood;<1, 2, 3, 4, 4>
23;133;(16,9);;<1, 2, 3, 4, 4>
23;135;(0,10);;<1, 2, 3, 4, 4>
23;136;(16,14);outputNeighborhood;<1, 0, 0, 0, 1>
23;136;(16,14);;<1, 0, 0, 0, 1>
23;137;(2,3);;<1, 2, 3, 4, 4>
23;138;(4,5);;<0, 0, 0, 0, 0>
23;139;(13,5);;<0, 0, 0, 0, 0>
23;140;(7,1);outputNeighborhood;<1, 2, 3, 4, 4>
23;140;(7,1);;<1, 2, 3, 4, 4>
23;141;(11,3);;<0, 0, 0, 0, 0>
23;143;(6,13);;<1, 2, 3, 4, 4>
23;146;(3,7);;<1, 2, 3, 4, 4>
23;147;(3,3);;<1, 2, 3, 4, 4>
23;148;(0,11);outputNeighborhood;<1, 0, 0, 0, 1>
23;148;(0,11);;<1, 2, 0, 0, 2>
23;150;(18,9);;<1, 2, 3, 4, 4>
23;151;(19,17);;<1, 2, 3, 4, 4>
23;152;(2,2);;<1, 2, 3, 4, 4>
23;153;(3,8);;<1, 2, 3, 4, 4>
23;154;(15,16);outputNeighborhood;<1, 0, 0, 0, 1>
23;154;(15,16);;<1, 2, 0, 0, 2>
23;155;(6,1);outputNeighborhood;<1, 2, 3, 4, 4>
23;155;(6,1);;<1, 2, 3, 4, 4>
23;156;(9,9);;<0, 0, 0, 0, 0>
23;158;(8,1);outputNeighborhood;<1, 2, 3, 4, 4>
23;158;(8,1);;<1, 2, 3, 4, 4>
23;159;(7,2);;<0, 0, 0, 0, 0>
23;161;(4,3);outputNeighborhood;<1, 0, 0, 0, 1>
23;161;(4,3);;<1, 2, 0, 0, 2>
23;162;(5,1);outputNeighborhood;<1, 2, 3, 0, 3>
23;162;(5,1);;<1, 2, 3, 4, 4>
23;163;(15,18);outputNeighborhood;<1, 2, 3, 0, 3>
23;163;(15,18);;<1, 2, 3, 4, 4>
23;166;(12,6);;<0, 0, 0, 0, 0>
23;168;(14,16);;<1, 2, 3, 4, 4>
23;170;(9,0);outputNeighborhood;<1, 2, 3, 4, 4>
23;170;(9,0);;<1, 2, 3, 4, 4>
23;171;(14,3);outputNeighborhood;<1, 2, 0, 0, 2>
23;171;(14,3);;<1, 2, 3, 0, 3>
23;174;(1,17);;<1, 2, 3, 4, 4>
23;176;(13,4);;<1, 0, 0, 0, 1>
23;178;(16,2);;<1, 2, 3, 4, 4>
23;180;(15,4);;<1, 2, 3, 4, 4>
23;181;(1,19);;<1, 2, 3, 4, 4>
23;182;(15,15);;<1, 0, 0, 0, 1>
23;183;(4,1);outputNeighborhood;<1, 2, 3, 0, 3>
23;183;(4,1);;<1, 2, 3, 4, 4>
23;184;(10,18);;<1, 2, 3, 4, 4>
23;185;(4,2);outputNeighborhood;<1, 2, 0, 0, 2>
23;185;(4,2);;<1, 2, 3, 0, 3>
23;186;(2,1);;<1, 2, 3, 4, 4>
23;189;(17,0);;<1, 2, 3, 4, 4>
23;192;(15,0);outputNeighborhood;<1, 2, 3, 4, 4>
23;192;(15,0);;<1, 2, 3, 4, 4>
23;193;(16,16);outputNeighborhood;<1, 2, 0, 0, 2>
23;193;(16,16);;<1, 2, 3, 0, 3>
23;194;(2,11);outputNeighborhood;<1, 2, 3, 0, 3>
23;194;(2,11);;<1, 2, 3, 0, 3>
23;195;(10,13);;<1, 2, 3, 4, 4>
23;197;(1,11);outputNeighborhood;<1, 2, 0, 0, 2>
23;197;(1,11);;<1, 2, 3, 0, 3>
23;198;(7,11);outputNeighborhood;<1, 2, 3, 4, 4>
23;198;(7,11);;<1, 2, 3, 4, 4>
23;199;(3,1);;<1, 2, 3, 4, 4>
23;200;(3,15);outputNeighborhood;<1, 0, 0, 0, 1>
23;200;(3,15);;<1, 2, 0, 0, 2>
23;201;(5,2);outputNeighborhood;<1, 0, 0, 0, 1>
23;201;(5,2);;<1, 2, 0, 0, 2>
23;202;(17,11);;<0, 0, 0, 0, 0>
23;204;(7,0);;<1, 2, 3, 4, 4>
23;206;(2,16);outputNeighborhood;<1, 2, 3, 0, 3>
23;206;(2,16);;<1, 2, 3, 4, 4>
23;207;(12,3);;<1, 0, 0, 0, 1>
23;208;(9,19);;<1, 2, 3, 4, 4>
23;209;(8,19);;<1, 2, 3, 4, 4>
23;210;(14,8);;<0, 0, 0, 0, 0>
23;212;(7,3);;<0, 0, 0, 0, 0>
23;215;(5,12);;<1, 2, 3, 4, 4>
23;216;(5,0);;<1, 2, 3, 4, 4>
23;217;(1,9);;<1, 2, 3, 4, 4>
23;218;(13,19);;<1, 2, 3, 4, 4>
23;219;(3,16);outputNeighborhood;<1, 2, 0, 0, 2>
23;219;(3,16);;<1, 2, 3, 0, 3>
23;220;(0,13);;<0, 0, 0, 0, 0>
23;222;(10,0);outputNeighborhood;<1, 2, 3, 0, 3>
23;222;(10,0);;<1, 2, 3, 0, 3>
23;224;(3,11);outputNeighborhood;<1, 2, 3, 4, 4>
23;224;(3,11);;<1, 2, 3, 4, 4>
23;225;(8,0);;<1, 2, 3, 4, 4>
23;226;(14,9);;<0, 0, 0, 0, 0>
23;228;(12,9);;<0, 0, 0, 0, 0>
23;230;(10,3);;<0, 0, 0, 0, 0>
23;232;(18,15);;<0, 0, 0, 0, 0>
23;233;(12,11);;<1, 0, 0, 0, 1>
23;234;(17,13);;<0, 0, 0, 0, 0>
23;236;(4,0);;<1, 2, 3, 4, 4>
23;239;(12,2);outputNeighborhood;<1, 0, 0, 0, 1>
23;239;(12,2);;<1, 2, 0, 0, 2>
23;240;(13,0);outputNeighborhood;<1, 2, 3, 4, 4>
23;240;(13,0);;<1, 2, 3, 4, 4>
23;241;(11,1);outputNeighborhood;<1, 2, 3, 0, 3>
23;241;(11,1);;<1, 2, 3, 0, 3>
23;242;(10,1);outputNeighborhood;<1, 2, 0, 0, 2>
23;242;(10,1);;<1, 2, 3, 0, 3>
23;243;(15,6);;<1, 2, 3, 4, 4>
23;246;(11,11);outputNeighborhood;<1, 0, 0, 0, 1>
23;246;(11,11);;<1, 2, 0, 0, 2>
23;247;(15,11);;<0, 0, 0, 0, 0>
23;248;(16,0);;<1, 2, 3, 4, 4>
23;249;(14,0);outputNeighborhood;<1, 2, 3, 4, 4>
23;249;(14,0);;<1, 2, 3, 4, 4>
23;250;(12,1);outputNeighborhood;<1, 2, 3, 0, 3>
23;250;(12,1);;<1, 2, 3, 4, 4>
23;251;(6,16);;<1, 2, 3, 4, 4>
23;253;(16,1);;<1, 2, 3, 4, 4>
23;254;(15,1);;<1, 2, 3, 4, 4>
23;257;(9,2);;<0, 0, 0, 0, 0>
23;258;(11,0);;<1, 2, 3, 4, 4>
23;262;(13,9);;<0, 0, 0, 0, 0>
23;263;(14,10);;<1, 0, 0, 0, 1>
23;264;(3,0);;<1, 2, 3, 4, 4>
23;267;(3,2);;<1, 2, 3, 4, 4>
23;268;(4,17);outputNeighborhood;<1, 2, 0, 0, 2>
23;268;(4,17);;<1, 2, 3, 0, 3>
23;270;(6,2);;<1, 0, 0, 0, 1>
23;272;(14,5);;<1, 0, 0, 0, 1>
23;273;(2,0);;<1, 2, 3, 4, 4>
23;275;(14,1);outputNeighborhood;<1, 2, 3, 4, 4>
23;275;(14,1);;<1, 2, 3, 4, 4>
23;276;(13,18);;<1, 2, 3, 4, 4>
23;278;(16,7);;<1, 2, 3, 4, 4>
23;279;(8,8);;<0, 0, 0, 0, 0>
23;280;(10,2);;<0, 0, 0, 0, 0>
23;281;(11,2);;<1, 0, 0, 0, 1>
23;282;(6,17);;<1, 2, 3, 4, 4>
23;284;(14,4);outputNeighborhood;<1, 0, 0, 0, 1>
23;284;(14,4);;<1, 2, 0, 0, 2>
23;285;(14,2);outputNeighborhood;<1, 2, 3, 0, 3>
23;285;(14,2);;<1, 2, 3, 4, 4>
23;286;(13,8);;<0, 0, 0, 0, 0>
23;288;(9,1);outputNeighborhood;<1, 2, 3, 0, 3>
23;288;(9,1);;<1, 2, 3, 4, 4>
23;289;(0,12);;<1, 0, 0, 0, 1>
23;290;(19,10);;<1, 2, 3, 4, 4>
23;291;(7,19);;<1, 2, 3, 4, 4>
23;293;(8,9);;<0, 0, 0, 0, 0>
23;294;(10,11);outputNeighborhood;<1, 2, 0, 0, 2>
23;294;(10,11);;<1, 2, 3, 0, 3>
23;298;(17,18);;<1, 2, 3, 4, 4>
23;301;(14,6);outputNeighborhood;<1, 0, 0, 0, 1>
23;301;(14,6);;<1, 0, 0, 0, 1>
23;302;(8,12);;<1, 2, 3, 4, 4>
23;303;(16,6);;<1, 2, 3, 4, 4>
23;307;(15,8);outputNeighborhood;<1, 2, 3, 4, 4>
23;307;(15,8);;<1, 2, 3, 4, 4>
23;309;(4,7);;<1, 0, 0, 0, 1>
23;311;(5,7);;<0, 0, 0, 0, 0>
23;312;(12,4);;<0, 0, 0, 0, 0>
23;316;(13,7);;<0, 0, 0, 0, 0>
23;317;(13,16);;<1, 2, 3, 4, 4>
23;318;(15,7);;<1, 2, 3, 4, 4>
23;319;(17,14);;<1, 0, 0, 0, 1>
23;322;(9,8);;<0, 0, 0, 0, 0>
23;325;(3,19);outputNeighborhood;<1, 2, 3, 4, 4>
23;325;(3,19);;<1, 2, 3, 4, 4>
23;326;(4,8);outputNeighborhood;<1, 0, 0, 0, 1>
23;326;(4,8);;<1, 2, 0, 0, 2>
23;327;(5,8);;<1, 0, 0, 0, 1>
23;329;(8,3);;<0, 0, 0, 0, 0>
23;330;(6,8);;<0, 0, 0, 0, 0>
23;333;(10,8);;<0, 0, 0, 0, 0>
23;334;(16,18);outputNeighborhood;<1, 2, 3, 4, 4>
23;334;(16,18);;<1, 2, 3, 4, 4>
23;335;(6,9);;<1, 0, 0, 0, 1>
23;338;(17,15);;<0, 0, 0, 0, 0>
23;339;(17,8);;<1, 2, 3, 4, 4>
23;340;(11,10);;<1, 0, 0, 0, 1>
23;341;(16,3);;<1, 2, 3, 4, 4>
23;342;(11,9);;<0, 0, 0, 0, 0>
23;344;(6,12);;<1, 2, 3, 4, 4>
23;345;(15,2);;<1, 2, 3, 4, 4>
23;346;(4,11);outputNeighborhood;<1, 2, 3, 0, 3>
23;346;(4,11);;<1, 2, 3, 4, 4>
23;347;(0,9);;<1, 2, 3, 4, 4>
23;348;(8,11);outputNeighborhood;<1, 2, 3, 4, 4>
23;348;(8,11);;<1, 2, 3, 4, 4>
23;349;(2,9);;<1, 2, 3, 4, 4>
23;350;(3,9);;<1, 2, 3, 4, 4>
23;351;(4,9);outputNeighborhood;<1, 2, 0, 0, 2>
23;351;(4,9);;<1, 2, 3, 0, 3>
23;352;(5,9);outputNeighborhood;<1, 0, 0, 0, 1>
23;352;(5,9);;<1, 2, 0, 0, 2>
23;353;(4,10);outputNeighborhood;<1, 2, 3, 0, 3>
23;353;(4,10);;<1, 2, 3, 4, 4>
23;355;(7,9);;<0, 0, 0, 0, 0>
23;356;(5,18);outputNeighborhood;<1, 2, 3, 0, 3>
23;356;(5,18);;<1, 2, 3, 4, 4>
23;357;(15,9);outputNeighborhood;<1, 2, 3, 0, 3>
23;357;(15,9);;<1, 2, 3, 4, 4>
23;358;(17,9);;<1, 2, 3, 4, 4>
23;360;(1,10);;<1, 2, 3, 4, 4>
23;361;(13,17);;<1, 2, 3, 4, 4>
23;362;(1,14);;<0, 0, 0, 0, 0>
23;363;(2,10);;<1, 2, 3, 4, 4>
23;364;(3,10);;<1, 2, 3, 4, 4>
23;365;(5,10);;<1, 2, 3, 4, 4>
23;366;(6,10);outputNeighborhood;<1, 2, 3, 4, 4>
23;366;(6,10);;<1, 2, 3, 4, 4>
23;367;(19,11);;<1, 0, 0, 0, 1>
23;368;(15,14);;<1, 0, 0, 0, 1>
23;369;(7,10);;<1, 2, 3, 4, 4>
23;370;(8,10);outputNeighborhood;<1, 2, 3, 0, 3>
23;370;(8,10);;<1, 2, 3, 4, 4>
23;371;(9,11);outputNeighborhood;<1, 2, 3, 0, 3>
23;371;(9,11);;<1, 2, 3, 0, 3>
23;372;(10,10);outputNeighborhood;<1, 2, 0, 0, 2>
23;372;(10,10);;<1, 2, 3, 0, 3>
23;373;(12,10);;<0, 0, 0, 0, 0>
23;374;(16,12);;<0, 0, 0, 0, 0>
23;375;(13,10);outputNeighborhood;<1, 0, 0, 0, 1>
23;375;(13,10);;<1, 0, 0, 0, 1>
23;376;(7,12);;<1, 2, 3, 4, 4>
23;377;(18,18);;<1, 2, 3, 4, 4>
23;378;(15,10);outputNeighborhood;<1, 2, 0, 0, 2>
23;378;(15,10);;<1, 2, 3, 0, 3>
23;379;(16,10);outputNeighborhood;<1, 2, 3, 0, 3>
23;379;(16,10);;<1, 2, 3, 4, 4>
23;381;(2,12);outputNeighborhood;<1, 2, 0, 0, 2>
23;381;(2,12);;<1, 2, 3, 0, 3>
23;382;(12,19);;<1, 2, 3, 4, 4>
23;383;(18,10);;<1, 2, 3, 4, 4>
23;384;(9,12);;<1, 2, 3, 4, 4>
23;385;(5,11);;<1, 2, 3, 4, 4>
23;386;(16,11);;<0, 0, 0, 0, 0>
23;388;(4,6);;<0, 0, 0, 0, 0>
23;389;(6,11);;<1, 2, 3, 4, 4>
23;392;(14,11);;<0, 0, 0, 0, 0>
23;393;(18,11);;<0, 0, 0, 0, 0>
23;394;(13,1);outputNeighborhood;<1, 2, 3, 0, 3>
23;394;(13,1);;<1, 2, 3, 4, 4>
23;395;(16,8);;<1, 2, 3, 4, 4>
23;396;(10,12);;<1, 2, 3, 4, 4>
23;397;(13,11);;<1, 0, 0, 0, 1>
23;398;(11,12);;<1, 2, 3, 4, 4>
23;399;(12,12);;<1, 2, 3, 4, 4>
23;400;(15,12);;<1, 0, 0, 0, 1>
24;4;(15,19);;<1, 2, 3, 4, 4>
24;5;(14,19);;<1, 2, 3, 4, 4>
24;6;(6,19);;<1, 2, 3, 4, 4>
24;7;(5,19);;<1, 2, 3, 4, 4>
24;8;(2,19);;<1, 2, 3, 4, 4>
24;11;(14,18);;<1, 2, 3, 4, 4>
24;13;(11,18);;<1, 2, 3, 4, 4>
24;15;(6,18);;<1, 2, 3, 4, 4>
24;16;(4,18);outputNeighborhood;<1, 2, 3, 0, 3>
24;16;(4,18);;<1, 2, 3, 4, 4>
24;17;(3,18);;<1, 2, 3, 4, 4>
24;18;(2,18);;<1, 2, 3, 4, 4>
24;19;(18,17);;<1, 2, 3, 4, 4>
24;20;(17,17);;<1, 2, 3, 4, 4>
24;21;(15,17);outputNeighborhood;<1, 2, 3, 0, 3>
24;21;(15,17);;<1, 2, 3, 4, 4>
24;22;(14,17);;<1, 2, 3, 4, 4>
24;26;(5,17);;<1, 2, 3, 4, 4>
24;27;(3,17);outputNeighborhood;<1, 2, 3, 4, 4>
24;27;(3,17);;<1, 2, 3, 4, 4>
24;28;(2,17);;<1, 2, 3, 4, 4>
24;30;(19,16);;<1, 2, 3, 4, 4>
24;31;(18,16);;<1, 2, 3, 4, 4>
24;32;(17,16);outputNeighborhood;<1, 2, 3, 4, 4>
24;32;(17,16);;<1, 2, 3, 4, 4>
24;34;(7,18);;<1, 2, 3, 4, 4>
24;36;(7,16);;<1, 2, 3, 4, 4>
24;37;(5,16);outputNeighborhood;<1, 2, 3, 4, 4>
24;37;(5,16);;<1, 2, 3, 4, 4>
24;38;(4,16);outputNeighborhood;<1, 2, 3, 4, 4>
24;38;(4,16);;<1, 2, 3, 4, 4>
24;39;(1,16);;<1, 2, 3, 4, 4>
24;40;(0,16);;<1, 2, 3, 4, 4>
24;42;(16,15);outputNeighborhood;<1, 0, 0, 0, 1>
24;42;(16,15);;<1, 2, 0, 0, 2>
24;43;(14,15);;<1, 2, 3, 4, 4>
24;44;(13,15);;<1, 2, 3, 4, 4>
24;46;(6,15);;<1, 2, 3, 4, 4>
24;47;(5,15);;<1, 2, 3, 4, 4>
24;48;(4,15);;<1, 2, 3, 4, 4>
24;49;(2,15);outputNeighborhood;<1, 0, 0, 0, 1>
24;49;(2,15);;<1, 2, 0, 0, 2>
24;50;(1,15);;<1, 0, 0, 0, 1>
24;52;(14,14);;<1, 2, 3, 4, 4>
24;58;(5,14);;<1, 2, 3, 4, 4>
24;59;(4,14);;<1, 2, 3, 4, 4>
24;60;(3,14);outputNeighborhood;<1, 2, 3, 0, 3>
24;60;(3,14);;<1, 2, 3, 4, 4>
24;62;(2,14);outputNeighborhood;<1, 0, 0, 0, 1>
24;62;(2,14);;<1, 2, 0, 0, 2>
24;64;(18,13);;<0, 0, 0, 0, 0>
24;65;(16,13);;<0, 0, 0, 0, 0>
24;66;(15,13);;<1, 0, 0, 0, 1>
24;67;(14,13);;<1, 2, 3, 4, 4>
24;68;(13,13);;<1, 2, 3, 4, 4>
24;69;(12,13);;<1, 2, 3, 4, 4>
24;70;(11,13);;<1, 2, 3, 4, 4>
24;74;(5,13);;<1, 2, 3, 4, 4>
24;75;(0,15);;<0, 0, 0, 0, 0>
24;76;(4,13);;<1, 2, 3, 4, 4>
24;77;(3,13);outputNeighborhood;<1, 2, 3, 4, 4>
24;77;(3,13);;<1, 2, 3, 4, 4>
24;78;(2,13);outputNeighborhood;<1, 2, 0, 0, 2>
24;78;(2,13);;<1, 2, 3, 0, 3>
24;79;(1,13);outputNeighborhood;<1, 0, 0, 0, 1>
24;79;(1,13);;<1, 2, 0, 0, 2>
24;80;(19,12);;<1, 0, 0, 0, 1>
24;81;(18,12);;<0, 0, 0, 0, 0>
24;82;(17,12);;<0, 0, 0, 0, 0>
24;83;(10,19);;<1, 2, 3, 4, 4>
24;85;(12,0);;<1, 2, 3, 4, 4>
24;88;(19,13);;<0, 0, 0, 0, 0>
24;89;(15,5);;<1, 2, 3, 4, 4>
24;90;(13,12);;<1, 2, 3, 4, 4>
24;94;(5,4);;<1, 0, 0, 0, 1>
24;95;(4,12);;<1, 2, 3, 4, 4>
24;96;(18,14);;<0, 0, 0, 0, 0>
24;97;(1,12);outputNeighborhood;<1, 2, 0, 0, 2>
24;97;(1,12);;<1, 2, 3, 0, 3>
24;99;(9,10);outputNeighborhood;<1, 2, 3, 0, 3>
24;99;(9,10);;<1, 2, 3, 4, 4>
24;100;(2,8);;<1, 2, 3, 4, 4>
24;102;(6,4);;<0, 0, 0, 0, 0>
24;106;(10,9);;<0, 0, 0, 0, 0>
24;107;(16,4);;<1, 2, 3, 4, 4>
24;108;(8,2);;<1, 0, 0, 0, 1>
24;109;(16,19);;<1, 2, 3, 4, 4>
24;110;(13,2);outputNeighborhood;<1, 2, 3, 0, 3>
24;110;(13,2);;<1, 2, 3, 0, 3>
24;112;(6,0);;<1, 2, 3, 4, 4>
24;114;(4,4);outputNeighborhood;<1, 0, 0, 0, 1>
24;114;(4,4);;<1, 2, 0, 0, 2>
24;116;(11,19);;<1, 2, 3, 4, 4>
24;117;(14,7);outputNeighborhood;<1, 0, 0, 0, 1>
24;117;(14,7);;<1, 2, 0, 0, 2>
24;118;(3,4);;<1, 2, 3, 4, 4>
24;120;(3,12);;<1, 2, 3, 4, 4>
24;121;(16,17);outputNeighborhood;<1, 2, 3, 4, 4>
24;121;(16,17);;<1, 2, 3, 4, 4>
24;123;(13,6);;<0, 0, 0, 0, 0>
24;125;(4,19);outputNeighborhood;<1, 2, 3, 4, 4>
24;125;(4,19);;<1, 2, 3, 4, 4>
24;126;(13,3);outputNeighborhood;<1, 2, 0, 0, 2>
24;126;(13,3);;<1, 2, 3, 0, 3>
24;127;(17,10);;<1, 2, 3, 4, 4>
24;128;(15,3);;<1, 2, 3, 4, 4>
24;129;(9,3);;<0, 0, 0, 0, 0>
24;130;(6,3);;<1, 0, 0, 0, 1>
24;131;(5,3);outputNeighborhood;<1, 0, 0, 0, 1>
24;131;(5,3);;<1, 2, 0, 0, 2>
24;133;(16,9);;<1, 2, 3, 4, 4>
24;135;(0,10);;<1, 2, 3, 4, 4>
24;136;(16,14);;<1, 2, 0, 0, 2>
24;137;(2,3);;<1, 2, 3, 4, 4>
24;138;(4,5);;<1, 0, 0, 0, 1>
24;139;(13,5);;<1, 0, 0, 0, 1>
24;140;(7,1);;<1, 2, 3, 4, 4>
24;141;(11,3);;<1, 0, 0, 0, 1>
24;146;(3,7);;<1, 2, 3, 4, 4>
24;147;(3,3);;<1, 2, 3, 4, 4>
24;148;(0,11);outputNeighborhood;<1, 2, 0, 0, 2>
24;148;(0,11);;<1, 2, 3, 0, 3>
24;152;(2,2);;<1, 2, 3, 4, 4>
24;153;(3,8);;<1, 2, 3, 4, 4>
24;154;(15,16);outputNeighborhood;<1, 2, 0, 0, 2>
24;154;(15,16);;<1, 2, 3, 0, 3>
24;155;(6,1);;<1, 2, 3, 4, 4>
24;156;(9,9);;<0, 0, 0, 0, 0>
24;158;(8,1);;<1, 2, 3, 4, 4>
24;159;(7,2);;<1, 0, 0, 0, 1>
24;161;(4,3);outputNeighborhood;<1, 2, 0, 0, 2>
24;161;(4,3);;<1, 2, 3, 0, 3>
24;162;(5,1);outputNeighborhood;<1, 2, 3, 4, 4>
24;162;(5,1);;<1, 2, 3, 4, 4>
24;163;(15,18);outputNeighborhood;<1, 2, 3, 4, 4>
24;163;(15,18);;<1, 2, 3, 4, 4>
24;168;(14,16);;<1, 2, 3, 4, 4>
24;169;(6,7);;<0, 0, 0, 0, 0>
24;170;(9,0);;<1, 2, 3, 4, 4>
24;171;(14,3);outputNeighborhood;<1, 2, 3, 0, 3>
24;171;(14,3);;<1, 2, 3, 4, 4>
24;174;(1,17);;<1, 2, 3, 4, 4>
24;175;(2,4);;<1, 2, 3, 4, 4>
24;176;(13,4);outputNeighborhood;<1, 0, 0, 0, 1>
24;176;(13,4);;<1, 2, 0, 0, 2>
24;178;(16,2);;<1, 2, 3, 4, 4>
24;180;(15,4);;<1, 2, 3, 4, 4>
24;182;(15,15);outputNeighborhood;<1, 0, 0, 0, 1>
24;182;(15,15);;<1, 2, 0, 0, 2>
24;183;(4,1);outputNeighborhood;<1, 2, 3, 4, 4>
24;183;(4,1);;<1, 2, 3, 4, 4>
24;185;(4,2);outputNeighborhood;<1, 2, 3, 0, 3>
24;185;(4,2);;<1, 2, 3, 4, 4>
24;186;(2,1);;<1, 2, 3, 4, 4>
24;190;(16,5);;<1, 2, 3, 4, 4>
24;192;(15,0);;<1, 2, 3, 4, 4>
24;193;(16,16);outputNeighborhood;<1, 2, 3, 0, 3>
24;193;(16,16);;<1, 2, 3, 4, 4>
24;194;(2,11);;<1, 2, 3, 0, 3>
24;195;(10,13);;<1, 2, 3, 4, 4>
24;197;(1,11);outputNeighborhood;<1, 2, 3, 0, 3>
24;197;(1,11);;<1, 2, 3, 4, 4>
24;198;(7,11);;<1, 2, 3, 4, 4>
24;199;(3,1);;<1, 2, 3, 4, 4>
24;200;(3,15);outputNeighborhood;<1, 2, 0, 0, 2>
24;200;(3,15);;<1, 2, 3, 0, 3>
24;201;(5,2);outputNeighborhood;<1, 2, 0, 0, 2>
24;201;(5,2);;<1, 2, 3, 0, 3>
24;202;(17,11);;<0, 0, 0, 0, 0>
24;203;(7,8);;<0, 0, 0, 0, 0>
24;204;(7,0);;<1, 2, 3, 4, 4>
24;206;(2,16);outputNeighborhood;<1, 2, 3, 4, 4>
24;206;(2,16);;<1, 2, 3, 4, 4>
24;207;(12,3);outputNeighborhood;<1, 0, 0, 0, 1>
24;207;(12,3);;<1, 2, 0, 0, 2>
24;208;(9,19);;<1, 2, 3, 4, 4>
24;210;(14,8);;<1, 0, 0, 0, 1>
24;211;(12,5);;<0, 0, 0, 0, 0>
24;212;(7,3);;<0, 0, 0, 0, 0>
24;214;(13,14);;<1, 2, 3, 4, 4>
24;215;(5,12);;<1, 2, 3, 4, 4>
24;216;(5,0);outputNeighborhood;<1, 2, 3, 4, 4>
24;216;(5,0);;<1, 2, 3, 4, 4>
24;217;(1,9);;<1, 2, 3, 4, 4>
24;218;(13,19);;<1, 2, 3, 4, 4>
24;219;(3,16);outputNeighborhood;<1, 2, 3, 0, 3>
24;219;(3,16);;<1, 2, 3, 4, 4>
24;220;(0,13);;<1, 0, 0, 0, 1>
24;222;(10,0);;<1, 2, 3, 4, 4>
24;224;(3,11);;<1, 2, 3, 4, 4>
24;225;(8,0);;<1, 2, 3, 4, 4>
24;226;(14,9);;<1, 0, 0, 0, 1>
24;227;(11,4);;<0, 0, 0, 0, 0>
24;228;(12,9);;<0, 0, 0, 0, 0>
24;230;(10,3);;<0, 0, 0, 0, 0>
24;232;(18,15);;<0, 0, 0, 0, 0>
24;233;(12,11);outputNeighborhood;<1, 0, 0, 0, 1>
24;233;(12,11);;<1, 2, 0, 0, 2>
24;234;(17,13);;<0, 0, 0, 0, 0>
24;235;(14,12);;<1, 2, 3, 4, 4>
24;236;(4,0);outputNeighborhood;<1, 2, 3, 4, 4>
24;236;(4,0);;<1, 2, 3, 4, 4>
24;238;(3,6);;<1, 2, 3, 4, 4>
24;239;(12,2);outputNeighborhood;<1, 2, 0, 0, 2>
24;239;(12,2);;<1, 2, 3, 0, 3>
24;240;(13,0);;<1, 2, 3, 4, 4>
24;241;(11,1);;<1, 2, 3, 0, 3>
24;242;(10,1);outputNeighborhood;<1, 2, 3, 0, 3>
24;242;(10,1);;<1, 2, 3, 4, 4>
24;243;(15,6);;<1, 2, 3, 4, 4>
24;246;(11,11);outputNeighborhood;<1, 2, 0, 0, 2>
24;246;(11,11);;<1, 2, 3, 0, 3>
24;247;(15,11);;<1, 0, 0, 0, 1>
24;249;(14,0);;<1, 2, 3, 4, 4>
24;250;(12,1);outputNeighborhood;<1, 2, 3, 4, 4>
24;250;(12,1);;<1, 2, 3, 4, 4>
24;251;(6,16);;<1, 2, 3, 4, 4>
24;254;(15,1);;<1, 2, 3, 4, 4>
24;256;(2,7);;<1, 2, 3, 4, 4>
24;257;(9,2);;<0, 0, 0, 0, 0>
24;258;(11,0);outputNeighborhood;<1, 2, 3, 4, 4>
24;258;(11,0);;<1, 2, 3, 4, 4>
24;261;(0,14);;<0, 0, 0, 0, 0>
24;262;(13,9);;<0, 0, 0, 0, 0>
24;263;(14,10);outputNeighborhood;<1, 0, 0, 0, 1>
24;263;(14,10);;<1, 2, 0, 0, 2>
24;264;(3,0);;<1, 2, 3, 4, 4>
24;265;(3,5);;<1, 2, 3, 4, 4>
24;267;(3,2);;<1, 2, 3, 4, 4>
24;268;(4,17);outputNeighborhood;<1, 2, 3, 0, 3>
24;268;(4,17);;<1, 2, 3, 4, 4>
24;270;(6,2);outputNeighborhood;<1, 0, 0, 0, 1>
24;270;(6,2);;<1, 2, 0, 0, 2>
24;272;(14,5);outputNeighborhood;<1, 0, 0, 0, 1>
24;272;(14,5);;<1, 2, 0, 0, 2>
24;273;(2,0);;<1, 2, 3, 4, 4>
24;275;(14,1);;<1, 2, 3, 4, 4>
24;276;(13,18);;<1, 2, 3, 4, 4>
24;278;(16,7);;<1, 2, 3, 4, 4>
24;279;(8,8);;<0, 0, 0, 0, 0>
24;280;(10,2);;<1, 0, 0, 0, 1>
24;281;(11,2);outputNeighborhood;<1, 0, 0, 0, 1>
24;281;(11,2);;<1, 2, 0, 0, 2>
24;282;(6,17);;<1, 2, 3, 4, 4>
24;283;(19,14);;<0, 0, 0, 0, 0>
24;284;(14,4);outputNeighborhood;<1, 2, 0, 0, 2>
24;284;(14,4);;<1, 2, 3, 0, 3>
24;285;(14,2);outputNeighborhood;<1, 2, 3, 4, 4>
24;285;(14,2);;<1, 2, 3, 4, 4>
24;286;(13,8);;<0, 0, 0, 0, 0>
24;288;(9,1);outputNeighborhood;<1, 2, 3, 4, 4>
24;288;(9,1);;<1, 2, 3, 4, 4>
24;289;(0,12);outputNeighborhood;<1, 0, 0, 0, 1>
24;289;(0,12);;<1, 2, 0, 0, 2>
24;290;(19,10);;<1, 2, 3, 4, 4>
24;293;(8,9);;<0, 0, 0, 0, 0>
24;294;(10,11);outputNeighborhood;<1, 2, 3, 0, 3>
24;294;(10,11);;<1, 2, 3, 4, 4>
24;298;(17,18);;<1, 2, 3, 4, 4>
24;301;(14,6);;<1, 2, 0, 0, 2>
24;302;(8,12);;<1, 2, 3, 4, 4>
24;307;(15,8);;<1, 2, 3, 4, 4>
24;309;(4,7);outputNeighborhood;<1, 0, 0, 0, 1>
24;309;(4,7);;<1, 2, 0, 0, 2>
24;311;(5,7);;<1, 0, 0, 0, 1>
24;312;(12,4);;<1, 0, 0, 0, 1>
24;315;(12,7);;<0, 0, 0, 0, 0>
24;316;(13,7);;<0, 0, 0, 0, 0>
24;317;(13,16);;<1, 2, 3, 4, 4>
24;318;(15,7);;<1, 2, 3, 4, 4>
24;319;(17,14);outputNeighborhood;<1, 0, 0, 0, 1>
24;319;(17,14);;<1, 0, 0, 0, 1>
24;322;(9,8);;<0, 0, 0, 0, 0>
24;325;(3,19);;<1, 2, 3, 4, 4>
24;326;(4,8);outputNeighborhood;<1, 2, 0, 0, 2>
24;326;(4,8);;<1, 2, 3, 0, 3>
24;327;(5,8);outputNeighborhood;<1, 0, 0, 0, 1>
24;327;(5,8);;<1, 2, 0, 0, 2>
24;328;(5,5);;<0, 0, 0, 0, 0>
24;330;(6,8);;<1, 0, 0, 0, 1>
24;333;(10,8);;<0, 0, 0, 0, 0>
24;334;(16,18);;<1, 2, 3, 4, 4>
24;335;(6,9);outputNeighborhood;<1, 0, 0, 0, 1>
24;335;(6,9);;<1, 2, 0, 0, 2>
24;336;(11,8);;<0, 0, 0, 0, 0>
24;338;(17,15);;<1, 0, 0, 0, 1>
24;340;(11,10);outputNeighborhood;<1, 0, 0, 0, 1>
24;340;(11,10);;<1, 2, 0, 0, 2>
24;341;(16,3);;<1, 2, 3, 4, 4>
24;342;(11,9);;<1, 0, 0, 0, 1>
24;345;(15,2);;<1, 2, 3, 4, 4>
24;346;(4,11);outputNeighborhood;<1, 2, 3, 4, 4>
24;346;(4,11);;<1, 2, 3, 4, 4>
24;347;(0,9);;<1, 2, 3, 4, 4>
24;348;(8,11);;<1, 2, 3, 4, 4>
24;349;(2,9);;<1, 2, 3, 4, 4>
24;350;(3,9);;<1, 2, 3, 4, 4>
24;351;(4,9);outputNeighborhood;<1, 2, 3, 0, 3>
24;351;(4,9);;<1, 2, 3, 4, 4>
24;352;(5,9);outputNeighborhood;<1, 2, 0, 0, 2>
24;352;(5,9);;<1, 2, 3, 0, 3>
24;353;(4,10);outputNeighborhood;<1, 2, 3, 4, 4>
24;353;(4,10);;<1, 2, 3, 4, 4>
24;355;(7,9);;<1, 0, 0, 0, 1>
24;356;(5,18);outputNeighborhood;<1, 2, 3, 4, 4>
24;356;(5,18);;<1, 2, 3, 4, 4>
24;357;(15,9);outputNeighborhood;<1, 2, 3, 4, 4>
24;357;(15,9);;<1, 2, 3, 4, 4>
24;358;(17,9);;<1, 2, 3, 4, 4>
24;359;(19,9);;<1, 2, 3, 4, 4>
24;360;(1,10);;<1, 2, 3, 4, 4>
24;361;(13,17);;<1, 2, 3, 4, 4>
24;362;(1,14);;<1, 0, 0, 0, 1>
24;363;(2,10);;<1, 2, 3, 4, 4>
24;364;(3,10);;<1, 2, 3, 4, 4>
24;365;(5,10);outputNeighborhood;<1, 2, 3, 4, 4>
24;365;(5,10);;<1, 2, 3, 4, 4>
24;366;(6,10);;<1, 2, 3, 4, 4>
24;367;(19,11);outputNeighborhood;<1, 0, 0, 0, 1>
24;367;(19,11);;<1, 2, 0, 0, 2>
24;368;(15,14);outputNeighborhood;<1, 0, 0, 0, 1>
24;368;(15,14);;<1, 2, 0, 0, 2>
24;369;(7,10);outputNeighborhood;<1, 2, 3, 4, 4>
24;369;(7,10);;<1, 2, 3, 4, 4>
24;370;(8,10);outputNeighborhood;<1, 2, 3, 4, 4>
24;370;(8,10);;<1, 2, 3, 4, 4>
24;371;(9,11);;<1, 2, 3, 4, 4>
24;372;(10,10);outputNeighborhood;<1, 2, 3, 0, 3>
24;372;(10,10);;<1, 2, 3, 0, 3>
24;373;(12,10);;<1, 0, 0, 0, 1>
24;374;(16,12);;<0, 0, 0, 0, 0>
24;375;(13,10);;<1, 2, 0, 0, 2>
24;376;(7,12);;<1, 2, 3, 4, 4>
24;378;(15,10);outputNeighborhood;<1, 2, 3, 0, 3>
24;378;(15,10);;<1, 2, 3, 0, 3>
24;379;(16,10);outputNeighborhood;<1, 2, 3, 4, 4>
24;379;(16,10);;<1, 2, 3, 4, 4>
24;381;(2,12);outputNeighborhood;<1, 2, 3, 0, 3>
24;381;(2,12);;<1, 2, 3, 4, 4>
24;382;(12,19);;<1, 2, 3, 4, 4>
24;383;(18,10);;<1, 2, 3, 4, 4>
24;384;(9,12);;<1, 2, 3, 4, 4>
24;385;(5,11);;<1, 2, 3, 4, 4>
24;386;(16,11);;<0, 0, 0, 0, 0>
24;388;(4,6);;<1, 0, 0, 0, 1>
24;389;(6,11);;<1, 2, 3, 4, 4>
24;391;(5,6);;<0, 0, 0, 0, 0>
24;392;(14,11);;<1, 0, 0, 0, 1>
24;393;(18,11);;<1, 0, 0, 0, 1>
24;394;(13,1);outputNeighborhood;<1, 2, 3, 4, 4>
24;394;(13,1);;<1, 2, 3, 4, 4>
24;395;(16,8);;<1, 2, 3, 4, 4>
24;396;(10,12);;<1, 2, 3, 4, 4>
24;397;(13,11);outputNeighborhood;<1, 0, 0, 0, 1>
24;397;(13,11);;<1, 2, 0, 0, 2>
24;398;(11,12);;<1, 2, 3, 4, 4>
24;399;(12,12);;<1, 2, 3, 4, 4>
24;400;(15,12);outputNeighborhood;<1, 0, 0, 0, 1>
24;400;(15,12);;<1, 0, 0, 0, 1>
25;4;(15,19);;<1, 2, 3, 4, 4>
25;7;(5,19);;<1, 2, 3, 4, 4>
25;11;(14,18);;<1, 2, 3, 4, 4>
25;15;(6,18);;<1, 2, 3, 4, 4>
25;16;(4,18);outputNeighborhood;<1, 2, 3, 4, 4>
25;16;(4,18);;<1, 2, 3, 4, 4>
25;17;(3,18);;<1, 2, 3, 4, 4>
25;18;(2,18);;<1, 2, 3, 4, 4>
25;20;(17,17);;<1, 2, 3, 4, 4>
25;21;(15,17);outputNeighborhood;<1, 2, 3, 4, 4>
25;21;(15,17);;<1, 2, 3, 4, 4>
25;22;(14,17);;<1, 2, 3, 4, 4>
25;25;(7,17);;<1, 2, 3, 4, 4>
25;26;(5,17);outputNeighborhood;<1, 2, 3, 4, 4>
25;26;(5,17);;<1, 2, 3, 4, 4>
25;27;(3,17);;<1, 2, 3, 4, 4>
25;28;(2,17);;<1, 2, 3, 4, 4>
25;31;(18,16);;<1, 2, 3, 4, 4>
25;32;(17,16);;<1, 2, 3, 4, 4>
25;37;(5,16);;<1, 2, 3, 4, 4>
25;38;(4,16);;<1, 2, 3, 4, 4>
25;39;(1,16);;<1, 2, 3, 4, 4>
25;40;(0,16);;<1, 2, 3, 4, 4>
25;41;(19,15);;<0, 0, 0, 0, 0>
25;42;(16,15);outputNeighborhood;<1, 2, 0, 0, 2>
25;42;(16,15);;<1, 2, 3, 0, 3>
25;43;(14,15);;<1, 2, 3, 4, 4>
25;44;(13,15);;<1, 2, 3, 4, 4>
25;47;(5,15);;<1, 2, 3, 4, 4>
25;48;(4,15);;<1, 2, 3, 4, 4>
25;49;(2,15);outputNeighborhood;<1, 2, 0, 0, 2>
25;49;(2,15);;<1, 2, 3, 0, 3>
25;50;(1,15);outputNeighborhood;<1, 0, 0, 0, 1>
25;50;(1,15);;<1, 2, 0, 0, 2>
25;52;(14,14);;<1, 2, 3, 4, 4>
25;58;(5,14);;<1, 2, 3, 4, 4>
25;59;(4,14);;<1, 2, 3, 4, 4>
25;60;(3,14);outputNeighborhood;<1, 2, 3, 4, 4>
25;60;(3,14);;<1, 2, 3, 4, 4>
25;62;(2,14);outputNeighborhood;<1, 2, 0, 0, 2>
25;62;(2,14);;<1, 2, 3, 0, 3>
25;64;(18,13);;<0, 0, 0, 0, 0>
25;65;(16,13);;<1, 0, 0, 0, 1>
25;66;(15,13);outputNeighborhood;<1, 0, 0, 0, 1>
25;66;(15,13);;<1, 2, 0, 0, 2>
25;67;(14,13);;<1, 2, 3, 4, 4>
25;68;(13,13);;<1, 2, 3, 4, 4>
25;69;(12,13);;<1, 2, 3, 4, 4>
25;70;(11,13);;<1, 2, 3, 4, 4>
25;71;(9,13);;<1, 2, 3, 4, 4>
25;75;(0,15);;<1, 0, 0, 0, 1>
25;76;(4,13);;<1, 2, 3, 4, 4>
25;77;(3,13);;<1, 2, 3, 4, 4>
25;78;(2,13);outputNeighborhood;<1, 2, 3, 0, 3>
25;78;(2,13);;<1, 2, 3, 0, 3>
25;79;(1,13);outputNeighborhood;<1, 2, 0, 0, 2>
25;79;(1,13);;<1, 2, 3, 0, 3>
25;80;(19,12);outputNeighborhood;<1, 0, 0, 0, 1>
25;80;(19,12);;<1, 2, 0, 0, 2>
25;81;(18,12);;<1, 0, 0, 0, 1>
25;82;(17,12);;<0, 0, 0, 0, 0>
25;83;(10,19);;<1, 2, 3, 4, 4>
25;84;(6,6);;<0, 0, 0, 0, 0>
25;85;(12,0);;<1, 2, 3, 4, 4>
25;88;(19,13);;<1, 0, 0, 0, 1>
25;89;(15,5);;<1, 2, 3, 4, 4>
25;90;(13,12);;<1, 2, 3, 4, 4>
25;94;(5,4);outputNeighborhood;<1, 0, 0, 0, 1>
25;94;(5,4);;<1, 2, 0, 0, 2>
25;95;(4,12);;<1, 2, 3, 4, 4>
25;96;(18,14);;<0, 0, 0, 0, 0>
25;97;(1,12);outputNeighborhood;<1, 2, 3, 0, 3>
25;97;(1,12);;<1, 2, 3, 4, 4>
25;99;(9,10);outputNeighborhood;<1, 2, 3, 4, 4>
25;99;(9,10);;<1, 2, 3, 4, 4>
25;100;(2,8);;<1, 2, 3, 4, 4>
25;102;(6,4);;<1, 0, 0, 0, 1>
25;106;(10,9);;<1, 0, 0, 0, 1>
25;107;(16,4);;<1, 2, 3, 4, 4>
25;108;(8,2);outputNeighborhood;<1, 0, 0, 0, 1>
25;108;(8,2);;<1, 2, 0, 0, 2>
25;110;(13,2);;<1, 2, 3, 4, 4>
25;111;(7,4);;<0, 0, 0, 0, 0>
25;112;(6,0);;<1, 2, 3, 4, 4>
25;114;(4,4);outputNeighborhood;<1, 2, 0, 0, 2>
25;114;(4,4);;<1, 2, 3, 0, 3>
25;116;(11,19);;<1, 2, 3, 4, 4>
25;117;(14,7);outputNeighborhood;<1, 2, 0, 0, 2>
25;117;(14,7);;<1, 2, 3, 0, 3>
25;118;(3,4);;<1, 2, 3, 4, 4>
25;120;(3,12);;<1, 2, 3, 4, 4>
25;121;(16,17);;<1, 2, 3, 4, 4>
25;123;(13,6);;<1, 0, 0, 0, 1>
25;125;(4,19);;<1, 2, 3, 4, 4>
25;126;(13,3);outputNeighborhood;<1, 2, 3, 0, 3>
25;126;(13,3);;<1, 2, 3, 4, 4>
25;127;(17,10);;<1, 2, 3, 4, 4>
25;128;(15,3);;<1, 2, 3, 4, 4>
25;129;(9,3);;<0, 0, 0, 0, 0>
25;130;(6,3);outputNeighborhood;<1, 0, 0, 0, 1>
25;130;(6,3);;<1, 2, 0, 0, 2>
25;131;(5,3);outputNeighborhood;<1, 2, 0, 0, 2>
25;131;(5,3);;<1, 2, 3, 0, 3>
25;132;(6,5);;<0, 0, 0, 0, 0>
25;133;(16,9);;<1, 2, 3, 4, 4>
25;135;(0,10);;<1, 2, 3, 4, 4>
25;136;(16,14);outputNeighborhood;<1, 2, 0, 0, 2>
25;136;(16,14);;<1, 2, 3, 0, 3>
25;137;(2,3);;<1, 2, 3, 4, 4>
25;138;(4,5);outputNeighborhood;<1, 0, 0, 0, 1>
25;138;(4,5);;<1, 2, 0, 0, 2>
25;139;(13,5);outputNeighborhood;<1, 0, 0, 0, 1>
25;139;(13,5);;<1, 2, 0, 0, 2>
25;140;(7,1);;<1, 2, 3, 4, 4>
25;141;(11,3);outputNeighborhood;<1, 0, 0, 0, 1>
25;141;(11,3);;<1, 2, 0, 0, 2>
25;146;(3,7);;<1, 2, 3, 4, 4>
25;147;(3,3);;<1, 2, 3, 4, 4>
25;148;(0,11);outputNeighborhood;<1, 2, 3, 0, 3>
25;148;(0,11);;<1, 2, 3, 4, 4>
25;149;(2,5);;<1, 2, 3, 4, 4>
25;150;(18,9);;<1, 2, 3, 4, 4>
25;152;(2,2);;<1, 2, 3, 4, 4>
25;153;(3,8);;<1, 2, 3, 4, 4>
25;154;(15,16);outputNeighborhood;<1, 2, 3, 0, 3>
25;154;(15,16);;<1, 2, 3, 4, 4>
25;155;(6,1);;<1, 2, 3, 4, 4>
25;156;(9,9);;<0, 0, 0, 0, 0>
25;158;(8,1);;<1, 2, 3, 4, 4>
25;159;(7,2);outputNeighborhood;<1, 0, 0, 0, 1>
25;159;(7,2);;<1, 2, 0, 0, 2>
25;161;(4,3);outputNeighborhood;<1, 2, 3, 0, 3>
25;161;(4,3);;<1, 2, 3, 4, 4>
25;162;(5,1);;<1, 2, 3, 4, 4>
25;163;(15,18);;<1, 2, 3, 4, 4>
25;164;(7,7);;<0, 0, 0, 0, 0>
25;165;(11,7);;<0, 0, 0, 0, 0>
25;166;(12,6);;<0, 0, 0, 0, 0>
25;168;(14,16);;<1, 2, 3, 4, 4>
25;169;(6,7);;<1, 0, 0, 0, 1>
25;170;(9,0);;<1, 2, 3, 4, 4>
25;171;(14,3);outputNeighborhood;<1, 2, 3, 4, 4>
25;171;(14,3);;<1, 2, 3, 4, 4>
25;174;(1,17);;<1, 2, 3, 4, 4>
25;175;(2,4);;<1, 2, 3, 4, 4>
25;176;(13,4);outputNeighborhood;<1, 2, 0, 0, 2>
25;176;(13,4);;<1, 2, 3, 0, 3>
25;180;(15,4);;<1, 2, 3, 4, 4>
25;182;(15,15);outputNeighborhood;<1, 2, 0, 0, 2>
25;182;(15,15);;<1, 2, 3, 0, 3>
25;183;(4,1);;<1, 2, 3, 4, 4>
25;184;(10,18);;<1, 2, 3, 4, 4>
25;185;(4,2);outputNeighborhood;<1, 2, 3, 4, 4>
25;185;(4,2);;<1, 2, 3, 4, 4>
25;190;(16,5);;<1, 2, 3, 4, 4>
25;193;(16,16);outputNeighborhood;<1, 2, 3, 4, 4>
25;193;(16,16);;<1, 2, 3, 4, 4>
25;194;(2,11);;<1, 2, 3, 0, 3>
25;195;(10,13);;<1, 2, 3, 4, 4>
25;197;(1,11);outputNeighborhood;<1, 2, 3, 4, 4>
25;197;(1,11);;<1, 2, 3, 4, 4>
25;198;(7,11);;<1, 2, 3, 4, 4>
25;199;(3,1);;<1, 2, 3, 4, 4>
25;200;(3,15);outputNeighborhood;<1, 2, 3, 0, 3>
25;200;(3,15);;<1, 2, 3, 4, 4>
25;201;(5,2);outputNeighborhood;<1, 2, 3, 0, 3>
25;201;(5,2);;<1, 2, 3, 4, 4>
25;202;(17,11);;<1, 0, 0, 0, 1>
25;203;(7,8);;<1, 0, 0, 0, 1>
25;204;(7,0);;<1, 2, 3, 4, 4>
25;206;(2,16);;<1, 2, 3, 4, 4>
25;207;(12,3);outputNeighborhood;<1, 2, 0, 0, 2>
25;207;(12,3);;<1, 2, 3, 0, 3>
25;208;(9,19);;<1, 2, 3, 4, 4>
25;210;(14,8);outputNeighborhood;<1, 0, 0, 0, 1>
25;210;(14,8);;<1, 2, 0, 0, 2>
25;211;(12,5);;<1, 0, 0, 0, 1>
25;212;(7,3);;<1, 0, 0, 0, 1>
25;214;(13,14);;<1, 2, 3, 4, 4>
25;216;(5,0);;<1, 2, 3, 4, 4>
25;217;(1,9);;<1, 2, 3, 4, 4>
25;219;(3,16);outputNeighborhood;<1, 2, 3, 4, 4>
25;219;(3,16);;<1, 2, 3, 4, 4>
25;220;(0,13);outputNeighborhood;<1, 0, 0, 0, 1>
25;220;(0,13);;<1, 2, 0, 0, 2>
25;222;(10,0);outputNeighborhood;<1, 2, 3, 4, 4>
25;222;(10,0);;<1, 2, 3, 4, 4>
25;224;(3,11);;<1, 2, 3, 4, 4>
25;225;(8,0);;<1, 2, 3, 4, 4>
25;226;(14,9);outputNeighborhood;<1, 0, 0, 0, 1>
25;226;(14,9);;<1, 2, 0, 0, 2>
25;227;(11,4);;<1, 0, 0, 0, 1>
25;228;(12,9);;<1, 0, 0, 0, 1>
25;230;(10,3);;<1, 0, 0, 0, 1>
25;232;(18,15);;<1, 0, 0, 0, 1>
25;233;(12,11);outputNeighborhood;<1, 2, 0, 0, 2>
25;233;(12,11);;<1, 2, 3, 0, 3>
25;234;(17,13);;<0, 0, 0, 0, 0>
25;235;(14,12);;<1, 2, 3, 4, 4>
25;236;(4,0);;<1, 2, 3, 4, 4>
25;238;(3,6);;<1, 2, 3, 4, 4>
25;239;(12,2);outputNeighborhood;<1, 2, 3, 0, 3>
25;239;(12,2);;<1, 2, 3, 0, 3>
25;241;(11,1);;<1, 2, 3, 4, 4>
25;242;(10,1);outputNeighborhood;<1, 2, 3, 4, 4>
25;242;(10,1);;<1, 2, 3, 4, 4>
25;243;(15,6);;<1, 2, 3, 4, 4>
25;245;(2,6);;<1, 2, 3, 4, 4>
25;246;(11,11);outputNeighborhood;<1, 2, 3, 0, 3>
25;246;(11,11);;<1, 2, 3, 4, 4>
25;247;(15,11);outputNeighborhood;<1, 0, 0, 0, 1>
25;247;(15,11);;<1, 2, 0, 0, 2>
25;250;(12,1);;<1, 2, 3, 4, 4>
25;251;(6,16);;<1, 2, 3, 4, 4>
25;256;(2,7);;<1, 2, 3, 4, 4>
25;257;(9,2);;<1, 0, 0, 0, 1>
25;258;(11,0);;<1, 2, 3, 4, 4>
25;261;(0,14);;<1, 0, 0, 0, 1>
25;262;(13,9);;<1, 0, 0, 0, 1>
25;263;(14,10);outputNeighborhood;<1, 2, 0, 0, 2>
25;263;(14,10);;<1, 2, 3, 0, 3>
25;265;(3,5);;<1, 2, 3, 4, 4>
25;267;(3,2);;<1, 2, 3, 4, 4>
25;268;(4,17);outputNeighborhood;<1, 2, 3, 4, 4>
25;268;(4,17);;<1, 2, 3, 4, 4>
25;270;(6,2);outputNeighborhood;<1, 2, 0, 0, 2>
25;270;(6,2);;<1, 2, 3, 0, 3>
25;272;(14,5);outputNeighborhood;<1, 2, 0, 0, 2>
25;272;(14,5);;<1, 2, 3, 0, 3>
25;275;(14,1);;<1, 2, 3, 4, 4>
25;278;(16,7);;<1, 2, 3, 4, 4>
25;279;(8,8);;<0, 0, 0, 0, 0>
25;280;(10,2);outputNeighborhood;<1, 0, 0, 0, 1>
25;280;(10,2);;<1, 2, 0, 0, 2>
25;281;(11,2);outputNeighborhood;<1, 2, 0, 0, 2>
25;281;(11,2);;<1, 2, 3, 0, 3>
25;282;(6,17);;<1, 2, 3, 4, 4>
25;283;(19,14);;<0, 0, 0, 0, 0>
25;284;(14,4);outputNeighborhood;<1, 2, 3, 0, 3>
25;284;(14,4);;<1, 2, 3, 4, 4>
25;285;(14,2);;<1, 2, 3, 4, 4>
25;286;(13,8);;<0, 0, 0, 0, 0>
25;288;(9,1);;<1, 2, 3, 4, 4>
25;289;(0,12);outputNeighborhood;<1, 2, 0, 0, 2>
25;289;(0,12);;<1, 2, 3, 0, 3>
25;290;(19,10);;<1, 2, 3, 4, 4>
25;293;(8,9);;<1, 0, 0, 0, 1>
25;294;(10,11);outputNeighborhood;<1, 2, 3, 4, 4>
25;294;(10,11);;<1, 2, 3, 4, 4>
25;301;(14,6);outputNeighborhood;<1, 2, 0, 0, 2>
25;301;(14,6);;<1, 2, 3, 0, 3>
25;302;(8,12);;<1, 2, 3, 4, 4>
25;303;(16,6);;<1, 2, 3, 4, 4>
25;307;(15,8);;<1, 2, 3, 4, 4>
25;309;(4,7);outputNeighborhood;<1, 2, 0, 0, 2>
25;309;(4,7);;<1, 2, 3, 0, 3>
25;311;(5,7);outputNeighborhood;<1, 0, 0, 0, 1>
25;311;(5,7);;<1, 2, 0, 0, 2>
25;312;(12,4);outputNeighborhood;<1, 0, 0, 0, 1>
25;312;(12,4);;<1, 2, 0, 0, 2>
25;315;(12,7);;<0, 0, 0, 0, 0>
25;316;(13,7);;<0, 0, 0, 0, 0>
25;317;(13,16);;<1, 2, 3, 4, 4>
25;318;(15,7);;<1, 2, 3, 4, 4>
25;319;(17,14);;<1, 2, 0, 0, 2>
25;322;(9,8);;<0, 0, 0, 0, 0>
25;323;(10,4);;<0, 0, 0, 0, 0>
25;325;(3,19);;<1, 2, 3, 4, 4>
25;326;(4,8);outputNeighborhood;<1, 2, 3, 0, 3>
25;326;(4,8);;<1, 2, 3, 0, 3>
25;327;(5,8);outputNeighborhood;<1, 2, 0, 0, 2>
25;327;(5,8);;<1, 2, 3, 0, 3>
25;328;(5,5);;<1, 0, 0, 0, 1>
25;329;(8,3);;<0, 0, 0, 0, 0>
25;330;(6,8);outputNeighborhood;<1, 0, 0, 0, 1>
25;330;(6,8);;<1, 2, 0, 0, 2>
25;333;(10,8);;<0, 0, 0, 0, 0>
25;334;(16,18);;<1, 2, 3, 4, 4>
25;335;(6,9);outputNeighborhood;<1, 2, 0, 0, 2>
25;335;(6,9);;<1, 2, 3, 0, 3>
25;336;(11,8);;<0, 0, 0, 0, 0>
25;337;(12,8);;<0, 0, 0, 0, 0>
25;338;(17,15);outputNeighborhood;<1, 0, 0, 0, 1>
25;338;(17,15);;<1, 2, 0, 0, 2>
25;340;(11,10);outputNeighborhood;<1, 2, 0, 0, 2>
25;340;(11,10);;<1, 2, 3, 0, 3>
25;341;(16,3);;<1, 2, 3, 4, 4>
25;342;(11,9);outputNeighborhood;<1, 0, 0, 0, 1>
25;342;(11,9);;<1, 0, 0, 0, 1>
25;345;(15,2);;<1, 2, 3, 4, 4>
25;346;(4,11);;<1, 2, 3, 4, 4>
25;347;(0,9);;<1, 2, 3, 4, 4>
25;348;(8,11);;<1, 2, 3, 4, 4>
25;349;(2,9);;<1, 2, 3, 4, 4>
25;350;(3,9);;<1, 2, 3, 4, 4>
25;351;(4,9);outputNeighborhood;<1, 2, 3, 4, 4>
25;351;(4,9);;<1, 2, 3, 4, 4>
25;352;(5,9);outputNeighborhood;<1, 2, 3, 0, 3>
25;352;(5,9);;<1, 2, 3, 4, 4>
25;353;(4,10);;<1, 2, 3, 4, 4>
25;354;(8,4);;<0, 0, 0, 0, 0>
25;355;(7,9);outputNeighborhood;<1, 0, 0, 0, 1>
25;355;(7,9);;<1, 2, 0, 0, 2>
25;356;(5,18);;<1, 2, 3, 4, 4>
25;357;(15,9);;<1, 2, 3, 4, 4>
25;359;(19,9);;<1, 2, 3, 4, 4>
25;360;(1,10);;<1, 2, 3, 4, 4>
25;361;(13,17);;<1, 2, 3, 4, 4>
25;362;(1,14);outputNeighborhood;<1, 0, 0, 0, 1>
25;362;(1,14);;<1, 2, 0, 0, 2>
25;363;(2,10);;<1, 2, 3, 4, 4>
25;364;(3,10);;<1, 2, 3, 4, 4>
25;365;(5,10);;<1, 2, 3, 4, 4>
25;366;(6,10);;<1, 2, 3, 4, 4>
25;367;(19,11);outputNeighborhood;<1, 2, 0, 0, 2>
25;367;(19,11);;<1, 2, 3, 0, 3>
25;368;(15,14);outputNeighborhood;<1, 2, 0, 0, 2>
25;368;(15,14);;<1, 2, 3, 0, 3>
25;369;(7,10);;<1, 2, 3, 4, 4>
25;370;(8,10);;<1, 2, 3, 4, 4>
25;371;(9,11);outputNeighborhood;<1, 2, 3, 4, 4>
25;371;(9,11);;<1, 2, 3, 4, 4>
25;372;(10,10);;<1, 2, 3, 4, 4>
25;373;(12,10);outputNeighborhood;<1, 0, 0, 0, 1>
25;373;(12,10);;<1, 2, 0, 0, 2>
25;374;(16,12);;<0, 0, 0, 0, 0>
25;375;(13,10);outputNeighborhood;<1, 2, 0, 0, 2>
25;375;(13,10);;<1, 2, 3, 0, 3>
25;378;(15,10);;<1, 2, 3, 4, 4>
25;379;(16,10);;<1, 2, 3, 4, 4>
25;381;(2,12);outputNeighborhood;<1, 2, 3, 4, 4>
25;381;(2,12);;<1, 2, 3, 4, 4>
25;383;(18,10);;<1, 2, 3, 4, 4>
25;384;(9,12);;<1, 2, 3, 4, 4>
25;385;(5,11);;<1, 2, 3, 4, 4>
25;386;(16,11);;<1, 0, 0, 0, 1>
25;387;(11,5);;<0, 0, 0, 0, 0>
25;388;(4,6);outputNeighborhood;<1, 0, 0, 0, 1>
25;388;(4,6);;<1, 2, 0, 0, 2>
25;389;(6,11);;<1, 2, 3, 4, 4>
25;391;(5,6);;<1, 0, 0, 0, 1>
25;392;(14,11);outputNeighborhood;<1, 0, 0, 0, 1>
25;392;(14,11);;<1, 2, 0, 0, 2>
25;393;(18,11);outputNeighborhood;<1, 0, 0, 0, 1>
25;393;(18,11);;<1, 2, 0, 0, 2>
25;394;(13,1);;<1, 2, 3, 4, 4>
25;395;(16,8);;<1, 2, 3, 4, 4>
25;396;(10,12);;<1, 2, 3, 4, 4>
25;397;(13,11);outputNeighborhood;<1, 2, 0, 0, 2>
25;397;(13,11);;<1, 2, 3, 0, 3>
25;398;(11,12);;<1, 2, 3, 4, 4>
25;399;(12,12);;<1, 2, 3, 4, 4>
25;400;(15,12);;<1, 2, 0, 0, 2>
26;19;(18,17);;<1, 2, 3, 4, 4>
26;20;(17,17);;<1, 2, 3, 4, 4>
26;21;(15,17);;<1, 2, 3, 4, 4>
26;22;(14,17);;<1, 2, 3, 4, 4>
26;27;(3,17);;<1, 2, 3, 4, 4>
26;28;(2,17);;<1, 2, 3, 4, 4>
26;29;(0,17);;<1, 2, 3, 4, 4>
26;30;(19,16);;<1, 2, 3, 4, 4>
26;31;(18,16);;<1, 2, 3, 4, 4>
26;32;(17,16);;<1, 2, 3, 4, 4>
26;38;(4,16);;<1, 2, 3, 4, 4>
26;39;(1,16);;<1, 2, 3, 4, 4>
26;40;(0,16);;<1, 2, 3, 4, 4>
26;41;(19,15);;<1, 0, 0, 0, 1>
26;42;(16,15);outputNeighborhood;<1, 2, 3, 0, 3>
26;42;(16,15);;<1, 2, 3, 0, 3>
26;43;(14,15);;<1, 2, 3, 4, 4>
26;44;(13,15);;<1, 2, 3, 4, 4>
26;47;(5,15);;<1, 2, 3, 4, 4>
26;48;(4,15);;<1, 2, 3, 4, 4>
26;49;(2,15);outputNeighborhood;<1, 2, 3, 0, 3>
26;49;(2,15);;<1, 2, 3, 0, 3>
26;50;(1,15);outputNeighborhood;<1, 2, 0, 0, 2>
26;50;(1,15);;<1, 2, 3, 0, 3>
26;52;(14,14);;<1, 2, 3, 4, 4>
26;59;(4,14);;<1, 2, 3, 4, 4>
26;60;(3,14);;<1, 2, 3, 4, 4>
26;62;(2,14);outputNeighborhood;<1, 2, 3, 0, 3>
26;62;(2,14);;<1, 2, 3, 4, 4>
26;64;(18,13);;<1, 0, 0, 0, 1>
26;65;(16,13);outputNeighborhood;<1, 0, 0, 0, 1>
26;65;(16,13);;<1, 2, 0, 0, 2>
26;66;(15,13);outputNeighborhood;<1, 2, 0, 0, 2>
26;66;(15,13);;<1, 2, 3, 0, 3>
26;67;(14,13);;<1, 2, 3, 4, 4>
26;68;(13,13);;<1, 2, 3, 4, 4>
26;69;(12,13);;<1, 2, 3, 4, 4>
26;70;(11,13);;<1, 2, 3, 4, 4>
26;75;(0,15);outputNeighborhood;<1, 0, 0, 0, 1>
26;75;(0,15);;<1, 2, 0, 0, 2>
26;77;(3,13);;<1, 2, 3, 4, 4>
26;78;(2,13);;<1, 2, 3, 4, 4>
26;79;(1,13);outputNeighborhood;<1, 2, 3, 0, 3>
26;79;(1,13);;<1, 2, 3, 0, 3>
26;80;(19,12);outputNeighborhood;<1, 2, 0, 0, 2>
26;80;(19,12);;<1, 2, 3, 0, 3>
26;81;(18,12);outputNeighborhood;<1, 0, 0, 0, 1>
26;81;(18,12);;<1, 2, 0, 0, 2>
26;82;(17,12);;<1, 0, 0, 0, 1>
26;84;(6,6);;<1, 0, 0, 0, 1>
26;85;(12,0);;<1, 2, 3, 4, 4>
26;88;(19,13);outputNeighborhood;<1, 0, 0, 0, 1>
26;88;(19,13);;<1, 2, 0, 0, 2>
26;89;(15,5);;<1, 2, 3, 4, 4>
26;90;(13,12);;<1, 2, 3, 4, 4>
26;91;(10,5);;<0, 0, 0, 0, 0>
26;92;(7,5);;<0, 0, 0, 0, 0>
26;94;(5,4);outputNeighborhood;<1, 2, 0, 0, 2>
26;94;(5,4);;<1, 2, 3, 0, 3>
26;96;(18,14);;<1, 0, 0, 0, 1>
26;97;(1,12);outputNeighborhood;<1, 2, 3, 4, 4>
26;97;(1,12);;<1, 2, 3, 4, 4>
26;99;(9,10);;<1, 2, 3, 4, 4>
26;102;(6,4);outputNeighborhood;<1, 0, 0, 0, 1>
26;102;(6,4);;<1, 2, 0, 0, 2>
26;106;(10,9);outputNeighborhood;<1, 0, 0, 0, 1>
26;106;(10,9);;<1, 2, 0, 0, 2>
26;107;(16,4);;<1, 2, 3, 4, 4>
26;108;(8,2);outputNeighborhood;<1, 2, 0, 0, 2>
26;108;(8,2);;<1, 2, 3, 0, 3>
26;110;(13,2);outputNeighborhood;<1, 2, 3, 4, 4>
26;110;(13,2);;<1, 2, 3, 4, 4>
26;111;(7,4);;<1, 0, 0, 0, 1>
26;112;(6,0);;<1, 2, 3, 4, 4>
26;114;(4,4);outputNeighborhood;<1, 2, 3, 0, 3>
26;114;(4,4);;<1, 2, 3, 4, 4>
26;116;(11,19);;<1, 2, 3, 4, 4>
26;117;(14,7);outputNeighborhood;<1, 2, 3, 0, 3>
26;117;(14,7);;<1, 2, 3, 0, 3>
26;118;(3,4);;<1, 2, 3, 4, 4>
26;120;(3,12);;<1, 2, 3, 4, 4>
26;121;(16,17);;<1, 2, 3, 4, 4>
26;123;(13,6);outputNeighborhood;<1, 0, 0, 0, 1>
26;123;(13,6);;<1, 2, 0, 0, 2>
26;126;(13,3);outputNeighborhood;<1, 2, 3, 4, 4>
26;126;(13,3);;<1, 2, 3, 4, 4>
26;127;(17,10);;<1, 2, 3, 4, 4>
26;128;(15,3);;<1, 2, 3, 4, 4>
26;129;(9,3);;<1, 0, 0, 0, 1>
26;130;(6,3);outputNeighborhood;<1, 2, 0, 0, 2>
26;130;(6,3);;<1, 2, 3, 0, 3>
26;131;(5,3);outputNeighborhood;<1, 2, 3, 0, 3>
26;131;(5,3);;<1, 2, 3, 4, 4>
26;132;(6,5);;<1, 0, 0, 0, 1>
26;133;(16,9);;<1, 2, 3, 4, 4>
26;135;(0,10);;<1, 2, 3, 4, 4>
26;136;(16,14);outputNeighborhood;<1, 2, 3, 0, 3>
26;136;(16,14);;<1, 2, 3, 4, 4>
26;137;(2,3);;<1, 2, 3, 4, 4>
26;138;(4,5);outputNeighborhood;<1, 2, 0, 0, 2>
26;138;(4,5);;<1, 2, 3, 0, 3>
26;139;(13,5);outputNeighborhood;<1, 2, 0, 0, 2>
26;139;(13,5);;<1, 2, 3, 0, 3>
26;140;(7,1);;<1, 2, 3, 4, 4>
26;141;(11,3);outputNeighborhood;<1, 2, 0, 0, 2>
26;141;(11,3);;<1, 2, 3, 0, 3>
26;146;(3,7);;<1, 2, 3, 4, 4>
26;147;(3,3);;<1, 2, 3, 4, 4>
26;148;(0,11);outputNeighborhood;<1, 2, 3, 4, 4>
26;148;(0,11);;<1, 2, 3, 4, 4>
26;149;(2,5);;<1, 2, 3, 4, 4>
26;150;(18,9);;<1, 2, 3, 4, 4>
26;153;(3,8);;<1, 2, 3, 4, 4>
26;154;(15,16);outputNeighborhood;<1, 2, 3, 4, 4>
26;154;(15,16);;<1, 2, 3, 4, 4>
26;155;(6,1);;<1, 2, 3, 4, 4>
26;156;(9,9);;<1, 0, 0, 0, 1>
26;158;(8,1);;<1, 2, 3, 4, 4>
26;159;(7,2);outputNeighborhood;<1, 2, 0, 0, 2>
26;159;(7,2);;<1, 2, 3, 0, 3>
26;161;(4,3);outputNeighborhood;<1, 2, 3, 4, 4>
26;161;(4,3);;<1, 2, 3, 4, 4>
26;162;(5,1);;<1, 2, 3, 4, 4>
26;163;(15,18);;<1, 2, 3, 4, 4>
26;164;(7,7);;<1, 0, 0, 0, 1>
26;166;(12,6);;<1, 0, 0, 0, 1>
26;168;(14,16);;<1, 2, 3, 4, 4>
26;169;(6,7);outputNeighborhood;<1, 0, 0, 0, 1>
26;169;(6,7);;<1, 2, 0, 0, 2>
26;170;(9,0);;<1, 2, 3, 4, 4>
26;171;(14,3);;<1, 2, 3, 4, 4>
26;174;(1,17);;<1, 2, 3, 4, 4>
26;175;(2,4);;<1, 2, 3, 4, 4>
26;176;(13,4);outputNeighborhood;<1, 2, 3, 0, 3>
26;176;(13,4);;<1, 2, 3, 4, 4>
26;180;(15,4);;<1, 2, 3, 4, 4>
26;182;(15,15);outputNeighborhood;<1, 2, 3, 0, 3>
26;182;(15,15);;<1, 2, 3, 0, 3>
26;183;(4,1);;<1, 2, 3, 4, 4>
26;185;(4,2);;<1, 2, 3, 4, 4>
26;188;(8,7);;<0, 0, 0, 0, 0>
26;190;(16,5);;<1, 2, 3, 4, 4>
26;193;(16,16);;<1, 2, 3, 4, 4>
26;194;(2,11);;<1, 2, 3, 4, 4>
26;196;(9,4);;<0, 0, 0, 0, 0>
26;197;(1,11);;<1, 2, 3, 4, 4>
26;198;(7,11);;<1, 2, 3, 4, 4>
26;200;(3,15);outputNeighborhood;<1, 2, 3, 4, 4>
26;200;(3,15);;<1, 2, 3, 4, 4>
26;201;(5,2);outputNeighborhood;<1, 2, 3, 4, 4>
26;201;(5,2);;<1, 2, 3, 4, 4>
26;202;(17,11);outputNeighborhood;<1, 0, 0, 0, 1>
26;202;(17,11);;<1, 2, 0, 0, 2>
26;203;(7,8);outputNeighborhood;<1, 0, 0, 0, 1>
26;203;(7,8);;<1, 2, 0, 0, 2>
26;204;(7,0);;<1, 2, 3, 4, 4>
26;206;(2,16);;<1, 2, 3, 4, 4>
26;207;(12,3);outputNeighborhood;<1, 2, 3, 0, 3>
26;207;(12,3);;<1, 2, 3, 4, 4>
26;210;(14,8);outputNeighborhood;<1, 2, 0, 0, 2>
26;210;(14,8);;<1, 2, 3, 0, 3>
26;211;(12,5);outputNeighborhood;<1, 0, 0, 0, 1>
26;211;(12,5);;<1, 2, 0, 0, 2>
26;212;(7,3);outputNeighborhood;<1, 0, 0, 0, 1>
26;212;(7,3);;<1, 2, 0, 0, 2>
26;214;(13,14);;<1, 2, 3, 4, 4>
26;216;(5,0);;<1, 2, 3, 4, 4>
26;219;(3,16);;<1, 2, 3, 4, 4>
26;220;(0,13);outputNeighborhood;<1, 2, 0, 0, 2>
26;220;(0,13);;<1, 2, 3, 0, 3>
26;222;(10,0);;<1, 2, 3, 4, 4>
26;225;(8,0);;<1, 2, 3, 4, 4>
26;226;(14,9);outputNeighborhood;<1, 2, 0, 0, 2>
26;226;(14,9);;<1, 2, 3, 0, 3>
26;227;(11,4);outputNeighborhood;<1, 0, 0, 0, 1>
26;227;(11,4);;<1, 2, 0, 0, 2>
26;228;(12,9);outputNeighborhood;<1, 0, 0, 0, 1>
26;228;(12,9);;<1, 2, 0, 0, 2>
26;230;(10,3);outputNeighborhood;<1, 0, 0, 0, 1>
26;230;(10,3);;<1, 2, 0, 0, 2>
26;232;(18,15);outputNeighborhood;<1, 0, 0, 0, 1>
26;232;(18,15);;<1, 2, 0, 0, 2>
26;233;(12,11);outputNeighborhood;<1, 2, 3, 0, 3>
26;233;(12,11);;<1, 2, 3, 4, 4>
26;234;(17,13);;<1, 0, 0, 0, 1>
26;235;(14,12);;<1, 2, 3, 4, 4>
26;238;(3,6);;<1, 2, 3, 4, 4>
26;239;(12,2);;<1, 2, 3, 0, 3>
26;240;(13,0);;<1, 2, 3, 4, 4>
26;241;(11,1);outputNeighborhood;<1, 2, 3, 4, 4>
26;241;(11,1);;<1, 2, 3, 4, 4>
26;242;(10,1);;<1, 2, 3, 4, 4>
26;243;(15,6);;<1, 2, 3, 4, 4>
26;244;(11,6);;<0, 0, 0, 0, 0>
26;245;(2,6);;<1, 2, 3, 4, 4>
26;246;(11,11);outputNeighborhood;<1, 2, 3, 4, 4>
26;246;(11,11);;<1, 2, 3, 4, 4>
26;247;(15,11);outputNeighborhood;<1, 2, 0, 0, 2>
26;247;(15,11);;<1, 2, 3, 0, 3>
26;250;(12,1);;<1, 2, 3, 4, 4>
26;256;(2,7);;<1, 2, 3, 4, 4>
26;257;(9,2);outputNeighborhood;<1, 0, 0, 0, 1>
26;257;(9,2);;<1, 2, 0, 0, 2>
26;258;(11,0);;<1, 2, 3, 4, 4>
26;261;(0,14);outputNeighborhood;<1, 0, 0, 0, 1>
26;261;(0,14);;<1, 2, 0, 0, 2>
26;262;(13,9);outputNeighborhood;<1, 0, 0, 0, 1>
26;262;(13,9);;<1, 2, 0, 0, 2>
26;263;(14,10);outputNeighborhood;<1, 2, 3, 0, 3>
26;263;(14,10);;<1, 2, 3, 4, 4>
26;265;(3,5);;<1, 2, 3, 4, 4>
26;267;(3,2);;<1, 2, 3, 4, 4>
26;270;(6,2);outputNeighborhood;<1, 2, 3, 0, 3>
26;270;(6,2);;<1, 2, 3, 4, 4>
26;272;(14,5);outputNeighborhood;<1, 2, 3, 0, 3>
26;272;(14,5);;<1, 2, 3, 4, 4>
26;275;(14,1);;<1, 2, 3, 4, 4>
26;278;(16,7);;<1, 2, 3, 4, 4>
26;279;(8,8);;<1, 0, 0, 0, 1>
26;280;(10,2);outputNeighborhood;<1, 2, 0, 0, 2>
26;280;(10,2);;<1, 2, 3, 0, 3>
26;281;(11,2);outputNeighborhood;<1, 2, 3, 0, 3>
26;281;(11,2);;<1, 2, 3, 4, 4>
26;283;(19,14);;<1, 0, 0, 0, 1>
26;284;(14,4);outputNeighborhood;<1, 2, 3, 4, 4>
26;284;(14,4);;<1, 2, 3, 4, 4>
26;285;(14,2);;<1, 2, 3, 4, 4>
26;286;(13,8);;<1, 0, 0, 0, 1>
26;288;(9,1);;<1, 2, 3, 4, 4>
26;289;(0,12);outputNeighborhood;<1, 2, 3, 0, 3>
26;289;(0,12);;<1, 2, 3, 0, 3>
26;290;(19,10);;<1, 2, 3, 4, 4>
26;292;(7,6);;<0, 0, 0, 0, 0>
26;293;(8,9);outputNeighborhood;<1, 0, 0, 0, 1>
26;293;(8,9);;<1, 2, 0, 0, 2>
26;294;(10,11);;<1, 2, 3, 4, 4>
26;301;(14,6);outputNeighborhood;<1, 2, 3, 0, 3>
26;301;(14,6);;<1, 2, 3, 4, 4>
26;303;(16,6);;<1, 2, 3, 4, 4>
26;307;(15,8);;<1, 2, 3, 4, 4>
26;309;(4,7);outputNeighborhood;<1, 2, 3, 0, 3>
26;309;(4,7);;<1, 2, 3, 4, 4>
26;311;(5,7);outputNeighborhood;<1, 2, 0, 0, 2>
26;311;(5,7);;<1, 2, 3, 0, 3>
26;312;(12,4);outputNeighborhood;<1, 2, 0, 0, 2>
26;312;(12,4);;<1, 2, 3, 0, 3>
26;314;(10,7);;<0, 0, 0, 0, 0>
26;315;(12,7);;<0, 0, 0, 0, 0>
26;316;(13,7);;<1, 0, 0, 0, 1>
26;317;(13,16);;<1, 2, 3, 4, 4>
26;318;(15,7);;<1, 2, 3, 4, 4>
26;319;(17,14);outputNeighborhood;<1, 2, 0, 0, 2>
26;319;(17,14);;<1, 2, 3, 0, 3>
26;322;(9,8);;<0, 0, 0, 0, 0>
26;323;(10,4);;<1, 0, 0, 0, 1>
26;326;(4,8);;<1, 2, 3, 0, 3>
26;327;(5,8);outputNeighborhood;<1, 2, 3, 0, 3>
26;327;(5,8);;<1, 2, 3, 4, 4>
26;328;(5,5);outputNeighborhood;<1, 0, 0, 0, 1>
26;328;(5,5);;<1, 2, 0, 0, 2>
26;329;(8,3);;<1, 0, 0, 0, 1>
26;330;(6,8);outputNeighborhood;<1, 2, 0, 0, 2>
26;330;(6,8);;<1, 2, 3, 0, 3>
26;333;(10,8);;<0, 0, 0, 0, 0>
26;335;(6,9);outputNeighborhood;<1, 2, 3, 0, 3>
26;335;(6,9);;<1, 2, 3, 4, 4>
26;336;(11,8);;<0, 0, 0, 0, 0>
26;337;(12,8);;<0, 0, 0, 0, 0>
26;338;(17,15);outputNeighborhood;<1, 2, 0, 0, 2>
26;338;(17,15);;<1, 2, 3, 0, 3>
26;340;(11,10);outputNeighborhood;<1, 2, 3, 0, 3>
26;340;(11,10);;<1, 2, 3, 4, 4>
26;342;(11,9);;<1, 2, 0, 0, 2>
26;345;(15,2);;<1, 2, 3, 4, 4>
26;347;(0,9);;<1, 2, 3, 4, 4>
26;348;(8,11);;<1, 2, 3, 4, 4>
26;350;(3,9);;<1, 2, 3, 4, 4>
26;351;(4,9);;<1, 2, 3, 4, 4>
26;352;(5,9);outputNeighborhood;<1, 2, 3, 4, 4>
26;352;(5,9);;<1, 2, 3, 4, 4>
26;353;(4,10);;<1, 2, 3, 4, 4>
26;354;(8,4);;<0, 0, 0, 0, 0>
26;355;(7,9);outputNeighborhood;<1, 2, 0, 0, 2>
26;355;(7,9);;<1, 2, 3, 0, 3>
26;357;(15,9);;<1, 2, 3, 4, 4>
26;358;(17,9);;<1, 2, 3, 4, 4>
26;359;(19,9);;<1, 2, 3, 4, 4>
26;360;(1,10);;<1, 2, 3, 4, 4>
26;362;(1,14);outputNeighborhood;<1, 2, 0, 0, 2>
26;362;(1,14);;<1, 2, 3, 0, 3>
26;365;(5,10);;<1, 2, 3, 4, 4>
26;366;(6,10);;<1, 2, 3, 4, 4>
26;367;(19,11);outputNeighborhood;<1, 2, 3, 0, 3>
26;367;(19,11);;<1, 2, 3, 4, 4>
26;368;(15,14);outputNeighborhood;<1, 2, 3, 0, 3>
26;368;(15,14);;<1, 2, 3, 0, 3>
26;369;(7,10);;<1, 2, 3, 4, 4>
26;370;(8,10);;<1, 2, 3, 4, 4>
26;371;(9,11);;<1, 2, 3, 4, 4>
26;372;(10,10);outputNeighborhood;<1, 2, 3, 4, 4>
26;372;(10,10);;<1, 2, 3, 4, 4>
26;373;(12,10);outputNeighborhood;<1, 2, 0, 0, 2>
26;373;(12,10);;<1, 2, 3, 0, 3>
26;374;(16,12);;<1, 0, 0, 0, 1>
26;375;(13,10);outputNeighborhood;<1, 2, 3, 0, 3>
26;375;(13,10);;<1, 2, 3, 4, 4>
26;378;(15,10);outputNeighborhood;<1, 2, 3, 4, 4>
26;378;(15,10);;<1, 2, 3, 4, 4>
26;379;(16,10);;<1, 2, 3, 4, 4>
26;381;(2,12);;<1, 2, 3, 4, 4>
26;383;(18,10);;<1, 2, 3, 4, 4>
26;385;(5,11);;<1, 2, 3, 4, 4>
26;386;(16,11);outputNeighborhood;<1, 0, 0, 0, 1>
26;386;(16,11);;<1, 2, 0, 0, 2>
26;387;(11,5);;<1, 0, 0, 0, 1>
26;388;(4,6);outputNeighborhood;<1, 2, 0, 0, 2>
26;388;(4,6);;<1, 2, 3, 0, 3>
26;389;(6,11);;<1, 2, 3, 4, 4>
26;391;(5,6);outputNeighborhood;<1, 0, 0, 0, 1>
26;391;(5,6);;<1, 2, 0, 0, 2>
26;392;(14,11);outputNeighborhood;<1, 2, 0, 0, 2>
26;392;(14,11);;<1, 2, 3, 0, 3>
26;393;(18,11);outputNeighborhood;<1, 2, 0, 0, 2>
26;393;(18,11);;<1, 2, 3, 0, 3>
26;394;(13,1);;<1, 2, 3, 4, 4>
26;395;(16,8);;<1, 2, 3, 4, 4>
26;396;(10,12);;<1, 2, 3, 4, 4>
26;397;(13,11);outputNeighborhood;<1, 2, 3, 0, 3>
26;397;(13,11);;<1, 2, 3, 4, 4>
26;398;(11,12);;<1, 2, 3, 4, 4>
26;399;(12,12);;<1, 2, 3, 4, 4>
26;400;(15,12);outputNeighborhood;<1, 2, 0, 0, 2>
26;400;(15,12);;<1, 2, 3, 0, 3>
27;19;(18,17);;<1, 2, 3, 4, 4>
27;20;(17,17);;<1, 2, 3, 4, 4>
27;29;(0,17);;<1, 2, 3, 4, 4>
27;30;(19,16);;<1, 2, 3, 4, 4>
27;31;(18,16);;<1, 2, 3, 4, 4>
27;32;(17,16);;<1, 2, 3, 4, 4>
27;39;(1,16);;<1, 2, 3, 4, 4>
27;40;(0,16);;<1, 2, 3, 4, 4>
27;41;(19,15);outputNeighborhood;<1, 0, 0, 0, 1>
27;41;(19,15);;<1, 2, 0, 0, 2>
27;42;(16,15);;<1, 2, 3, 4, 4>
27;49;(2,15);;<1, 2, 3, 4, 4>
27;50;(1,15);outputNeighborhood;<1, 2, 3, 0, 3>
27;50;(1,15);;<1, 2, 3, 4, 4>
27;52;(14,14);;<1, 2, 3, 4, 4>
27;59;(4,14);;<1, 2, 3, 4, 4>
27;60;(3,14);;<1, 2, 3, 4, 4>
27;62;(2,14);outputNeighborhood;<1, 2, 3, 4, 4>
27;62;(2,14);;<1, 2, 3, 4, 4>
27;64;(18,13);outputNeighborhood;<1, 0, 0, 0, 1>
27;64;(18,13);;<1, 2, 0, 0, 2>
27;65;(16,13);outputNeighborhood;<1, 2, 0, 0, 2>
27;65;(16,13);;<1, 2, 3, 0, 3>
27;66;(15,13);outputNeighborhood;<1, 2, 3, 0, 3>
27;66;(15,13);;<1, 2, 3, 4, 4>
27;67;(14,13);;<1, 2, 3, 4, 4>
27;68;(13,13);;<1, 2, 3, 4, 4>
27;69;(12,13);;<1, 2, 3, 4, 4>
27;75;(0,15);outputNeighborhood;<1, 2, 0, 0, 2>
27;75;(0,15);;<1, 2, 3, 0, 3>
27;76;(4,13);;<1, 2, 3, 4, 4>
27;77;(3,13);;<1, 2, 3, 4, 4>
27;78;(2,13);outputNeighborhood;<1, 2, 3, 4, 4>
27;78;(2,13);;<1, 2, 3, 4, 4>
27;79;(1,13);;<1, 2, 3, 4, 4>
27;80;(19,12);outputNeighborhood;<1, 2, 3, 0, 3>
27;80;(19,12);;<1, 2, 3, 4, 4>
27;81;(18,12);outputNeighborhood;<1, 2, 0, 0, 2>
27;81;(18,12);;<1, 2, 3, 0, 3>
27;82;(17,12);outputNeighborhood;<1, 0, 0, 0, 1>
27;82;(17,12);;<1, 2, 0, 0, 2>
27;84;(6,6);outputNeighborhood;<1, 0, 0, 0, 1>
27;84;(6,6);;<1, 2, 0, 0, 2>
27;88;(19,13);outputNeighborhood;<1, 2, 0, 0, 2>
27;88;(19,13);;<1, 2, 3, 0, 3>
27;89;(15,5);;<1, 2, 3, 4, 4>
27;90;(13,12);;<1, 2, 3, 4, 4>
27;91;(10,5);;<1, 0, 0, 0, 1>
27;92;(7,5);;<1, 0, 0, 0, 1>
27;94;(5,4);outputNeighborhood;<1, 2, 3, 0, 3>
27;94;(5,4);;<1, 2, 3, 0, 3>
27;96;(18,14);outputNeighborhood;<1, 0, 0, 0, 1>
27;96;(18,14);;<1, 2, 0, 0, 2>
27;97;(1,12);;<1, 2, 3, 4, 4>
27;99;(9,10);;<1, 2, 3, 4, 4>
27;102;(6,4);outputNeighborhood;<1, 2, 0, 0, 2>
27;102;(6,4);;<1, 2, 3, 0, 3>
27;106;(10,9);outputNeighborhood;<1, 2, 0, 0, 2>
27;106;(10,9);;<1, 2, 3, 0, 3>
27;108;(8,2);outputNeighborhood;<1, 2, 3, 0, 3>
27;108;(8,2);;<1, 2, 3, 4, 4>
27;110;(13,2);;<1, 2, 3, 4, 4>
27;111;(7,4);outputNeighborhood;<1, 0, 0, 0, 1>
27;111;(7,4);;<1, 2, 0, 0, 2>
27;112;(6,0);;<1, 2, 3, 4, 4>
27;114;(4,4);outputNeighborhood;<1, 2, 3, 4, 4>
27;114;(4,4);;<1, 2, 3, 4, 4>
27;117;(14,7);;<1, 2, 3, 4, 4>
27;118;(3,4);;<1, 2, 3, 4, 4>
27;120;(3,12);;<1, 2, 3, 4, 4>
27;123;(13,6);outputNeighborhood;<1, 2, 0, 0, 2>
27;123;(13,6);;<1, 2, 3, 0, 3>
27;126;(13,3);;<1, 2, 3, 4, 4>
27;127;(17,10);;<1, 2, 3, 4, 4>
27;129;(9,3);outputNeighborhood;<1, 0, 0, 0, 1>
27;129;(9,3);;<1, 2, 0, 0, 2>
27;130;(6,3);outputNeighborhood;<1, 2, 3, 0, 3>
27;130;(6,3);;<1, 2, 3, 4, 4>
27;131;(5,3);outputNeighborhood;<1, 2, 3, 4, 4>
27;131;(5,3);;<1, 2, 3, 4, 4>
27;132;(6,5);outputNeighborhood;<1, 0, 0, 0, 1>
27;132;(6,5);;<1, 2, 0, 0, 2>
27;133;(16,9);;<1, 2, 3, 4, 4>
27;135;(0,10);;<1, 2, 3, 4, 4>
27;136;(16,14);outputNeighborhood;<1, 2, 3, 4, 4>
27;136;(16,14);;<1, 2, 3, 4, 4>
27;138;(4,5);outputNeighborhood;<1, 2, 3, 0, 3>
27;138;(4,5);;<1, 2, 3, 4, 4>
27;139;(13,5);outputNeighborhood;<1, 2, 3, 0, 3>
27;139;(13,5);;<1, 2, 3, 4, 4>
27;140;(7,1);;<1, 2, 3, 4, 4>
27;141;(11,3);outputNeighborhood;<1, 2, 3, 0, 3>
27;141;(11,3);;<1, 2, 3, 4, 4>
27;146;(3,7);;<1, 2, 3, 4, 4>
27;147;(3,3);;<1, 2, 3, 4, 4>
27;148;(0,11);;<1, 2, 3, 4, 4>
27;149;(2,5);;<1, 2, 3, 4, 4>
27;150;(18,9);;<1, 2, 3, 4, 4>
27;151;(19,17);;<1, 2, 3, 4, 4>
27;153;(3,8);;<1, 2, 3, 4, 4>
27;155;(6,1);;<1, 2, 3, 4, 4>
27;156;(9,9);outputNeighborhood;<1, 0, 0, 0, 1>
27;156;(9,9);;<1, 2, 0, 0, 2>
27;158;(8,1);;<1, 2, 3, 4, 4>
27;159;(7,2);outputNeighborhood;<1, 2, 3, 0, 3>
27;159;(7,2);;<1, 2, 3, 4, 4>
27;161;(4,3);;<1, 2, 3, 4, 4>
27;162;(5,1);;<1, 2, 3, 4, 4>
27;164;(7,7);outputNeighborhood;<1, 0, 0, 0, 1>
27;164;(7,7);;<1, 2, 0, 0, 2>
27;165;(11,7);;<0, 0, 0, 0, 0>
27;166;(12,6);outputNeighborhood;<1, 0, 0, 0, 1>
27;166;(12,6);;<1, 2, 0, 0, 2>
27;167;(8,5);;<0, 0, 0, 0, 0>
27;169;(6,7);outputNeighborhood;<1, 2, 0, 0, 2>
27;169;(6,7);;<1, 2, 3, 0, 3>
27;170;(9,0);;<1, 2, 3, 4, 4>
27;171;(14,3);;<1, 2, 3, 4, 4>
27;174;(1,17);;<1, 2, 3, 4, 4>
27;175;(2,4);;<1, 2, 3, 4, 4>
27;176;(13,4);outputNeighborhood;<1, 2, 3, 4, 4>
27;176;(13,4);;<1, 2, 3, 4, 4>
27;180;(15,4);;<1, 2, 3, 4, 4>
27;182;(15,15);;<1, 2, 3, 4, 4>
27;185;(4,2);;<1, 2, 3, 4, 4>
27;188;(8,7);;<1, 0, 0, 0, 1>
27;190;(16,5);;<1, 2, 3, 4, 4>
27;193;(16,16);;<1, 2, 3, 4, 4>
27;194;(2,11);outputNeighborhood;<1, 2, 3, 4, 4>
27;194;(2,11);;<1, 2, 3, 4, 4>
27;196;(9,4);;<1, 0, 0, 0, 1>
27;197;(1,11);;<1, 2, 3, 4, 4>
27;198;(7,11);;<1, 2, 3, 4, 4>
27;200;(3,15);;<1, 2, 3, 4, 4>
27;201;(5,2);;<1, 2, 3, 4, 4>
27;202;(17,11);outputNeighborhood;<1, 2, 0, 0, 2>
27;202;(17,11);;<1, 2, 3, 0, 3>
27;203;(7,8);outputNeighborhood;<1, 2, 0, 0, 2>
27;203;(7,8);;<1, 2, 3, 0, 3>
27;204;(7,0);;<1, 2, 3, 4, 4>
27;206;(2,16);;<1, 2, 3, 4, 4>
27;207;(12,3);outputNeighborhood;<1, 2, 3, 4, 4>
27;207;(12,3);;<1, 2, 3, 4, 4>
27;210;(14,8);outputNeighborhood;<1, 2, 3, 0, 3>
27;210;(14,8);;<1, 2, 3, 4, 4>
27;211;(12,5);outputNeighborhood;<1, 2, 0, 0, 2>
27;211;(12,5);;<1, 2, 3, 0, 3>
27;212;(7,3);outputNeighborhood;<1, 2, 0, 0, 2>
27;212;(7,3);;<1, 2, 3, 0, 3>
27;220;(0,13);outputNeighborhood;<1, 2, 3, 0, 3>
27;220;(0,13);;<1, 2, 3, 4, 4>
27;222;(10,0);;<1, 2, 3, 4, 4>
27;224;(3,11);;<1, 2, 3, 4, 4>
27;225;(8,0);;<1, 2, 3, 4, 4>
27;226;(14,9);outputNeighborhood;<1, 2, 3, 0, 3>
27;226;(14,9);;<1, 2, 3, 4, 4>
27;227;(11,4);outputNeighborhood;<1, 2, 0, 0, 2>
27;227;(11,4);;<1, 2, 3, 0, 3>
27;228;(12,9);outputNeighborhood;<1, 2, 0, 0, 2>
27;228;(12,9);;<1, 2, 3, 0, 3>
27;230;(10,3);outputNeighborhood;<1, 2, 0, 0, 2>
27;230;(10,3);;<1, 2, 3, 0, 3>
27;232;(18,15);outputNeighborhood;<1, 2, 0, 0, 2>
27;232;(18,15);;<1, 2, 3, 0, 3>
27;233;(12,11);outputNeighborhood;<1, 2, 3, 4, 4>
27;233;(12,11);;<1, 2, 3, 4, 4>
27;234;(17,13);outputNeighborhood;<1, 0, 0, 0, 1>
27;234;(17,13);;<1, 2, 0, 0, 2>
27;235;(14,12);;<1, 2, 3, 4, 4>
27;237;(9,5);;<0, 0, 0, 0, 0>
27;238;(3,6);;<1, 2, 3, 4, 4>
27;239;(12,2);;<1, 2, 3, 4, 4>
27;241;(11,1);;<1, 2, 3, 4, 4>
27;242;(10,1);;<1, 2, 3, 4, 4>
27;243;(15,6);;<1, 2, 3, 4, 4>
27;244;(11,6);;<1, 0, 0, 0, 1>
27;245;(2,6);;<1, 2, 3, 4, 4>
27;246;(11,11);;<1, 2, 3, 4, 4>
27;247;(15,11);outputNeighborhood;<1, 2, 3, 0, 3>
27;247;(15,11);;<1, 2, 3, 4, 4>
27;250;(12,1);;<1, 2, 3, 4, 4>
27;256;(2,7);;<1, 2, 3, 4, 4>
27;257;(9,2);outputNeighborhood;<1, 2, 0, 0, 2>
27;257;(9,2);;<1, 2, 3, 0, 3>
27;258;(11,0);;<1, 2, 3, 4, 4>
27;261;(0,14);outputNeighborhood;<1, 2, 0, 0, 2>
27;261;(0,14);;<1, 2, 3, 0, 3>
27;262;(13,9);outputNeighborhood;<1, 2, 0, 0, 2>
27;262;(13,9);;<1, 2, 3, 0, 3>
27;263;(14,10);outputNeighborhood;<1, 2, 3, 4, 4>
27;263;(14,10);;<1, 2, 3, 4, 4>
27;265;(3,5);;<1, 2, 3, 4, 4>
27;270;(6,2);outputNeighborhood;<1, 2, 3, 4, 4>
27;270;(6,2);;<1, 2, 3, 4, 4>
27;272;(14,5);outputNeighborhood;<1, 2, 3, 4, 4>
27;272;(14,5);;<1, 2, 3, 4, 4>
27;279;(8,8);outputNeighborhood;<1, 0, 0, 0, 1>
27;279;(8,8);;<1, 2, 0, 0, 2>
27;280;(10,2);outputNeighborhood;<1, 2, 3, 0, 3>
27;280;(10,2);;<1, 2, 3, 4, 4>
27;281;(11,2);outputNeighborhood;<1, 2, 3, 4, 4>
27;281;(11,2);;<1, 2, 3, 4, 4>
27;283;(19,14);outputNeighborhood;<1, 0, 0, 0, 1>
27;283;(19,14);;<1, 2, 0, 0, 2>
27;284;(14,4);;<1, 2, 3, 4, 4>
27;286;(13,8);outputNeighborhood;<1, 0, 0, 0, 1>
27;286;(13,8);;<1, 2, 0, 0, 2>
27;288;(9,1);;<1, 2, 3, 4, 4>
27;289;(0,12);;<1, 2, 3, 4, 4>
27;290;(19,10);;<1, 2, 3, 4, 4>
27;292;(7,6);;<1, 0, 0, 0, 1>
27;293;(8,9);outputNeighborhood;<1, 2, 0, 0, 2>
27;293;(8,9);;<1, 2, 3, 0, 3>
27;294;(10,11);;<1, 2, 3, 4, 4>
27;295;(8,6);;<0, 0, 0, 0, 0>
27;300;(10,6);;<0, 0, 0, 0, 0>
27;301;(14,6);outputNeighborhood;<1, 2, 3, 4, 4>
27;301;(14,6);;<1, 2, 3, 4, 4>
27;303;(16,6);;<1, 2, 3, 4, 4>
27;307;(15,8);;<1, 2, 3, 4, 4>
27;309;(4,7);outputNeighborhood;<1, 2, 3, 4, 4>
27;309;(4,7);;<1, 2, 3, 4, 4>
27;311;(5,7);outputNeighborhood;<1, 2, 3, 0, 3>
27;311;(5,7);;<1, 2, 3, 4, 4>
27;312;(12,4);outputNeighborhood;<1, 2, 3, 0, 3>
27;312;(12,4);;<1, 2, 3, 4, 4>
27;313;(9,7);;<0, 0, 0, 0, 0>
27;314;(10,7);;<0, 0, 0, 0, 0>
27;315;(12,7);;<1, 0, 0, 0, 1>
27;316;(13,7);outputNeighborhood;<1, 0, 0, 0, 1>
27;316;(13,7);;<1, 2, 0, 0, 2>
27;318;(15,7);;<1, 2, 3, 4, 4>
27;319;(17,14);outputNeighborhood;<1, 2, 3, 0, 3>
27;319;(17,14);;<1, 2, 3, 4, 4>
27;322;(9,8);;<1, 0, 0, 0, 1>
27;323;(10,4);outputNeighborhood;<1, 0, 0, 0, 1>
27;323;(10,4);;<1, 2, 0, 0, 2>
27;326;(4,8);;<1, 2, 3, 4, 4>
27;327;(5,8);outputNeighborhood;<1, 2, 3, 4, 4>
27;327;(5,8);;<1, 2, 3, 4, 4>
27;328;(5,5);outputNeighborhood;<1, 2, 0, 0, 2>
27;328;(5,5);;<1, 2, 3, 0, 3>
27;329;(8,3);outputNeighborhood;<1, 0, 0, 0, 1>
27;329;(8,3);;<1, 2, 0, 0, 2>
27;330;(6,8);outputNeighborhood;<1, 2, 3, 0, 3>
27;330;(6,8);;<1, 2, 3, 4, 4>
27;333;(10,8);;<0, 0, 0, 0, 0>
27;335;(6,9);outputNeighborhood;<1, 2, 3, 4, 4>
27;335;(6,9);;<1, 2, 3, 4, 4>
27;336;(11,8);;<0, 0, 0, 0, 0>
27;337;(12,8);;<1, 0, 0, 0, 1>
27;338;(17,15);outputNeighborhood;<1, 2, 3, 0, 3>
27;338;(17,15);;<1, 2, 3, 4, 4>
27;340;(11,10);outputNeighborhood;<1, 2, 3, 4, 4>
27;340;(11,10);;<1, 2, 3, 4, 4>
27;342;(11,9);outputNeighborhood;<1, 2, 0, 0, 2>
27;342;(11,9);;<1, 2, 3, 0, 3>
27;346;(4,11);;<1, 2, 3, 4, 4>
27;348;(8,11);;<1, 2, 3, 4, 4>
27;349;(2,9);;<1, 2, 3, 4, 4>
27;351;(4,9);;<1, 2, 3, 4, 4>
27;352;(5,9);;<1, 2, 3, 4, 4>
27;354;(8,4);;<1, 0, 0, 0, 1>
27;355;(7,9);outputNeighborhood;<1, 2, 3, 0, 3>
27;355;(7,9);;<1, 2, 3, 4, 4>
27;357;(15,9);;<1, 2, 3, 4, 4>
27;358;(17,9);;<1, 2, 3, 4, 4>
27;359;(19,9);;<1, 2, 3, 4, 4>
27;360;(1,10);;<1, 2, 3, 4, 4>
27;362;(1,14);outputNeighborhood;<1, 2, 3, 0, 3>
27;362;(1,14);;<1, 2, 3, 4, 4>
27;363;(2,10);;<1, 2, 3, 4, 4>
27;364;(3,10);;<1, 2, 3, 4, 4>
27;365;(5,10);;<1, 2, 3, 4, 4>
27;366;(6,10);;<1, 2, 3, 4, 4>
27;367;(19,11);outputNeighborhood;<1, 2, 3, 4, 4>
27;367;(19,11);;<1, 2, 3, 4, 4>
27;368;(15,14);;<1, 2, 3, 4, 4>
27;369;(7,10);;<1, 2, 3, 4, 4>
27;370;(8,10);;<1, 2, 3, 4, 4>
27;371;(9,11);;<1, 2, 3, 4, 4>
27;372;(10,10);;<1, 2, 3, 4, 4>
27;373;(12,10);outputNeighborhood;<1, 2, 3, 0, 3>
27;373;(12,10);;<1, 2, 3, 4, 4>
27;374;(16,12);outputNeighborhood;<1, 0, 0, 0, 1>
27;374;(16,12);;<1, 2, 0, 0, 2>
27;375;(13,10);outputNeighborhood;<1, 2, 3, 4, 4>
27;375;(13,10);;<1, 2, 3, 4, 4>
27;378;(15,10);;<1, 2, 3, 4, 4>
27;379;(16,10);;<1, 2, 3, 4, 4>
27;381;(2,12);;<1, 2, 3, 4, 4>
27;383;(18,10);;<1, 2, 3, 4, 4>
27;386;(16,11);outputNeighborhood;<1, 2, 0, 0, 2>
27;386;(16,11);;<1, 2, 3, 0, 3>
27;387;(11,5);outputNeighborhood;<1, 0, 0, 0, 1>
27;387;(11,5);;<1, 2, 0, 0, 2>
27;388;(4,6);outputNeighborhood;<1, 2, 3, 0, 3>
27;388;(4,6);;<1, 2, 3, 4, 4>
27;389;(6,11);;<1, 2, 3, 4, 4>
27;391;(5,6);outputNeighborhood;<1, 2, 0, 0, 2>
27;391;(5,6);;<1, 2, 3, 0, 3>
27;392;(14,11);outputNeighborhood;<1, 2, 3, 0, 3>
27;392;(14,11);;<1, 2, 3, 4, 4>
27;393;(18,11);outputNeighborhood;<1, 2, 3, 0, 3>
27;393;(18,11);;<1, 2, 3, 4, 4>
27;395;(16,8);;<1, 2, 3, 4, 4>
27;397;(13,11);outputNeighborhood;<1, 2, 3, 4, 4>
27;397;(13,11);;<1, 2, 3, 4, 4>
27;398;(11,12);;<1, 2, 3, 4, 4>
27;399;(12,12);;<1, 2, 3, 4, 4>
27;400;(15,12);outputNeighborhood;<1, 2, 3, 0, 3>
27;400;(15,12);;<1, 2, 3, 4, 4>
28;19;(18,17);;<1, 2, 3, 4, 4>
28;20;(17,17);;<1, 2, 3, 4, 4>
28;21;(15,17);;<1, 2, 3, 4, 4>
28;28;(2,17);;<1, 2, 3, 4, 4>
28;29;(0,17);;<1, 2, 3, 4, 4>
28;30;(19,16);;<1, 2, 3, 4, 4>
28;31;(18,16);;<1, 2, 3, 4, 4>
28;32;(17,16);;<1, 2, 3, 4, 4>
28;39;(1,16);;<1, 2, 3, 4, 4>
28;40;(0,16);;<1, 2, 3, 4, 4>
28;41;(19,15);outputNeighborhood;<1, 2, 0, 0, 2>
28;41;(19,15);;<1, 2, 3, 0, 3>
28;42;(16,15);outputNeighborhood;<1, 2, 3, 4, 4>
28;42;(16,15);;<1, 2, 3, 4, 4>
28;43;(14,15);;<1, 2, 3, 4, 4>
28;44;(13,15);;<1, 2, 3, 4, 4>
28;48;(4,15);;<1, 2, 3, 4, 4>
28;49;(2,15);outputNeighborhood;<1, 2, 3, 4, 4>
28;49;(2,15);;<1, 2, 3, 4, 4>
28;50;(1,15);outputNeighborhood;<1, 2, 3, 4, 4>
28;50;(1,15);;<1, 2, 3, 4, 4>
28;52;(14,14);;<1, 2, 3, 4, 4>
28;60;(3,14);;<1, 2, 3, 4, 4>
28;62;(2,14);;<1, 2, 3, 4, 4>
28;64;(18,13);outputNeighborhood;<1, 2, 0, 0, 2>
28;64;(18,13);;<1, 2, 3, 0, 3>
28;65;(16,13);outputNeighborhood;<1, 2, 3, 0, 3>
28;65;(16,13);;<1, 2, 3, 0, 3>
28;66;(15,13);outputNeighborhood;<1, 2, 3, 4, 4>
28;66;(15,13);;<1, 2, 3, 4, 4>
28;67;(14,13);;<1, 2, 3, 4, 4>
28;68;(13,13);;<1, 2, 3, 4, 4>
28;75;(0,15);outputNeighborhood;<1, 2, 3, 0, 3>
28;75;(0,15);;<1, 2, 3, 4, 4>
28;77;(3,13);;<1, 2, 3, 4, 4>
28;78;(2,13);;<1, 2, 3, 4, 4>
28;79;(1,13);outputNeighborhood;<1, 2, 3, 4, 4>
28;79;(1,13);;<1, 2, 3, 4, 4>
28;80;(19,12);outputNeighborhood;<1, 2, 3, 4, 4>
28;80;(19,12);;<1, 2, 3, 4, 4>
28;81;(18,12);outputNeighborhood;<1, 2, 3, 0, 3>
28;81;(18,12);;<1, 2, 3, 4, 4>
28;82;(17,12);outputNeighborhood;<1, 2, 0, 0, 2>
28;82;(17,12);;<1, 2, 3, 0, 3>
28;84;(6,6);outputNeighborhood;<1, 2, 0, 0, 2>
28;84;(6,6);;<1, 2, 3, 0, 3>
28;85;(12,0);;<1, 2, 3, 4, 4>
28;88;(19,13);outputNeighborhood;<1, 2, 3, 0, 3>
28;88;(19,13);;<1, 2, 3, 4, 4>
28;89;(15,5);;<1, 2, 3, 4, 4>
28;90;(13,12);;<1, 2, 3, 4, 4>
28;91;(10,5);outputNeighborhood;<1, 0, 0, 0, 1>
28;91;(10,5);;<1, 2, 0, 0, 2>
28;92;(7,5);outputNeighborhood;<1, 0, 0, 0, 1>
28;92;(7,5);;<1, 2, 0, 0, 2>
28;94;(5,4);;<1, 2, 3, 4, 4>
28;96;(18,14);outputNeighborhood;<1, 2, 0, 0, 2>
28;96;(18,14);;<1, 2, 3, 0, 3>
28;97;(1,12);;<1, 2, 3, 4, 4>
28;99;(9,10);;<1, 2, 3, 4, 4>
28;100;(2,8);;<1, 2, 3, 4, 4>
28;102;(6,4);outputNeighborhood;<1, 2, 3, 0, 3>
28;102;(6,4);;<1, 2, 3, 4, 4>
28;106;(10,9);outputNeighborhood;<1, 2, 3, 0, 3>
28;106;(10,9);;<1, 2, 3, 0, 3>
28;108;(8,2);outputNeighborhood;<1, 2, 3, 4, 4>
28;108;(8,2);;<1, 2, 3, 4, 4>
28;110;(13,2);;<1, 2, 3, 4, 4>
28;111;(7,4);outputNeighborhood;<1, 2, 0, 0, 2>
28;111;(7,4);;<1, 2, 3, 0, 3>
28;114;(4,4);;<1, 2, 3, 4, 4>
28;117;(14,7);outputNeighborhood;<1, 2, 3, 4, 4>
28;117;(14,7);;<1, 2, 3, 4, 4>
28;118;(3,4);;<1, 2, 3, 4, 4>
28;121;(16,17);;<1, 2, 3, 4, 4>
28;123;(13,6);outputNeighborhood;<1, 2, 3, 0, 3>
28;123;(13,6);;<1, 2, 3, 4, 4>
28;126;(13,3);;<1, 2, 3, 4, 4>
28;127;(17,10);;<1, 2, 3, 4, 4>
28;129;(9,3);outputNeighborhood;<1, 2, 0, 0, 2>
28;129;(9,3);;<1, 2, 3, 0, 3>
28;130;(6,3);outputNeighborhood;<1, 2, 3, 4, 4>
28;130;(6,3);;<1, 2, 3, 4, 4>
28;131;(5,3);;<1, 2, 3, 4, 4>
28;132;(6,5);outputNeighborhood;<1, 2, 0, 0, 2>
28;132;(6,5);;<1, 2, 3, 0, 3>
28;133;(16,9);;<1, 2, 3, 4, 4>
28;135;(0,10);;<1, 2, 3, 4, 4>
28;136;(16,14);;<1, 2, 3, 4, 4>
28;138;(4,5);outputNeighborhood;<1, 2, 3, 4, 4>
28;138;(4,5);;<1, 2, 3, 4, 4>
28;139;(13,5);outputNeighborhood;<1, 2, 3, 4, 4>
28;139;(13,5);;<1, 2, 3, 4, 4>
28;140;(7,1);;<1, 2, 3, 4, 4>
28;141;(11,3);outputNeighborhood;<1, 2, 3, 4, 4>
28;141;(11,3);;<1, 2, 3, 4, 4>
28;146;(3,7);;<1, 2, 3, 4, 4>
28;148;(0,11);;<1, 2, 3, 4, 4>
28;149;(2,5);;<1, 2, 3, 4, 4>
28;150;(18,9);;<1, 2, 3, 4, 4>
28;151;(19,17);;<1, 2, 3, 4, 4>
28;153;(3,8);;<1, 2, 3, 4, 4>
28;154;(15,16);;<1, 2, 3, 4, 4>
28;155;(6,1);;<1, 2, 3, 4, 4>
28;156;(9,9);outputNeighborhood;<1, 2, 0, 0, 2>
28;156;(9,9);;<1, 2, 3, 0, 3>
28;158;(8,1);;<1, 2, 3, 4, 4>
28;159;(7,2);outputNeighborhood;<1, 2, 3, 4, 4>
28;159;(7,2);;<1, 2, 3, 4, 4>
28;161;(4,3);;<1, 2, 3, 4, 4>
28;164;(7,7);outputNeighborhood;<1, 2, 0, 0, 2>
28;164;(7,7);;<1, 2, 3, 0, 3>
28;165;(11,7);;<1, 0, 0, 0, 1>
28;166;(12,6);outputNeighborhood;<1, 2, 0, 0, 2>
28;166;(12,6);;<1, 2, 3, 0, 3>
28;167;(8,5);;<1, 0, 0, 0, 1>
28;168;(14,16);;<1, 2, 3, 4, 4>
28;169;(6,7);outputNeighborhood;<1, 2, 3, 0, 3>
28;169;(6,7);;<1, 2, 3, 4, 4>
28;170;(9,0);;<1, 2, 3, 4, 4>
28;174;(1,17);;<1, 2, 3, 4, 4>
28;176;(13,4);;<1, 2, 3, 4, 4>
28;182;(15,15);outputNeighborhood;<1, 2, 3, 4, 4>
28;182;(15,15);;<1, 2, 3, 4, 4>
28;188;(8,7);outputNeighborhood;<1, 0, 0, 0, 1>
28;188;(8,7);;<1, 2, 0, 0, 2>
28;193;(16,16);;<1, 2, 3, 4, 4>
28;196;(9,4);outputNeighborhood;<1, 0, 0, 0, 1>
28;196;(9,4);;<1, 2, 0, 0, 2>
28;197;(1,11);;<1, 2, 3, 4, 4>
28;198;(7,11);;<1, 2, 3, 4, 4>
28;200;(3,15);;<1, 2, 3, 4, 4>
28;201;(5,2);;<1, 2, 3, 4, 4>
28;202;(17,11);outputNeighborhood;<1, 2, 3, 0, 3>
28;202;(17,11);;<1, 2, 3, 4, 4>
28;203;(7,8);outputNeighborhood;<1, 2, 3, 0, 3>
28;203;(7,8);;<1, 2, 3, 4, 4>
28;204;(7,0);;<1, 2, 3, 4, 4>
28;206;(2,16);;<1, 2, 3, 4, 4>
28;207;(12,3);;<1, 2, 3, 4, 4>
28;210;(14,8);outputNeighborhood;<1, 2, 3, 4, 4>
28;210;(14,8);;<1, 2, 3, 4, 4>
28;211;(12,5);outputNeighborhood;<1, 2, 3, 0, 3>
28;211;(12,5);;<1, 2, 3, 4, 4>
28;212;(7,3);outputNeighborhood;<1, 2, 3, 0, 3>
28;212;(7,3);;<1, 2, 3, 0, 3>
28;214;(13,14);;<1, 2, 3, 4, 4>
28;219;(3,16);;<1, 2, 3, 4, 4>
28;220;(0,13);outputNeighborhood;<1, 2, 3, 4, 4>
28;220;(0,13);;<1, 2, 3, 4, 4>
28;222;(10,0);;<1, 2, 3, 4, 4>
28;225;(8,0);;<1, 2, 3, 4, 4>
28;226;(14,9);outputNeighborhood;<1, 2, 3, 4, 4>
28;226;(14,9);;<1, 2, 3, 4, 4>
28;227;(11,4);outputNeighborhood;<1, 2, 3, 0, 3>
28;227;(11,4);;<1, 2, 3, 4, 4>
28;228;(12,9);outputNeighborhood;<1, 2, 3, 0, 3>
28;228;(12,9);;<1, 2, 3, 4, 4>
28;230;(10,3);outputNeighborhood;<1, 2, 3, 0, 3>
28;230;(10,3);;<1, 2, 3, 4, 4>
28;232;(18,15);outputNeighborhood;<1, 2, 3, 0, 3>
28;232;(18,15);;<1, 2, 3, 4, 4>
28;233;(12,11);;<1, 2, 3, 4, 4>
28;234;(17,13);outputNeighborhood;<1, 2, 0, 0, 2>
28;234;(17,13);;<1, 2, 3, 0, 3>
28;235;(14,12);;<1, 2, 3, 4, 4>
28;237;(9,5);;<1, 0, 0, 0, 1>
28;238;(3,6);;<1, 2, 3, 4, 4>
28;239;(12,2);outputNeighborhood;<1, 2, 3, 4, 4>
28;239;(12,2);;<1, 2, 3, 4, 4>
28;241;(11,1);;<1, 2, 3, 4, 4>
28;242;(10,1);;<1, 2, 3, 4, 4>
28;243;(15,6);;<1, 2, 3, 4, 4>
28;244;(11,6);outputNeighborhood;<1, 0, 0, 0, 1>
28;244;(11,6);;<1, 2, 0, 0, 2>
28;245;(2,6);;<1, 2, 3, 4, 4>
28;246;(11,11);;<1, 2, 3, 4, 4>
28;247;(15,11);outputNeighborhood;<1, 2, 3, 4, 4>
28;247;(15,11);;<1, 2, 3, 4, 4>
28;250;(12,1);;<1, 2, 3, 4, 4>
28;257;(9,2);outputNeighborhood;<1, 2, 3, 0, 3>
28;257;(9,2);;<1, 2, 3, 4, 4>
28;261;(0,14);outputNeighborhood;<1, 2, 3, 0, 3>
28;261;(0,14);;<1, 2, 3, 4, 4>
28;262;(13,9);outputNeighborhood;<1, 2, 3, 0, 3>
28;262;(13,9);;<1, 2, 3, 4, 4>
28;263;(14,10);;<1, 2, 3, 4, 4>
28;265;(3,5);;<1, 2, 3, 4, 4>
28;270;(6,2);;<1, 2, 3, 4, 4>
28;272;(14,5);;<1, 2, 3, 4, 4>
28;278;(16,7);;<1, 2, 3, 4, 4>
28;279;(8,8);outputNeighborhood;<1, 2, 0, 0, 2>
28;279;(8,8);;<1, 2, 3, 0, 3>
28;280;(10,2);outputNeighborhood;<1, 2, 3, 4, 4>
28;280;(10,2);;<1, 2, 3, 4, 4>
28;281;(11,2);;<1, 2, 3, 4, 4>
28;283;(19,14);outputNeighborhood;<1, 2, 0, 0, 2>
28;283;(19,14);;<1, 2, 3, 0, 3>
28;284;(14,4);;<1, 2, 3, 4, 4>
28;285;(14,2);;<1, 2, 3, 4, 4>
28;286;(13,8);outputNeighborhood;<1, 2, 0, 0, 2>
28;286;(13,8);;<1, 2, 3, 0, 3>
28;288;(9,1);;<1, 2, 3, 4, 4>
28;289;(0,12);outputNeighborhood;<1, 2, 3, 4, 4>
28;289;(0,12);;<1, 2, 3, 4, 4>
28;290;(19,10);;<1, 2, 3, 4, 4>
28;292;(7,6);outputNeighborhood;<1, 0, 0, 0, 1>
28;292;(7,6);;<1, 2, 0, 0, 2>
28;293;(8,9);outputNeighborhood;<1, 2, 3, 0, 3>
28;293;(8,9);;<1, 2, 3, 4, 4>
28;294;(10,11);;<1, 2, 3, 4, 4>
28;295;(8,6);;<1, 0, 0, 0, 1>
28;297;(9,6);;<0, 0, 0, 0, 0>
28;300;(10,6);;<1, 0, 0, 0, 1>
28;301;(14,6);;<1, 2, 3, 4, 4>
28;307;(15,8);;<1, 2, 3, 4, 4>
28;309;(4,7);;<1, 2, 3, 4, 4>
28;311;(5,7);outputNeighborhood;<1, 2, 3, 4, 4>
28;311;(5,7);;<1, 2, 3, 4, 4>
28;312;(12,4);outputNeighborhood;<1, 2, 3, 4, 4>
28;312;(12,4);;<1, 2, 3, 4, 4>
28;313;(9,7);;<1, 0, 0, 0, 1>
28;314;(10,7);;<0, 0, 0, 0, 0>
28;315;(12,7);outputNeighborhood;<1, 0, 0, 0, 1>
28;315;(12,7);;<1, 2, 0, 0, 2>
28;316;(13,7);outputNeighborhood;<1, 2, 0, 0, 2>
28;316;(13,7);;<1, 2, 3, 0, 3>
28;318;(15,7);;<1, 2, 3, 4, 4>
28;319;(17,14);outputNeighborhood;<1, 2, 3, 4, 4>
28;319;(17,14);;<1, 2, 3, 4, 4>
28;322;(9,8);outputNeighborhood;<1, 0, 0, 0, 1>
28;322;(9,8);;<1, 2, 0, 0, 2>
28;323;(10,4);outputNeighborhood;<1, 2, 0, 0, 2>
28;323;(10,4);;<1, 2, 3, 0, 3>
28;326;(4,8);outputNeighborhood;<1, 2, 3, 4, 4>
28;326;(4,8);;<1, 2, 3, 4, 4>
28;327;(5,8);;<1, 2, 3, 4, 4>
28;328;(5,5);outputNeighborhood;<1, 2, 3, 0, 3>
28;328;(5,5);;<1, 2, 3, 4, 4>
28;329;(8,3);outputNeighborhood;<1, 2, 0, 0, 2>
28;329;(8,3);;<1, 2, 3, 0, 3>
28;330;(6,8);outputNeighborhood;<1, 2, 3, 4, 4>
28;330;(6,8);;<1, 2, 3, 4, 4>
28;333;(10,8);;<1, 0, 0, 0, 1>
28;335;(6,9);;<1, 2, 3, 4, 4>
28;336;(11,8);;<1, 0, 0, 0, 1>
28;337;(12,8);outputNeighborhood;<1, 0, 0, 0, 1>
28;337;(12,8);;<1, 2, 0, 0, 2>
28;338;(17,15);outputNeighborhood;<1, 2, 3, 4, 4>
28;338;(17,15);;<1, 2, 3, 4, 4>
28;340;(11,10);;<1, 2, 3, 4, 4>
28;342;(11,9);outputNeighborhood;<1, 2, 3, 0, 3>
28;342;(11,9);;<1, 2, 3, 4, 4>
28;348;(8,11);;<1, 2, 3, 4, 4>
28;350;(3,9);;<1, 2, 3, 4, 4>
28;351;(4,9);;<1, 2, 3, 4, 4>
28;352;(5,9);;<1, 2, 3, 4, 4>
28;353;(4,10);;<1, 2, 3, 4, 4>
28;354;(8,4);outputNeighborhood;<1, 0, 0, 0, 1>
28;354;(8,4);;<1, 2, 0, 0, 2>
28;355;(7,9);outputNeighborhood;<1, 2, 3, 4, 4>
28;355;(7,9);;<1, 2, 3, 4, 4>
28;357;(15,9);;<1, 2, 3, 4, 4>
28;358;(17,9);;<1, 2, 3, 4, 4>
28;362;(1,14);outputNeighborhood;<1, 2, 3, 4, 4>
28;362;(1,14);;<1, 2, 3, 4, 4>
28;366;(6,10);;<1, 2, 3, 4, 4>
28;367;(19,11);;<1, 2, 3, 4, 4>
28;368;(15,14);outputNeighborhood;<1, 2, 3, 4, 4>
28;368;(15,14);;<1, 2, 3, 4, 4>
28;369;(7,10);;<1, 2, 3, 4, 4>
28;370;(8,10);;<1, 2, 3, 4, 4>
28;371;(9,11);;<1, 2, 3, 4, 4>
28;372;(10,10);;<1, 2, 3, 4, 4>
28;373;(12,10);outputNeighborhood;<1, 2, 3, 4, 4>
28;373;(12,10);;<1, 2, 3, 4, 4>
28;374;(16,12);outputNeighborhood;<1, 2, 0, 0, 2>
28;374;(16,12);;<1, 2, 3, 0, 3>
28;375;(13,10);;<1, 2, 3, 4, 4>
28;378;(15,10);;<1, 2, 3, 4, 4>
28;379;(16,10);;<1, 2, 3, 4, 4>
28;381;(2,12);;<1, 2, 3, 4, 4>
28;383;(18,10);;<1, 2, 3, 4, 4>
28;386;(16,11);outputNeighborhood;<1, 2, 3, 0, 3>
28;386;(16,11);;<1, 2, 3, 4, 4>
28;387;(11,5);outputNeighborhood;<1, 2, 0, 0, 2>
28;387;(11,5);;<1, 2, 3, 0, 3>
28;388;(4,6);outputNeighborhood;<1, 2, 3, 4, 4>
28;388;(4,6);;<1, 2, 3, 4, 4>
28;391;(5,6);outputNeighborhood;<1, 2, 3, 0, 3>
28;391;(5,6);;<1, 2, 3, 4, 4>
28;392;(14,11);outputNeighborhood;<1, 2, 3, 4, 4>
28;392;(14,11);;<1, 2, 3, 4, 4>
28;393;(18,11);outputNeighborhood;<1, 2, 3, 4, 4>
28;393;(18,11);;<1, 2, 3, 4, 4>
28;394;(13,1);;<1, 2, 3, 4, 4>
28;395;(16,8);;<1, 2, 3, 4, 4>
28;397;(13,11);;<1, 2, 3, 4, 4>
28;399;(12,12);;<1, 2, 3, 4, 4>
28;400;(15,12);outputNeighborhood;<1, 2, 3, 4, 4>
28;400;(15,12);;<1, 2, 3, 4, 4>
29;19;(18,17);;<1, 2, 3, 4, 4>
29;29;(0,17);;<1, 2, 3, 4, 4>
29;30;(19,16);;<1, 2, 3, 4, 4>
29;31;(18,16);;<1, 2, 3, 4, 4>
29;32;(17,16);;<1, 2, 3, 4, 4>
29;39;(1,16);;<1, 2, 3, 4, 4>
29;40;(0,16);;<1, 2, 3, 4, 4>
29;41;(19,15);outputNeighborhood;<1, 2, 3, 0, 3>
29;41;(19,15);;<1, 2, 3, 4, 4>
29;42;(16,15);;<1, 2, 3, 4, 4>
29;49;(2,15);;<1, 2, 3, 4, 4>
29;50;(1,15);;<1, 2, 3, 4, 4>
29;62;(2,14);;<1, 2, 3, 4, 4>
29;64;(18,13);outputNeighborhood;<1, 2, 3, 0, 3>
29;64;(18,13);;<1, 2, 3, 4, 4>
29;65;(16,13);;<1, 2, 3, 4, 4>
29;66;(15,13);;<1, 2, 3, 4, 4>
29;75;(0,15);outputNeighborhood;<1, 2, 3, 4, 4>
29;75;(0,15);;<1, 2, 3, 4, 4>
29;79;(1,13);;<1, 2, 3, 4, 4>
29;80;(19,12);;<1, 2, 3, 4, 4>
29;81;(18,12);outputNeighborhood;<1, 2, 3, 4, 4>
29;81;(18,12);;<1, 2, 3, 4, 4>
29;82;(17,12);outputNeighborhood;<1, 2, 3, 0, 3>
29;82;(17,12);;<1, 2, 3, 4, 4>
29;84;(6,6);outputNeighborhood;<1, 2, 3, 0, 3>
29;84;(6,6);;<1, 2, 3, 0, 3>
29;88;(19,13);outputNeighborhood;<1, 2, 3, 4, 4>
29;88;(19,13);;<1, 2, 3, 4, 4>
29;91;(10,5);outputNeighborhood;<1, 2, 0, 0, 2>
29;91;(10,5);;<1, 2, 3, 0, 3>
29;92;(7,5);outputNeighborhood;<1, 2, 0, 0, 2>
29;92;(7,5);;<1, 2, 3, 0, 3>
29;94;(5,4);outputNeighborhood;<1, 2, 3, 4, 4>
29;94;(5,4);;<1, 2, 3, 4, 4>
29;96;(18,14);outputNeighborhood;<1, 2, 3, 0, 3>
29;96;(18,14);;<1, 2, 3, 4, 4>
29;99;(9,10);;<1, 2, 3, 4, 4>
29;102;(6,4);outputNeighborhood;<1, 2, 3, 4, 4>
29;102;(6,4);;<1, 2, 3, 4, 4>
29;106;(10,9);;<1, 2, 3, 4, 4>
29;108;(8,2);;<1, 2, 3, 4, 4>
29;111;(7,4);outputNeighborhood;<1, 2, 3, 0, 3>
29;111;(7,4);;<1, 2, 3, 4, 4>
29;114;(4,4);;<1, 2, 3, 4, 4>
29;117;(14,7);;<1, 2, 3, 4, 4>
29;118;(3,4);;<1, 2, 3, 4, 4>
29;123;(13,6);outputNeighborhood;<1, 2, 3, 4, 4>
29;123;(13,6);;<1, 2, 3, 4, 4>
29;127;(17,10);;<1, 2, 3, 4, 4>
29;129;(9,3);outputNeighborhood;<1, 2, 3, 0, 3>
29;129;(9,3);;<1, 2, 3, 4, 4>
29;130;(6,3);;<1, 2, 3, 4, 4>
29;131;(5,3);;<1, 2, 3, 4, 4>
29;132;(6,5);outputNeighborhood;<1, 2, 3, 0, 3>
29;132;(6,5);;<1, 2, 3, 4, 4>
29;133;(16,9);;<1, 2, 3, 4, 4>
29;136;(16,14);;<1, 2, 3, 4, 4>
29;138;(4,5);;<1, 2, 3, 4, 4>
29;139;(13,5);;<1, 2, 3, 4, 4>
29;141;(11,3);;<1, 2, 3, 4, 4>
29;151;(19,17);;<1, 2, 3, 4, 4>
29;156;(9,9);outputNeighborhood;<1, 2, 3, 0, 3>
29;156;(9,9);;<1, 2, 3, 0, 3>
29;158;(8,1);;<1, 2, 3, 4, 4>
29;159;(7,2);;<1, 2, 3, 4, 4>
29;161;(4,3);;<1, 2, 3, 4, 4>
29;164;(7,7);outputNeighborhood;<1, 2, 3, 0, 3>
29;164;(7,7);;<1, 2, 3, 4, 4>
29;165;(11,7);outputNeighborhood;<1, 0, 0, 0, 1>
29;165;(11,7);;<1, 2, 0, 0, 2>
29;166;(12,6);outputNeighborhood;<1, 2, 3, 0, 3>
29;166;(12,6);;<1, 2, 3, 0, 3>
29;167;(8,5);outputNeighborhood;<1, 0, 0, 0, 1>
29;167;(8,5);;<1, 2, 0, 0, 2>
29;169;(6,7);outputNeighborhood;<1, 2, 3, 4, 4>
29;169;(6,7);;<1, 2, 3, 4, 4>
29;170;(9,0);;<1, 2, 3, 4, 4>
29;176;(13,4);;<1, 2, 3, 4, 4>
29;188;(8,7);outputNeighborhood;<1, 2, 0, 0, 2>
29;188;(8,7);;<1, 2, 3, 0, 3>
29;196;(9,4);outputNeighborhood;<1, 2, 0, 0, 2>
29;196;(9,4);;<1, 2, 3, 0, 3>
29;201;(5,2);;<1, 2, 3, 4, 4>
29;202;(17,11);outputNeighborhood;<1, 2, 3, 4, 4>
29;202;(17,11);;<1, 2, 3, 4, 4>
29;203;(7,8);outputNeighborhood;<1, 2, 3, 4, 4>
29;203;(7,8);;<1, 2, 3, 4, 4>
29;207;(12,3);;<1, 2, 3, 4, 4>
29;210;(14,8);;<1, 2, 3, 4, 4>
29;211;(12,5);outputNeighborhood;<1, 2, 3, 4, 4>
29;211;(12,5);;<1, 2, 3, 4, 4>
29;212;(7,3);;<1, 2, 3, 0, 3>
29;220;(0,13);;<1, 2, 3, 4, 4>
29;226;(14,9);;<1, 2, 3, 4, 4>
29;227;(11,4);outputNeighborhood;<1, 2, 3, 4, 4>
29;227;(11,4);;<1, 2, 3, 4, 4>
29;228;(12,9);outputNeighborhood;<1, 2, 3, 4, 4>
29;228;(12,9);;<1, 2, 3, 4, 4>
29;230;(10,3);outputNeighborhood;<1, 2, 3, 4, 4>
29;230;(10,3);;<1, 2, 3, 4, 4>
29;232;(18,15);outputNeighborhood;<1, 2, 3, 4, 4>
29;232;(18,15);;<1, 2, 3, 4, 4>
29;233;(12,11);;<1, 2, 3, 4, 4>
29;234;(17,13);outputNeighborhood;<1, 2, 3, 0, 3>
29;234;(17,13);;<1, 2, 3, 4, 4>
29;235;(14,12);;<1, 2, 3, 4, 4>
29;237;(9,5);outputNeighborhood;<1, 0, 0, 0, 1>
29;237;(9,5);;<1, 2, 0, 0, 2>
29;238;(3,6);;<1, 2, 3, 4, 4>
29;242;(10,1);;<1, 2, 3, 4, 4>
29;243;(15,6);;<1, 2, 3, 4, 4>
29;244;(11,6);outputNeighborhood;<1, 2, 0, 0, 2>
29;244;(11,6);;<1, 2, 3, 0, 3>
29;246;(11,11);;<1, 2, 3, 4, 4>
29;247;(15,11);;<1, 2, 3, 4, 4>
29;257;(9,2);outputNeighborhood;<1, 2, 3, 4, 4>
29;257;(9,2);;<1, 2, 3, 4, 4>
29;261;(0,14);outputNeighborhood;<1, 2, 3, 4, 4>
29;261;(0,14);;<1, 2, 3, 4, 4>
29;262;(13,9);outputNeighborhood;<1, 2, 3, 4, 4>
29;262;(13,9);;<1, 2, 3, 4, 4>
29;263;(14,10);;<1, 2, 3, 4, 4>
29;265;(3,5);;<1, 2, 3, 4, 4>
29;270;(6,2);;<1, 2, 3, 4, 4>
29;272;(14,5);;<1, 2, 3, 4, 4>
29;279;(8,8);outputNeighborhood;<1, 2, 3, 0, 3>
29;279;(8,8);;<1, 2, 3, 4, 4>
29;280;(10,2);;<1, 2, 3, 4, 4>
29;281;(11,2);;<1, 2, 3, 4, 4>
29;283;(19,14);outputNeighborhood;<1, 2, 3, 0, 3>
29;283;(19,14);;<1, 2, 3, 4, 4>
29;286;(13,8);outputNeighborhood;<1, 2, 3, 0, 3>
29;286;(13,8);;<1, 2, 3, 4, 4>
29;288;(9,1);;<1, 2, 3, 4, 4>
29;289;(0,12);;<1, 2, 3, 4, 4>
29;292;(7,6);outputNeighborhood;<1, 2, 0, 0, 2>
29;292;(7,6);;<1, 2, 3, 0, 3>
29;293;(8,9);outputNeighborhood;<1, 2, 3, 4, 4>
29;293;(8,9);;<1, 2, 3, 4, 4>
29;295;(8,6);outputNeighborhood;<1, 0, 0, 0, 1>
29;295;(8,6);;<1, 2, 0, 0, 2>
29;297;(9,6);;<1, 0, 0, 0, 1>
29;300;(10,6);outputNeighborhood;<1, 0, 0, 0, 1>
29;300;(10,6);;<1, 2, 0, 0, 2>
29;301;(14,6);;<1, 2, 3, 4, 4>
29;307;(15,8);;<1, 2, 3, 4, 4>
29;309;(4,7);;<1, 2, 3, 4, 4>
29;311;(5,7);;<1, 2, 3, 4, 4>
29;312;(12,4);;<1, 2, 3, 4, 4>
29;313;(9,7);outputNeighborhood;<1, 0, 0, 0, 1>
29;313;(9,7);;<1, 2, 0, 0, 2>
29;314;(10,7);;<1, 0, 0, 0, 1>
29;315;(12,7);outputNeighborhood;<1, 2, 0, 0, 2>
29;315;(12,7);;<1, 2, 3, 0, 3>
29;316;(13,7);outputNeighborhood;<1, 2, 3, 0, 3>
29;316;(13,7);;<1, 2, 3, 4, 4>
29;318;(15,7);;<1, 2, 3, 4, 4>
29;319;(17,14);;<1, 2, 3, 4, 4>
29;322;(9,8);outputNeighborhood;<1, 2, 0, 0, 2>
29;322;(9,8);;<1, 2, 3, 0, 3>
29;323;(10,4);outputNeighborhood;<1, 2, 3, 0, 3>
29;323;(10,4);;<1, 2, 3, 4, 4>
29;327;(5,8);;<1, 2, 3, 4, 4>
29;328;(5,5);outputNeighborhood;<1, 2, 3, 4, 4>
29;328;(5,5);;<1, 2, 3, 4, 4>
29;329;(8,3);outputNeighborhood;<1, 2, 3, 0, 3>
29;329;(8,3);;<1, 2, 3, 0, 3>
29;330;(6,8);;<1, 2, 3, 4, 4>
29;333;(10,8);outputNeighborhood;<1, 0, 0, 0, 1>
29;333;(10,8);;<1, 2, 0, 0, 2>
29;335;(6,9);;<1, 2, 3, 4, 4>
29;336;(11,8);outputNeighborhood;<1, 0, 0, 0, 1>
29;336;(11,8);;<1, 2, 0, 0, 2>
29;337;(12,8);outputNeighborhood;<1, 2, 0, 0, 2>
29;337;(12,8);;<1, 2, 3, 0, 3>
29;338;(17,15);;<1, 2, 3, 4, 4>
29;340;(11,10);;<1, 2, 3, 4, 4>
29;342;(11,9);outputNeighborhood;<1, 2, 3, 4, 4>
29;342;(11,9);;<1, 2, 3, 4, 4>
29;348;(8,11);;<1, 2, 3, 4, 4>
29;354;(8,4);outputNeighborhood;<1, 2, 0, 0, 2>
29;354;(8,4);;<1, 2, 3, 0, 3>
29;355;(7,9);;<1, 2, 3, 4, 4>
29;357;(15,9);;<1, 2, 3, 4, 4>
29;358;(17,9);;<1, 2, 3, 4, 4>
29;362;(1,14);;<1, 2, 3, 4, 4>
29;367;(19,11);;<1, 2, 3, 4, 4>
29;369;(7,10);;<1, 2, 3, 4, 4>
29;370;(8,10);;<1, 2, 3, 4, 4>
29;371;(9,11);;<1, 2, 3, 4, 4>
29;372;(10,10);;<1, 2, 3, 4, 4>
29;373;(12,10);;<1, 2, 3, 4, 4>
29;374;(16,12);outputNeighborhood;<1, 2, 3, 0, 3>
29;374;(16,12);;<1, 2, 3, 4, 4>
29;375;(13,10);;<1, 2, 3, 4, 4>
29;378;(15,10);;<1, 2, 3, 4, 4>
29;379;(16,10);;<1, 2, 3, 4, 4>
29;383;(18,10);;<1, 2, 3, 4, 4>
29;386;(16,11);outputNeighborhood;<1, 2, 3, 4, 4>
29;386;(16,11);;<1, 2, 3, 4, 4>
29;387;(11,5);outputNeighborhood;<1, 2, 3, 0, 3>
29;387;(11,5);;<1, 2, 3, 4, 4>
29;388;(4,6);;<1, 2, 3, 4, 4>
29;391;(5,6);outputNeighborhood;<1, 2, 3, 4, 4>
29;391;(5,6);;<1, 2, 3, 4, 4>
29;392;(14,11);;<1, 2, 3, 4, 4>
29;393;(18,11);;<1, 2, 3, 4, 4>
29;397;(13,11);;<1, 2, 3, 4, 4>
29;400;(15,12);;<1, 2, 3, 4, 4>
30;30;(19,16);;<1, 2, 3, 4, 4>
30;31;(18,16);;<1, 2, 3, 4, 4>
30;40;(0,16);;<1, 2, 3, 4, 4>
30;41;(19,15);outputNeighborhood;<1, 2, 3, 4, 4>
30;41;(19,15);;<1, 2, 3, 4, 4>
30;42;(16,15);;<1, 2, 3, 4, 4>
30;50;(1,15);;<1, 2, 3, 4, 4>
30;64;(18,13);outputNeighborhood;<1, 2, 3, 4, 4>
30;64;(18,13);;<1, 2, 3, 4, 4>
30;65;(16,13);outputNeighborhood;<1, 2, 3, 4, 4>
30;65;(16,13);;<1, 2, 3, 4, 4>
30;66;(15,13);;<1, 2, 3, 4, 4>
30;67;(14,13);;<1, 2, 3, 4, 4>
30;75;(0,15);;<1, 2, 3, 4, 4>
30;80;(19,12);;<1, 2, 3, 4, 4>
30;81;(18,12);;<1, 2, 3, 4, 4>
30;82;(17,12);outputNeighborhood;<1, 2, 3, 4, 4>
30;82;(17,12);;<1, 2, 3, 4, 4>
30;84;(6,6);;<1, 2, 3, 4, 4>
30;88;(19,13);;<1, 2, 3, 4, 4>
30;91;(10,5);outputNeighborhood;<1, 2, 3, 0, 3>
30;91;(10,5);;<1, 2, 3, 4, 4>
30;92;(7,5);outputNeighborhood;<1, 2, 3, 0, 3>
30;92;(7,5);;<1, 2, 3, 4, 4>
30;94;(5,4);;<1, 2, 3, 4, 4>
30;96;(18,14);outputNeighborhood;<1, 2, 3, 4, 4>
30;96;(18,14);;<1, 2, 3, 4, 4>
30;99;(9,10);;<1, 2, 3, 4, 4>
30;102;(6,4);;<1, 2, 3, 4, 4>
30;106;(10,9);outputNeighborhood;<1, 2, 3, 4, 4>
30;106;(10,9);;<1, 2, 3, 4, 4>
30;108;(8,2);;<1, 2, 3, 4, 4>
30;111;(7,4);outputNeighborhood;<1, 2, 3, 4, 4>
30;111;(7,4);;<1, 2, 3, 4, 4>
30;117;(14,7);;<1, 2, 3, 4, 4>
30;123;(13,6);;<1, 2, 3, 4, 4>
30;127;(17,10);;<1, 2, 3, 4, 4>
30;129;(9,3);outputNeighborhood;<1, 2, 3, 4, 4>
30;129;(9,3);;<1, 2, 3, 4, 4>
30;130;(6,3);;<1, 2, 3, 4, 4>
30;132;(6,5);outputNeighborhood;<1, 2, 3, 4, 4>
30;132;(6,5);;<1, 2, 3, 4, 4>
30;136;(16,14);;<1, 2, 3, 4, 4>
30;138;(4,5);;<1, 2, 3, 4, 4>
30;139;(13,5);;<1, 2, 3, 4, 4>
30;141;(11,3);;<1, 2, 3, 4, 4>
30;151;(19,17);;<1, 2, 3, 4, 4>
30;156;(9,9);;<1, 2, 3, 4, 4>
30;159;(7,2);;<1, 2, 3, 4, 4>
30;164;(7,7);outputNeighborhood;<1, 2, 3, 4, 4>
30;164;(7,7);;<1, 2, 3, 4, 4>
30;165;(11,7);outputNeighborhood;<1, 2, 0, 0, 2>
30;165;(11,7);;<1, 2, 3, 0, 3>
30;166;(12,6);;<1, 2, 3, 4, 4>
30;167;(8,5);outputNeighborhood;<1, 2, 0, 0, 2>
30;167;(8,5);;<1, 2, 3, 0, 3>
30;169;(6,7);;<1, 2, 3, 4, 4>
30;188;(8,7);outputNeighborhood;<1, 2, 3, 0, 3>
30;188;(8,7);;<1, 2, 3, 4, 4>
30;196;(9,4);outputNeighborhood;<1, 2, 3, 0, 3>
30;196;(9,4);;<1, 2, 3, 4, 4>
30;202;(17,11);;<1, 2, 3, 4, 4>
30;203;(7,8);;<1, 2, 3, 4, 4>
30;210;(14,8);;<1, 2, 3, 4, 4>
30;211;(12,5);;<1, 2, 3, 4, 4>
30;212;(7,3);;<1, 2, 3, 4, 4>
30;220;(0,13);;<1, 2, 3, 4, 4>
30;226;(14,9);;<1, 2, 3, 4, 4>
30;227;(11,4);;<1, 2, 3, 4, 4>
30;228;(12,9);;<1, 2, 3, 4, 4>
30;230;(10,3);;<1, 2, 3, 4, 4>
30;232;(18,15);;<1, 2, 3, 4, 4>
30;234;(17,13);outputNeighborhood;<1, 2, 3, 4, 4>
30;234;(17,13);;<1, 2, 3, 4, 4>
30;235;(14,12);;<1, 2, 3, 4, 4>
30;237;(9,5);outputNeighborhood;<1, 2, 0, 0, 2>
30;237;(9,5);;<1, 2, 3, 0, 3>
30;244;(11,6);outputNeighborhood;<1, 2, 3, 0, 3>
30;244;(11,6);;<1, 2, 3, 4, 4>
30;247;(15,11);;<1, 2, 3, 4, 4>
30;257;(9,2);;<1, 2, 3, 4, 4>
30;261;(0,14);;<1, 2, 3, 4, 4>
30;262;(13,9);;<1, 2, 3, 4, 4>
30;279;(8,8);outputNeighborhood;<1, 2, 3, 4, 4>
30;279;(8,8);;<1, 2, 3, 4, 4>
30;280;(10,2);;<1, 2, 3, 4, 4>
30;283;(19,14);outputNeighborhood;<1, 2, 3, 4, 4>
30;283;(19,14);;<1, 2, 3, 4, 4>
30;286;(13,8);outputNeighborhood;<1, 2, 3, 4, 4>
30;286;(13,8);;<1, 2, 3, 4, 4>
30;288;(9,1);;<1, 2, 3, 4, 4>
30;292;(7,6);outputNeighborhood;<1, 2, 3, 0, 3>
30;292;(7,6);;<1, 2, 3, 4, 4>
30;293;(8,9);;<1, 2, 3, 4, 4>
30;294;(10,11);;<1, 2, 3, 4, 4>
30;295;(8,6);outputNeighborhood;<1, 2, 0, 0, 2>
30;295;(8,6);;<1, 2, 3, 0, 3>
30;297;(9,6);outputNeighborhood;<1, 0, 0, 0, 1>
30;297;(9,6);;<1, 2, 0, 0, 2>
30;300;(10,6);outputNeighborhood;<1, 2, 0, 0, 2>
30;300;(10,6);;<1, 2, 3, 0, 3>
30;301;(14,6);;<1, 2, 3, 4, 4>
30;307;(15,8);;<1, 2, 3, 4, 4>
30;311;(5,7);;<1, 2, 3, 4, 4>
30;312;(12,4);;<1, 2, 3, 4, 4>
30;313;(9,7);outputNeighborhood;<1, 2, 0, 0, 2>
30;313;(9,7);;<1, 2, 3, 0, 3>
30;314;(10,7);outputNeighborhood;<1, 0, 0, 0, 1>
30;314;(10,7);;<1, 2, 0, 0, 2>
30;315;(12,7);outputNeighborhood;<1, 2, 3, 0, 3>
30;315;(12,7);;<1, 2, 3, 4, 4>
30;316;(13,7);outputNeighborhood;<1, 2, 3, 4, 4>
30;316;(13,7);;<1, 2, 3, 4, 4>
30;318;(15,7);;<1, 2, 3, 4, 4>
30;319;(17,14);;<1, 2, 3, 4, 4>
30;322;(9,8);outputNeighborhood;<1, 2, 3, 0, 3>
30;322;(9,8);;<1, 2, 3, 4, 4>
30;323;(10,4);outputNeighborhood;<1, 2, 3, 4, 4>
30;323;(10,4);;<1, 2, 3, 4, 4>
30;328;(5,5);;<1, 2, 3, 4, 4>
30;329;(8,3);;<1, 2, 3, 4, 4>
30;330;(6,8);;<1, 2, 3, 4, 4>
30;333;(10,8);outputNeighborhood;<1, 2, 0, 0, 2>
30;333;(10,8);;<1, 2, 3, 0, 3>
30;336;(11,8);outputNeighborhood;<1, 2, 0, 0, 2>
30;336;(11,8);;<1, 2, 3, 0, 3>
30;337;(12,8);outputNeighborhood;<1, 2, 3, 0, 3>
30;337;(12,8);;<1, 2, 3, 4, 4>
30;338;(17,15);;<1, 2, 3, 4, 4>
30;340;(11,10);;<1, 2, 3, 4, 4>
30;342;(11,9);;<1, 2, 3, 4, 4>
30;354;(8,4);outputNeighborhood;<1, 2, 3, 0, 3>
30;354;(8,4);;<1, 2, 3, 4, 4>
30;355;(7,9);;<1, 2, 3, 4, 4>
30;362;(1,14);;<1, 2, 3, 4, 4>
30;368;(15,14);;<1, 2, 3, 4, 4>
30;370;(8,10);;<1, 2, 3, 4, 4>
30;372;(10,10);;<1, 2, 3, 4, 4>
30;373;(12,10);;<1, 2, 3, 4, 4>
30;374;(16,12);outputNeighborhood;<1, 2, 3, 4, 4>
30;374;(16,12);;<1, 2, 3, 4, 4>
30;375;(13,10);;<1, 2, 3, 4, 4>
30;379;(16,10);;<1, 2, 3, 4, 4>
30;386;(16,11);;<1, 2, 3, 4, 4>
30;387;(11,5);outputNeighborhood;<1, 2, 3, 4, 4>
30;387;(11,5);;<1, 2, 3, 4, 4>
30;391;(5,6);;<1, 2, 3, 4, 4>
30;393;(18,11);;<1, 2, 3, 4, 4>
30;400;(15,12);;<1, 2, 3, 4, 4>
31;84;(6,6);outputNeighborhood;<1, 2, 3, 4, 4>
31;84;(6,6);;<1, 2, 3, 4, 4>
31;91;(10,5);outputNeighborhood;<1, 2, 3, 4, 4>
31;91;(10,5);;<1, 2, 3, 4, 4>
31;92;(7,5);outputNeighborhood;<1, 2, 3, 4, 4>
31;92;(7,5);;<1, 2, 3, 4, 4>
31;99;(9,10);;<1, 2, 3, 4, 4>
31;102;(6,4);;<1, 2, 3, 4, 4>
31;106;(10,9);;<1, 2, 3, 4, 4>
31;108;(8,2);;<1, 2, 3, 4, 4>
31;111;(7,4);;<1, 2, 3, 4, 4>
31;117;(14,7);;<1, 2, 3, 4, 4>
31;123;(13,6);;<1, 2, 3, 4, 4>
31;129;(9,3);;<1, 2, 3, 4, 4>
31;130;(6,3);;<1, 2, 3, 4, 4>
31;131;(5,3);;<1, 2, 3, 4, 4>
31;132;(6,5);;<1, 2, 3, 4, 4>
31;139;(13,5);;<1, 2, 3, 4, 4>
31;140;(7,1);;<1, 2, 3, 4, 4>
31;156;(9,9);outputNeighborhood;<1, 2, 3, 4, 4>
31;156;(9,9);;<1, 2, 3, 4, 4>
31;158;(8,1);;<1, 2, 3, 4, 4>
31;159;(7,2);;<1, 2, 3, 4, 4>
31;164;(7,7);;<1, 2, 3, 4, 4>
31;165;(11,7);outputNeighborhood;<1, 2, 3, 0, 3>
31;165;(11,7);;<1, 2, 3, 4, 4>
31;166;(12,6);outputNeighborhood;<1, 2, 3, 4, 4>
31;166;(12,6);;<1, 2, 3, 4, 4>
31;167;(8,5);outputNeighborhood;<1, 2, 3, 0, 3>
31;167;(8,5);;<1, 2, 3, 4, 4>
31;169;(6,7);;<1, 2, 3, 4, 4>
31;188;(8,7);outputNeighborhood;<1, 2, 3, 4, 4>
31;188;(8,7);;<1, 2, 3, 4, 4>
31;196;(9,4);outputNeighborhood;<1, 2, 3, 4, 4>
31;196;(9,4);;<1, 2, 3, 4, 4>
31;203;(7,8);;<1, 2, 3, 4, 4>
31;210;(14,8);;<1, 2, 3, 4, 4>
31;211;(12,5);;<1, 2, 3, 4, 4>
31;212;(7,3);outputNeighborhood;<1, 2, 3, 4, 4>
31;212;(7,3);;<1, 2, 3, 4, 4>
31;227;(11,4);;<1, 2, 3, 4, 4>
31;228;(12,9);;<1, 2, 3, 4, 4>
31;230;(10,3);;<1, 2, 3, 4, 4>
31;237;(9,5);outputNeighborhood;<1, 2, 3, 0, 3>
31;237;(9,5);;<1, 2, 3, 4, 4>
31;244;(11,6);outputNeighborhood;<1, 2, 3, 4, 4>
31;244;(11,6);;<1, 2, 3, 4, 4>
31;257;(9,2);;<1, 2, 3, 4, 4>
31;262;(13,9);;<1, 2, 3, 4, 4>
31;270;(6,2);;<1, 2, 3, 4, 4>
31;279;(8,8);;<1, 2, 3, 4, 4>
31;286;(13,8);;<1, 2, 3, 4, 4>
31;292;(7,6);outputNeighborhood;<1, 2, 3, 4, 4>
31;292;(7,6);;<1, 2, 3, 4, 4>
31;293;(8,9);;<1, 2, 3, 4, 4>
31;295;(8,6);outputNeighborhood;<1, 2, 3, 0, 3>
31;295;(8,6);;<1, 2, 3, 4, 4>
31;297;(9,6);outputNeighborhood;<1, 2, 0, 0, 2>
31;297;(9,6);;<1, 2, 3, 0, 3>
31;300;(10,6);outputNeighborhood;<1, 2, 3, 0, 3>
31;300;(10,6);;<1, 2, 3, 4, 4>
31;301;(14,6);;<1, 2, 3, 4, 4>
31;311;(5,7);;<1, 2, 3, 4, 4>
31;312;(12,4);;<1, 2, 3, 4, 4>
31;313;(9,7);outputNeighborhood;<1, 2, 3, 0, 3>
31;313;(9,7);;<1, 2, 3, 4, 4>
31;314;(10,7);outputNeighborhood;<1, 2, 0, 0, 2>
31;314;(10,7);;<1, 2, 3, 0, 3>
31;315;(12,7);outputNeighborhood;<1, 2, 3, 4, 4>
31;315;(12,7);;<1, 2, 3, 4, 4>
31;316;(13,7);;<1, 2, 3, 4, 4>
31;322;(9,8);outputNeighborhood;<1, 2, 3, 4, 4>
31;322;(9,8);;<1, 2, 3, 4, 4>
31;323;(10,4);;<1, 2, 3, 4, 4>
31;328;(5,5);;<1, 2, 3, 4, 4>
31;329;(8,3);outputNeighborhood;<1, 2, 3, 4, 4>
31;329;(8,3);;<1, 2, 3, 4, 4>
31;330;(6,8);;<1, 2, 3, 4, 4>
31;333;(10,8);outputNeighborhood;<1, 2, 3, 0, 3>
31;333;(10,8);;<1, 2, 3, 0, 3>
31;336;(11,8);outputNeighborhood;<1, 2, 3, 0, 3>
31;336;(11,8);;<1, 2, 3, 0, 3>
31;337;(12,8);outputNeighborhood;<1, 2, 3, 4, 4>
31;337;(12,8);;<1, 2, 3, 4, 4>
31;340;(11,10);;<1, 2, 3, 4, 4>
31;342;(11,9);;<1, 2, 3, 4, 4>
31;354;(8,4);outputNeighborhood;<1, 2, 3, 4, 4>
31;354;(8,4);;<1, 2, 3, 4, 4>
31;355;(7,9);;<1, 2, 3, 4, 4>
31;370;(8,10);;<1, 2, 3, 4, 4>
31;371;(9,11);;<1, 2, 3, 4, 4>
31;372;(10,10);;<1, 2, 3, 4, 4>
31;373;(12,10);;<1, 2, 3, 4, 4>
31;387;(11,5);;<1, 2, 3, 4, 4>
31;388;(4,6);;<1, 2, 3, 4, 4>
31;391;(5,6);;<1, 2, 3, 4, 4>
32;84;(6,6);;<1, 2, 3, 4, 4>
32;91;(10,5);;<1, 2, 3, 4, 4>
32;92;(7,5);;<1, 2, 3, 4, 4>
32;106;(10,9);;<1, 2, 3, 4, 4>
32;111;(7,4);;<1, 2, 3, 4, 4>
32;129;(9,3);;<1, 2, 3, 4, 4>
32;132;(6,5);;<1, 2, 3, 4, 4>
32;156;(9,9);;<1, 2, 3, 4, 4>
32;164;(7,7);;<1, 2, 3, 4, 4>
32;165;(11,7);outputNeighborhood;<1, 2, 3, 4, 4>
32;165;(11,7);;<1, 2, 3, 4, 4>
32;166;(12,6);;<1, 2, 3, 4, 4>
32;167;(8,5);outputNeighborhood;<1, 2, 3, 4, 4>
32;167;(8,5);;<1, 2, 3, 4, 4>
32;188;(8,7);;<1, 2, 3, 4, 4>
32;196;(9,4);;<1, 2, 3, 4, 4>
32;237;(9,5);outputNeighborhood;<1, 2, 3, 4, 4>
32;237;(9,5);;<1, 2, 3, 4, 4>
32;244;(11,6);;<1, 2, 3, 4, 4>
32;279;(8,8);;<1, 2, 3, 4, 4>
32;292;(7,6);;<1, 2, 3, 4, 4>
32;295;(8,6);outputNeighborhood;<1, 2, 3, 4, 4>
32;295;(8,6);;<1, 2, 3, 4, 4>
32;297;(9,6);outputNeighborhood;<1, 2, 3, 0, 3>
32;297;(9,6);;<1, 2, 3, 4, 4>
32;300;(10,6);outputNeighborhood;<1, 2, 3, 4, 4>
32;300;(10,6);;<1, 2, 3, 4, 4>
32;313;(9,7);outputNeighborhood;<1, 2, 3, 4, 4>
32;313;(9,7);;<1, 2, 3, 4, 4>
32;314;(10,7);outputNeighborhood;<1, 2, 3, 0, 3>
32;314;(10,7);;<1, 2, 3, 0, 3>
32;315;(12,7);;<1, 2, 3, 4, 4>
32;316;(13,7);;<1, 2, 3, 4, 4>
32;322;(9,8);;<1, 2, 3, 4, 4>
32;323;(10,4);;<1, 2, 3, 4, 4>
32;329;(8,3);;<1, 2, 3, 4, 4>
32;333;(10,8);;<1, 2, 3, 4, 4>
32;336;(11,8);;<1, 2, 3, 0, 3>
32;337;(12,8);;<1, 2, 3, 4, 4>
32;342;(11,9);;<1, 2, 3, 4, 4>
32;354;(8,4);;<1, 2, 3, 4, 4>
32;387;(11,5);;<1, 2, 3, 4, 4>
33;91;(10,5);;<1, 2, 3, 4, 4>
33;106;(10,9);;<1, 2, 3, 4, 4>
33;156;(9,9);;<1, 2, 3, 4, 4>
33;165;(11,7);;<1, 2, 3, 4, 4>
33;167;(8,5);;<1, 2, 3, 4, 4>
33;188;(8,7);;<1, 2, 3, 4, 4>
33;196;(9,4);;<1, 2, 3, 4, 4>
33;237;(9,5);;<1, 2, 3, 4, 4>
33;244;(11,6);;<1, 2, 3, 4, 4>
33;279;(8,8);;<1, 2, 3, 4, 4>
33;292;(7,6);;<1, 2, 3, 4, 4>
33;295;(8,6);;<1, 2, 3, 4, 4>
33;297;(9,6);outputNeighborhood;<1, 2, 3, 4, 4>
33;297;(9,6);;<1, 2, 3, 4, 4>
33;300;(10,6);;<1, 2, 3, 4, 4>
33;313;(9,7);;<1, 2, 3, 4, 4>
33;314;(10,7);;<1, 2, 3, 4, 4>
33;322;(9,8);;<1, 2, 3, 4, 4>
33;333;(10,8);outputNeighborhood;<1, 2, 3, 4, 4>
33;333;(10,8);;<1, 2, 3, 4, 4>
33;336;(11,8);;<1, 2, 3, 0, 3>
33;337;(12,8);;<1, 2, 3, 4, 4>
33;342;(11,9);;<1, 2, 3, 4, 4>
33;372;(10,10);;<1, 2, 3, 4, 4>
34;91;(10,5);;<1, 2, 3, 4, 4>
34;106;(10,9);;<1, 2, 3, 4, 4>
34;165;(11,7);;<1, 2, 3, 4, 4>
34;188;(8,7);;<1, 2, 3, 4, 4>
34;244;(11,6);;<1, 2, 3, 4, 4>
34;297;(9,6);;<1, 2, 3, 4, 4>
34;300;(10,6);;<1, 2, 3, 4, 4>
34;313;(9,7);;<1, 2, 3, 4, 4>
34;314;(10,7);outputNeighborhood;<1, 2, 3, 4, 4>
34;314;(10,7);;<1, 2, 3, 4, 4>
34;315;(12,7);;<1, 2, 3, 4, 4>
34;322;(9,8);;<1, 2, 3, 4, 4>
34;333;(10,8);;<1, 2, 3, 4, 4>
34;336;(11,8);;<1, 2, 3, 0, 3>
34;1;(19,19);;<1, 2, 3, 4, 4>
34;2;(18,19);;<1, 2, 3, 4, 4>
34;3;(17,19);;<1, 2, 3, 4, 4>
34;4;(15,19);;<1, 2, 3, 4, 4>
34;5;(14,19);;<1, 2, 3, 4, 4>
34;6;(6,19);;<1, 2, 3, 4, 4>
34;7;(5,19);;<1, 2, 3, 4, 4>
34;8;(2,19);;<1, 2, 3, 4, 4>
34;9;(0,19);;<1, 2, 3, 4, 4>
34;10;(19,18);;<1, 2, 3, 4, 4>
34;11;(14,18);;<1, 2, 3, 4, 4>
34;12;(12,18);;<1, 2, 3, 4, 4>
34;13;(11,18);;<1, 2, 3, 4, 4>
34;14;(8,18);;<1, 2, 3, 4, 4>
34;15;(6,18);;<1, 2, 3, 4, 4>
34;16;(4,18);;<1, 2, 3, 4, 4>
34;17;(3,18);;<1, 2, 3, 4, 4>
34;18;(2,18);;<1, 2, 3, 4, 4>
34;19;(18,17);;<1, 2, 3, 4, 4>
34;20;(17,17);;<1, 2, 3, 4, 4>
34;21;(15,17);;<1, 2, 3, 4, 4>
34;22;(14,17);;<1, 2, 3, 4, 4>
34;23;(11,17);;<1, 2, 3, 4, 4>
34;24;(10,17);;<1, 2, 3, 4, 4>
34;25;(7,17);;<1, 2, 3, 4, 4>
34;26;(5,17);;<1, 2, 3, 4, 4>
34;27;(3,17);;<1, 2, 3, 4, 4>
34;28;(2,17);;<1, 2, 3, 4, 4>
34;29;(0,17);;<1, 2, 3, 4, 4>
34;30;(19,16);;<1, 2, 3, 4, 4>
34;31;(18,16);;<1, 2, 3, 4, 4>
34;32;(17,16);;<1, 2, 3, 4, 4>
34;33;(12,16);;<1, 2, 3, 4, 4>
34;34;(7,18);;<1, 2, 3, 4, 4>
34;35;(9,16);;<1, 2, 3, 4, 4>
34;36;(7,16);;<1, 2, 3, 4, 4>
34;37;(5,16);;<1, 2, 3, 4, 4>
34;38;(4,16);;<1, 2, 3, 4, 4>
34;39;(1,16);;<1, 2, 3, 4, 4>
34;40;(0,16);;<1, 2, 3, 4, 4>
34;41;(19,15);;<1, 2, 3, 4, 4>
34;42;(16,15);;<1, 2, 3, 4, 4>
34;43;(14,15);;<1, 2, 3, 4, 4>
34;44;(13,15);;<1, 2, 3, 4, 4>
34;45;(9,15);;<1, 2, 3, 4, 4>
34;46;(6,15);;<1, 2, 3, 4, 4>
34;47;(5,15);;<1, 2, 3, 4, 4>
34;48;(4,15);;<1, 2, 3, 4, 4>
34;49;(2,15);;<1, 2, 3, 4, 4>
34;50;(1,15);;<1, 2, 3, 4, 4>
34;51;(7,15);;<1, 2, 3, 4, 4>
34;52;(14,14);;<1, 2, 3, 4, 4>
34;53;(12,14);;<1, 2, 3, 4, 4>
34;54;(11,14);;<1, 2, 3, 4, 4>
34;55;(10,14);;<1, 2, 3, 4, 4>
34;56;(9,14);;<1, 2, 3, 4, 4>
34;57;(6,14);;<1, 2, 3, 4, 4>
34;58;(5,14);;<1, 2, 3, 4, 4>
34;59;(4,14);;<1, 2, 3, 4, 4>
34;60;(3,14);;<1, 2, 3, 4, 4>
34;61;(8,15);;<1, 2, 3, 4, 4>
34;62;(2,14);;<1, 2, 3, 4, 4>
34;63;(8,17);;<1, 2, 3, 4, 4>
34;64;(18,13);;<1, 2, 3, 4, 4>
34;65;(16,13);;<1, 2, 3, 4, 4>
34;66;(15,13);;<1, 2, 3, 4, 4>
34;67;(14,13);;<1, 2, 3, 4, 4>
34;68;(13,13);;<1, 2, 3, 4, 4>
34;69;(12,13);;<1, 2, 3, 4, 4>
34;70;(11,13);;<1, 2, 3, 4, 4>
34;71;(9,13);;<1, 2, 3, 4, 4>
34;72;(8,13);;<1, 2, 3, 4, 4>
34;73;(7,13);;<1, 2, 3, 4, 4>
34;74;(5,13);;<1, 2, 3, 4, 4>
34;75;(0,15);;<1, 2, 3, 4, 4>
34;76;(4,13);;<1, 2, 3, 4, 4>
34;77;(3,13);;<1, 2, 3, 4, 4>
34;78;(2,13);;<1, 2, 3, 4, 4>
34;79;(1,13);;<1, 2, 3, 4, 4>
34;80;(19,12);;<1, 2, 3, 4, 4>
34;81;(18,12);;<1, 2, 3, 4, 4>
34;82;(17,12);;<1, 2, 3, 4, 4>
34;83;(10,19);;<1, 2, 3, 4, 4>
34;84;(6,6);;<1, 2, 3, 4, 4>
34;85;(12,0);;<1, 2, 3, 4, 4>
34;86;(18,5);;<1, 2, 3, 4, 4>
34;87;(17,5);;<1, 2, 3, 4, 4>
34;88;(19,13);;<1, 2, 3, 4, 4>
34;89;(15,5);;<1, 2, 3, 4, 4>
34;90;(13,12);;<1, 2, 3, 4, 4>
34;91;(10,5);;<1, 2, 3, 4, 4>
34;92;(7,5);;<1, 2, 3, 4, 4>
34;93;(8,16);;<1, 2, 3, 4, 4>
34;94;(5,4);;<1, 2, 3, 4, 4>
34;95;(4,12);;<1, 2, 3, 4, 4>
34;96;(18,14);;<1, 2, 3, 4, 4>
34;97;(1,12);;<1, 2, 3, 4, 4>
34;98;(18,3);;<1, 2, 3, 4, 4>
34;99;(9,10);;<1, 2, 3, 4, 4>
34;100;(2,8);;<1, 2, 3, 4, 4>
34;101;(19,4);;<1, 2, 3, 4, 4>
34;102;(6,4);;<1, 2, 3, 4, 4>
34;103;(18,4);;<1, 2, 3, 4, 4>
34;104;(9,18);;<1, 2, 3, 4, 4>
34;105;(1,18);;<1, 2, 3, 4, 4>
34;106;(10,9);;<1, 2, 3, 4, 4>
34;107;(16,4);;<1, 2, 3, 4, 4>
34;108;(8,2);;<1, 2, 3, 4, 4>
34;109;(16,19);;<1, 2, 3, 4, 4>
34;110;(13,2);;<1, 2, 3, 4, 4>
34;111;(7,4);;<1, 2, 3, 4, 4>
34;112;(6,0);;<1, 2, 3, 4, 4>
34;113;(18,2);;<1, 2, 3, 4, 4>
34;114;(4,4);;<1, 2, 3, 4, 4>
34;115;(0,5);;<1, 2, 3, 4, 4>
34;116;(11,19);;<1, 2, 3, 4, 4>
34;117;(14,7);;<1, 2, 3, 4, 4>
34;118;(3,4);;<1, 2, 3, 4, 4>
34;119;(1,4);;<1, 2, 3, 4, 4>
34;120;(3,12);;<1, 2, 3, 4, 4>
34;121;(16,17);;<1, 2, 3, 4, 4>
34;122;(19,3);;<1, 2, 3, 4, 4>
34;123;(13,6);;<1, 2, 3, 4, 4>
34;124;(1,1);;<1, 2, 3, 4, 4>
34;125;(4,19);;<1, 2, 3, 4, 4>
34;126;(13,3);;<1, 2, 3, 4, 4>
34;127;(17,10);;<1, 2, 3, 4, 4>
34;128;(15,3);;<1, 2, 3, 4, 4>
34;129;(9,3);;<1, 2, 3, 4, 4>
34;130;(6,3);;<1, 2, 3, 4, 4>
34;131;(5,3);;<1, 2, 3, 4, 4>
34;132;(6,5);;<1, 2, 3, 4, 4>
34;133;(16,9);;<1, 2, 3, 4, 4>
34;134;(17,3);;<1, 2, 3, 4, 4>
34;135;(0,10);;<1, 2, 3, 4, 4>
34;136;(16,14);;<1, 2, 3, 4, 4>
34;137;(2,3);;<1, 2, 3, 4, 4>
34;138;(4,5);;<1, 2, 3, 4, 4>
34;139;(13,5);;<1, 2, 3, 4, 4>
34;140;(7,1);;<1, 2, 3, 4, 4>
34;141;(11,3);;<1, 2, 3, 4, 4>
34;142;(1,3);;<1, 2, 3, 4, 4>
34;143;(6,13);;<1, 2, 3, 4, 4>
34;144;(0,3);;<1, 2, 3, 4, 4>
34;145;(0,1);;<1, 2, 3, 4, 4>
34;146;(3,7);;<1, 2, 3, 4, 4>
34;147;(3,3);;<1, 2, 3, 4, 4>
34;148;(0,11);;<1, 2, 3, 4, 4>
34;149;(2,5);;<1, 2, 3, 4, 4>
34;150;(18,9);;<1, 2, 3, 4, 4>
34;151;(19,17);;<1, 2, 3, 4, 4>
34;152;(2,2);;<1, 2, 3, 4, 4>
34;153;(3,8);;<1, 2, 3, 4, 4>
34;154;(15,16);;<1, 2, 3, 4, 4>
34;155;(6,1);;<1, 2, 3, 4, 4>
34;156;(9,9);;<1, 2, 3, 4, 4>
34;157;(12,17);;<1, 2, 3, 4, 4>
34;158;(8,1);;<1, 2, 3, 4, 4>
34;159;(7,2);;<1, 2, 3, 4, 4>
34;160;(11,16);;<1, 2, 3, 4, 4>
34;161;(4,3);;<1, 2, 3, 4, 4>
34;162;(5,1);;<1, 2, 3, 4, 4>
34;163;(15,18);;<1, 2, 3, 4, 4>
34;164;(7,7);;<1, 2, 3, 4, 4>
34;165;(11,7);;<1, 2, 3, 4, 4>
34;166;(12,6);;<1, 2, 3, 4, 4>
34;167;(8,5);;<1, 2, 3, 4, 4>
34;168;(14,16);;<1, 2, 3, 4, 4>
34;169;(6,7);;<1, 2, 3, 4, 4>
34;170;(9,0);;<1, 2, 3, 4, 4>
34;171;(14,3);;<1, 2, 3, 4, 4>
34;172;(17,6);;<1, 2, 3, 4, 4>
34;173;(17,4);;<1, 2, 3, 4, 4>
34;174;(1,17);;<1, 2, 3, 4, 4>
34;175;(2,4);;<1, 2, 3, 4, 4>
34;176;(13,4);;<1, 2, 3, 4, 4>
34;177;(1,6);;<1, 2, 3, 4, 4>
34;178;(16,2);;<1, 2, 3, 4, 4>
34;179;(18,8);;<1, 2, 3, 4, 4>
34;180;(15,4);;<1, 2, 3, 4, 4>
34;181;(1,19);;<1, 2, 3, 4, 4>
34;182;(15,15);;<1, 2, 3, 4, 4>
34;183;(4,1);;<1, 2, 3, 4, 4>
34;184;(10,18);;<1, 2, 3, 4, 4>
34;185;(4,2);;<1, 2, 3, 4, 4>
34;186;(2,1);;<1, 2, 3, 4, 4>
34;187;(1,0);;<1, 2, 3, 4, 4>
34;188;(8,7);;<1, 2, 3, 4, 4>
34;189;(17,0);;<1, 2, 3, 4, 4>
34;190;(16,5);;<1, 2, 3, 4, 4>
34;191;(18,7);;<1, 2, 3, 4, 4>
34;192;(15,0);;<1, 2, 3, 4, 4>
34;193;(16,16);;<1, 2, 3, 4, 4>
34;194;(2,11);;<1, 2, 3, 4, 4>
34;195;(10,13);;<1, 2, 3, 4, 4>
34;196;(9,4);;<1, 2, 3, 4, 4>
34;197;(1,11);;<1, 2, 3, 4, 4>
34;198;(7,11);;<1, 2, 3, 4, 4>
34;199;(3,1);;<1, 2, 3, 4, 4>
34;200;(3,15);;<1, 2, 3, 4, 4>
34;201;(5,2);;<1, 2, 3, 4, 4>
34;202;(17,11);;<1, 2, 3, 4, 4>
34;203;(7,8);;<1, 2, 3, 4, 4>
34;204;(7,0);;<1, 2, 3, 4, 4>
34;205;(19,7);;<1, 2, 3, 4, 4>
34;206;(2,16);;<1, 2, 3, 4, 4>
34;207;(12,3);;<1, 2, 3, 4, 4>
34;208;(9,19);;<1, 2, 3, 4, 4>
34;209;(8,19);;<1, 2, 3, 4, 4>
34;210;(14,8);;<1, 2, 3, 4, 4>
34;211;(12,5);;<1, 2, 3, 4, 4>
34;212;(7,3);;<1, 2, 3, 4, 4>
34;213;(11,15);;<1, 2, 3, 4, 4>
34;214;(13,14);;<1, 2, 3, 4, 4>
34;215;(5,12);;<1, 2, 3, 4, 4>
34;216;(5,0);;<1, 2, 3, 4, 4>
34;217;(1,9);;<1, 2, 3, 4, 4>
34;218;(13,19);;<1, 2, 3, 4, 4>
34;219;(3,16);;<1, 2, 3, 4, 4>
34;220;(0,13);;<1, 2, 3, 4, 4>
34;221;(19,2);;<1, 2, 3, 4, 4>
34;222;(10,0);;<1, 2, 3, 4, 4>
34;223;(18,0);;<1, 2, 3, 4, 4>
34;224;(3,11);;<1, 2, 3, 4, 4>
34;225;(8,0);;<1, 2, 3, 4, 4>
34;226;(14,9);;<1, 2, 3, 4, 4>
34;227;(11,4);;<1, 2, 3, 4, 4>
34;228;(12,9);;<1, 2, 3, 4, 4>
34;229;(9,17);;<1, 2, 3, 4, 4>
34;230;(10,3);;<1, 2, 3, 4, 4>
34;231;(19,1);;<1, 2, 3, 4, 4>
34;232;(18,15);;<1, 2, 3, 4, 4>
34;233;(12,11);;<1, 2, 3, 4, 4>
34;234;(17,13);;<1, 2, 3, 4, 4>
34;235;(14,12);;<1, 2, 3, 4, 4>
34;236;(4,0);;<1, 2, 3, 4, 4>
34;237;(9,5);;<1, 2, 3, 4, 4>
34;238;(3,6);;<1, 2, 3, 4, 4>
34;239;(12,2);;<1, 2, 3, 4, 4>
34;240;(13,0);;<1, 2, 3, 4, 4>
34;241;(11,1);;<1, 2, 3, 4, 4>
34;242;(10,1);;<1, 2, 3, 4, 4>
34;243;(15,6);;<1, 2, 3, 4, 4>
34;244;(11,6);;<1, 2, 3, 4, 4>
34;245;(2,6);;<1, 2, 3, 4, 4>
34;246;(11,11);;<1, 2, 3, 4, 4>
34;247;(15,11);;<1, 2, 3, 4, 4>
34;248;(16,0);;<1, 2, 3, 4, 4>
34;249;(14,0);;<1, 2, 3, 4, 4>
34;250;(12,1);;<1, 2, 3, 4, 4>
34;251;(6,16);;<1, 2, 3, 4, 4>
34;252;(17,1);;<1, 2, 3, 4, 4>
34;253;(16,1);;<1, 2, 3, 4, 4>
34;254;(15,1);;<1, 2, 3, 4, 4>
34;255;(18,1);;<1, 2, 3, 4, 4>
34;256;(2,7);;<1, 2, 3, 4, 4>
34;257;(9,2);;<1, 2, 3, 4, 4>
34;258;(11,0);;<1, 2, 3, 4, 4>
34;259;(0,0);;<1, 2, 3, 4, 4>
34;260;(1,2);;<1, 2, 3, 4, 4>
34;261;(0,14);;<1, 2, 3, 4, 4>
34;262;(13,9);;<1, 2, 3, 4, 4>
34;263;(14,10);;<1, 2, 3, 4, 4>
34;264;(3,0);;<1, 2, 3, 4, 4>
34;265;(3,5);;<1, 2, 3, 4, 4>
34;266;(0,2);;<1, 2, 3, 4, 4>
34;267;(3,2);;<1, 2, 3, 4, 4>
34;268;(4,17);;<1, 2, 3, 4, 4>
34;269;(12,15);;<1, 2, 3, 4, 4>
34;270;(6,2);;<1, 2, 3, 4, 4>
34;271;(10,16);;<1, 2, 3, 4, 4>
34;272;(14,5);;<1, 2, 3, 4, 4>
34;273;(2,0);;<1, 2, 3, 4, 4>
34;274;(19,5);;<1, 2, 3, 4, 4>
34;275;(14,1);;<1, 2, 3, 4, 4>
34;276;(13,18);;<1, 2, 3, 4, 4>
34;277;(7,14);;<1, 2, 3, 4, 4>
34;278;(16,7);;<1, 2, 3, 4, 4>
34;279;(8,8);;<1, 2, 3, 4, 4>
34;280;(10,2);;<1, 2, 3, 4, 4>
34;281;(11,2);;<1, 2, 3, 4, 4>
34;282;(6,17);;<1, 2, 3, 4, 4>
34;283;(19,14);;<1, 2, 3, 4, 4>
34;284;(14,4);;<1, 2, 3, 4, 4>
34;285;(14,2);;<1, 2, 3, 4, 4>
34;286;(13,8);;<1, 2, 3, 4, 4>
34;287;(0,18);;<1, 2, 3, 4, 4>
34;288;(9,1);;<1, 2, 3, 4, 4>
34;289;(0,12);;<1, 2, 3, 4, 4>
34;290;(19,10);;<1, 2, 3, 4, 4>
34;291;(7,19);;<1, 2, 3, 4, 4>
34;292;(7,6);;<1, 2, 3, 4, 4>
34;293;(8,9);;<1, 2, 3, 4, 4>
34;294;(10,11);;<1, 2, 3, 4, 4>
34;295;(8,6);;<1, 2, 3, 4, 4>
34;296;(10,15);;<1, 2, 3, 4, 4>
34;297;(9,6);;<1, 2, 3, 4, 4>
34;298;(17,18);;<1, 2, 3, 4, 4>
34;299;(19,0);;<1, 2, 3, 4, 4>
34;300;(10,6);;<1, 2, 3, 4, 4>
34;301;(14,6);;<1, 2, 3, 4, 4>
34;302;(8,12);;<1, 2, 3, 4, 4>
34;303;(16,6);;<1, 2, 3, 4, 4>
34;304;(18,6);;<1, 2, 3, 4, 4>
34;305;(17,2);;<1, 2, 3, 4, 4>
34;306;(0,7);;<1, 2, 3, 4, 4>
34;307;(15,8);;<1, 2, 3, 4, 4>
34;308;(1,7);;<1, 2, 3, 4, 4>
34;309;(4,7);;<1, 2, 3, 4, 4>
34;310;(8,14);;<1, 2, 3, 4, 4>
34;311;(5,7);;<1, 2, 3, 4, 4>
34;312;(12,4);;<1, 2, 3, 4, 4>
34;313;(9,7);;<1, 2, 3, 4, 4>
34;314;(10,7);;<1, 2, 3, 4, 4>
34;315;(12,7);;<1, 2, 3, 4, 4>
34;316;(13,7);;<1, 2, 3, 4, 4>
34;317;(13,16);;<1, 2, 3, 4, 4>
34;318;(15,7);;<1, 2, 3, 4, 4>
34;319;(17,14);;<1, 2, 3, 4, 4>
34;320;(17,7);;<1, 2, 3, 4, 4>
34;321;(1,8);;<1, 2, 3, 4, 4>
34;322;(9,8);;<1, 2, 3, 4, 4>
34;323;(10,4);;<1, 2, 3, 4, 4>
34;324;(0,8);;<1, 2, 3, 4, 4>
34;325;(3,19);;<1, 2, 3, 4, 4>
34;326;(4,8);;<1, 2, 3, 4, 4>
34;327;(5,8);;<1, 2, 3, 4, 4>
34;328;(5,5);;<1, 2, 3, 4, 4>
34;329;(8,3);;<1, 2, 3, 4, 4>
34;330;(6,8);;<1, 2, 3, 4, 4>
34;331;(0,6);;<1, 2, 3, 4, 4>
34;332;(19,6);;<1, 2, 3, 4, 4>
34;333;(10,8);;<1, 2, 3, 4, 4>
34;334;(16,18);;<1, 2, 3, 4, 4>
34;335;(6,9);;<1, 2, 3, 4, 4>
34;336;(11,8);;<1, 2, 3, 0, 3>
34;337;(12,8);;<1, 2, 3, 4, 4>
34;338;(17,15);;<1, 2, 3, 4, 4>
34;339;(17,8);;<1, 2, 3, 4, 4>
34;340;(11,10);;<1, 2, 3, 4, 4>
34;341;(16,3);;<1, 2, 3, 4, 4>
34;342;(11,9);;<1, 2, 3, 4, 4>
34;343;(19,8);;<1, 2, 3, 4, 4>
34;344;(6,12);;<1, 2, 3, 4, 4>
34;345;(15,2);;<1, 2, 3, 4, 4>
34;346;(4,11);;<1, 2, 3, 4, 4>
34;347;(0,9);;<1, 2, 3, 4, 4>
34;348;(8,11);;<1, 2, 3, 4, 4>
34;349;(2,9);;<1, 2, 3, 4, 4>
34;350;(3,9);;<1, 2, 3, 4, 4>
34;351;(4,9);;<1, 2, 3, 4, 4>
34;352;(5,9);;<1, 2, 3, 4, 4>
34;353;(4,10);;<1, 2, 3, 4, 4>
34;354;(8,4);;<1, 2, 3, 4, 4>
34;355;(7,9);;<1, 2, 3, 4, 4>
34;356;(5,18);;<1, 2, 3, 4, 4>
34;357;(15,9);;<1, 2, 3, 4, 4>
34;358;(17,9);;<1, 2, 3, 4, 4>
34;359;(19,9);;<1, 2, 3, 4, 4>
34;360;(1,10);;<1, 2, 3, 4, 4>
34;361;(13,17);;<1, 2, 3, 4, 4>
34;362;(1,14);;<1, 2, 3, 4, 4>
34;363;(2,10);;<1, 2, 3, 4, 4>
34;364;(3,10);;<1, 2, 3, 4, 4>
34;365;(5,10);;<1, 2, 3, 4, 4>
34;366;(6,10);;<1, 2, 3, 4, 4>
34;367;(19,11);;<1, 2, 3, 4, 4>
34;368;(15,14);;<1, 2, 3, 4, 4>
34;369;(7,10);;<1, 2, 3, 4, 4>
34;370;(8,10);;<1, 2, 3, 4, 4>
34;371;(9,11);;<1, 2, 3, 4, 4>
34;372;(10,10);;<1, 2, 3, 4, 4>
34;373;(12,10);;<1, 2, 3, 4, 4>
34;374;(16,12);;<1, 2, 3, 4, 4>
34;375;(13,10);;<1, 2, 3, 4, 4>
34;376;(7,12);;<1, 2, 3, 4, 4>
34;377;(18,18);;<1, 2, 3, 4, 4>
34;378;(15,10);;<1, 2, 3, 4, 4>
34;379;(16,10);;<1, 2, 3, 4, 4>
34;380;(0,4);;<1, 2, 3, 4, 4>
34;381;(2,12);;<1, 2, 3, 4, 4>
34;382;(12,19);;<1, 2, 3, 4, 4>
34;383;(18,10);;<1, 2, 3, 4, 4>
34;384;(9,12);;<1, 2, 3, 4, 4>
34;385;(5,11);;<1, 2, 3, 4, 4>
34;386;(16,11);;<1, 2, 3, 4, 4>
34;387;(11,5);;<1, 2, 3, 4, 4>
34;388;(4,6);;<1, 2, 3, 4, 4>
34;389;(6,11);;<1, 2, 3, 4, 4>
34;390;(1,5);;<1, 2, 3, 4, 4>
34;391;(5,6);;<1, 2, 3, 4, 4>
34;392;(14,11);;<1, 2, 3, 4, 4>
34;393;(18,11);;<1, 2, 3, 4, 4>
34;394;(13,1);;<1, 2, 3, 4, 4>
34;395;(16,8);;<1, 2, 3, 4, 4>
34;396;(10,12);;<1, 2, 3, 4, 4>
34;397;(13,11);;<1, 2, 3, 4, 4>
34;398;(11,12);;<1, 2, 3, 4, 4>
34;399;(12,12);;<1, 2, 3, 4, 4>
34;400;(15,12);;<1, 2, 3, 4, 4>
